Player,Tm,Salary,Cap Hit
Mitch Marner,TOR,16000000,10893000
John Tavares,TOR,15900000,11000000
Auston Matthews,TOR,15900000,11634000
Connor McDavid,EDM,15000000,12500000
Carey Price,MTL,15000000,10500000
Artemi Panarin,NYR,14000000,11642857
Tyler Seguin,DAL,13500000,9850000
Jamie Benn,DAL,13000000,9500000
Jacob Trouba,NYR,12000000,8000000
Drew Doughty,LAK,12000000,11000000
Nikita Kucherov,TBL,12000000,9500000
Mikko Rantanen,COL,12000000,9250000
Mark Stone,VEG,12000000,9500000
Sebastian Aho,CAR,12000000,8454000
John Carlson,WSH,12000000,8000000
Sergei Bobrovsky,FLA,11500000,10000000
Anze Kopitar,LAK,11000000,10000000
Max Pacioretty,VEG,10500000,7000000
Jeff Skinner,BUF,10000000,9000000
P.K. Subban,NJD,10000000,9000000
Jack Eichel,BUF,10000000,10000000
Blake Wheeler,WPG,10000000,8250000
Matt Duchene,NSH,10000000,8000000
Brent Burns,SJS,10000000,8000000
Logan Couture,SJS,10000000,8000000
Alex Ovechkin,WSH,10000000,9538462
Jonathan Toews,CHI,9800000,10500000
Patrick Kane,CHI,9800000,10500000
Steven Stamkos,TBL,9500000,8500000
Vladimir Tarasenko,STL,9500000,7500000
Evgeni Malkin,PIT,9500000,9500000
Jakub Voracek,PHI,9250000,8250000
Leon Draisaitl,EDM,9000000,8500000
Kevin Hayes,PHI,9000000,7142857
Sidney Crosby,PIT,9000000,8700000
Anders Lee,NYI,9000000,7000000
Aaron Ekblad,FLA,9000000,7500000
Ryan Suter,MIN,9000000,7538461
Zach Parise,MIN,9000000,7538461
William Nylander,TOR,9000000,6962366
Nate Schmidt,VEG,8800000,5950000
Marc-Andre Fleury,VEG,8500000,7000000
Ryan McDonagh,TBL,8400000,6750000
Evgeny Kuznetsov,WSH,8400000,7800000
Ryan Getzlaf,ANA,8275000,8250000
Joe Pavelski,DAL,8000000,7000000
James van Riemsdyk,PHI,8000000,7000000
Brock Nelson,NYI,8000000,6000000
Oliver Ekman-Larsson,ARI,8000000,8250000
Victor Hedman,TBL,8000000,7875000
Nicklas Backstrom,WSH,8000000,6700000
Evander Kane,SJS,8000000,7000000
Claude Giroux,PHI,8000000,8275000
Ryan Johansen,NSH,8000000,8000000
Ryan Ellis,NSH,7700000,6250000
Bobby Ryan,OTT,7500000,7250000
Alex Pietrangelo,STL,7500000,6500000
Kyle Connor,WPG,7500000,7142857
Brad Marchand,BOS,7500000,6125000
Cam Fowler,ANA,7500000,6500000
"Dumba, Matt",MIN,7400000,6000000
Cam Atkinson,CBJ,7375000,5875000
Kris Letang,PIT,7250000,7250000
Jordan Eberle,NYI,7250000,5500000
Marc-Edouard Vlasic,SJS,7250000,7000000
Tyler Myers,VAN,7000000,6000000
Henrik Lundqvist,NYR,7000000,8500000
Jonathan Quick,LAK,7000000,5800000
Alexander Edler,VAN,7000000,6000000
David Krejci,BOS,7000000,7250000
Jake Guentzel,PIT,7000000,6000000
Esa Lindell,DAL,7000000,5800000
Dylan Larkin,DET,7000000,6100000
Aleksander Barkov,FLA,6900000,5900000
David Pastrnak,BOS,6800000,6666666
Mark Scheifele,WPG,6750000,6125000
Brandon Saad,CHI,6750000,6000000
Sean Monahan,CGY,6750000,6375000
Nathan MacKinnon,COL,6750000,6300000
Johnny Gaudreau,CGY,6750000,6750000
Ivan Provorov,PHI,6750000,6750000
Mark Giordano,CGY,6750000,6750000
Martin Jones,SJS,6750000,5750000
Alexander Radulov,DAL,6600000,6250000
Nikolaj Ehlers,WPG,6500000,6000000
Mikael Granlund,NSH,6500000,5750000
Paul Stastny,VEG,6500000,6500000
T.J. Oshie,WSH,6500000,5750000
Tuukka Rask,BOS,6500000,7000000
Dmitry Orlov,WSH,6500000,5100000
John Gibson,ANA,6400000,6400000
Yanni Gourde,TBL,6300000,5166666
Jason Zucker,PIT,6250000,5500000
Teuvo Teravainen,CAR,6250000,5400000
Jonathan Huberdeau,FLA,6200000,5900000
J.T. Miller,VAN,6000000,5250000
Kyle Okposo,BUF,6000000,6000000
Niklas Hjalmarsson,ARI,6000000,5000000
Ryan Nugent-Hopkins,EDM,6000000,6000000
Shea Weber,MTL,6000000,7857143
Nick Leddy,NYI,6000000,5500000
Gustav Nyquist,CBJ,6000000,5500000
Cory Schneider,NJD,6000000,6000000
Ryan O'Reilly,STL,6000000,7500000
Gabriel Landeskog,COL,6000000,5571429
Patrik Laine,WPG,6000000,6750000
Kyle Turris,NSH,6000000,6000000
Erik Johnson,COL,6000000,6000000
Filip Forsberg,NSH,6000000,6000000
Jordan Staal,CAR,6000000,6000000
Pekka Rinne,NSH,6000000,5000000
Connor Hellebuyck,WPG,6000000,6166666
Johnny Boychuk,NYI,6000000,6000000
Josh Bailey,NYI,6000000,5000000
Justin Schultz,PIT,6000000,5500000
Semyon Varlamov,NYI,6000000,5000000
Dougie Hamilton,CAR,6000000,5750000
Jonathan Marchessault,VEG,6000000,5000000
Phil Kessel,ARI,5950000,6800000
William Karlsson,VEG,5900000,5900000
Mikael Backlund,CGY,5850000,5350000
Nino Niederreiter,CAR,5850000,5250000
Elias Lindholm,CGY,5850000,4850000
Adam Henrique,ANA,5825000,5825000
Alex Goligoski,ARI,5800000,5475000
Bo Horvat,VAN,5775000,5500000
Travis Zajac,NJD,5750000,5750000
Jaden Schwartz,STL,5750000,5350000
Matt Niskanen,PHI,5750000,5750000
Keith Yandle,FLA,5750000,6350000
James Neal,EDM,5750000,5750000
Mike Hoffman,FLA,5650000,5187500
Colton Parayko,STL,5525000,5500000
Jonathan Drouin,MTL,5500000,5500000
Nick Foligno,CBJ,5500000,5500000
Dustin Brown,LAK,5500000,5875000
Ben Bishop,DAL,5500000,4916666
"Steen, Alexander",STL,5500000,5750000
Anton Stralman,FLA,5500000,5500000
Jared Spurgeon,MIN,5500000,5187500
Tyler Johnson,TBL,5500000,5000000
Jaccob Slavin,CAR,5500000,5300000
Frans Nielsen,DET,5500000,5250000
Rasmus Ristolainen,BUF,5400000,5400000
Seth Jones,CBJ,5400000,5400000
Brady Skjei,CAR,5400000,5250000
Mika Zibanejad,NYR,5350000,5350000
Alexander Wennberg,CBJ,5350000,4900000
Ondrej Palat,TBL,5300000,5300000
Patric Hornqvist,PIT,5300000,5300000
Milan Lucic,CGY,5250000,5250000
Vincent Trocheck,CAR,5250000,4750000
Brayden Point,TBL,5250000,6750000
Shayne Gostisbehere,PHI,5250000,4500000
Jakob Silfverberg,ANA,5250000,5250000
"Tanev, Christopher",VAN,5250000,4450000
Tyler Bozak,STL,5250000,5000000
Hampus Lindholm,ANA,5250000,5205556
Jake Allen,STL,5200000,4350000
Shea Theodore,VEG,5200000,5200000
Mikko Koskinen,EDM,5200000,4500000
Justin Faulk,STL,5151725,4150000
Adam Larsson,EDM,5050000,4166666
Corey Crawford,CHI,5000000,6000000
Andrew Ladd,NYI,5000000,5500000
Frederik Andersen,TOR,5000000,5000000
Torey Krug,BOS,5000000,5250000
Reilly Smith,VEG,5000000,5000000
David Savard,CBJ,5000000,4250000
John Klingberg,DAL,5000000,4250000
Antti Raanta,ARI,5000000,4250000
Morgan Rielly,TOR,5000000,5000000
Derek Stepan,ARI,5000000,6500000
Loui Eriksson,VAN,5000000,6000000
Mikko Koivu,MIN,5000000,5500000
Matthew Tkachuk,CGY,5000000,7000000
Nikita Gusev,NJD,5000000,4500000
Mats Zuccarello,MIN,5000000,6000000
Marcus Johansson,BUF,5000000,4500000
Alexander Kerfoot,TOR,5000000,3500000
Braden Holtby,WSH,5000000,6100000
Kyle Palmieri,NJD,5000000,4650000
Marc Staal,NYR,5000000,5700000
Andy Greene,NYI,5000000,5000000
Tomas Tatar,MTL,4981132,4800000
Noah Hanifin,CGY,4950000,4950000
Alex Galchenyuk,MIN,4900000,4900000
Joonas Donskoi,COL,4900000,3900000
Travis Hamonic,CGY,4875000,3857143
"Brodie, TJ",CGY,4838000,4650400
Tyler Toffoli,VAN,4800000,4600000
Craig Smith,NSH,4750000,4250000
Ian Cole,COL,4750000,4250000
Jonas Brodin,MIN,4750000,4166667
David Perron,STL,4750000,4000000
Justin Abdelkader,DET,4750000,4250000
Alex Tuch,VEG,4750000,4750000
Calvin de Haan,CHI,4700000,4550000
Damon Severson,NJD,4675000,4166666
Karl Alzner,MTL,4625000,4625000
Jordan Binnington,STL,4550000,4400000
Brendan Smith,NYR,4525000,4350000
Oscar Klefbom,EDM,4500000,4167000
Nazem Kadri,COL,4500000,4500000
Cody Ceci,TOR,4500000,4500000
Nikita Zaitsev,OTT,4500000,4500000
Tom Wilson,WSH,4500000,5166666
Ryan Murray,CBJ,4500000,4600000
Micheal Ferland,VAN,4500000,3500000
Brandon Sutter,VAN,4500000,4375000
Brayden Schenn,STL,4500000,5125000
Sean Couturier,PHI,4500000,4333333
Jake Muzzin,TOR,4450000,4000000
Alex Killorn,TBL,4450000,4450000
Kasperi Kapanen,TOR,4400000,3200000
Connor Murphy,CHI,4400000,3850000
Patrice Bergeron,BOS,4375000,6875000
Dmitry Kulikov,WPG,4333333,4333333
Charlie Coyle,BOS,4250000,3200000
Josh Manson,ANA,4250000,4100000
Jonathan Ericsson,DET,4250000,4250000
Viktor Arvidsson,NSH,4250000,4250000
Alec Martinez,VEG,4150000,4000000
Brian Dumoulin,PIT,4100000,4100000
Nick Bonino,NSH,4100000,4100000
Olli Maatta,CHI,4083300,4083333
Andrei Vasilevskiy,TBL,4000000,3500000
Travis Konecny,PHI,4000000,5500000
Jacob Markstrom,VAN,4000000,3666667
Carl Soderberg,ARI,4000000,4750000
Lars Eller,WSH,4000000,3500000
Victor Rask,MIN,4000000,4000000
Craig Anderson,OTT,4000000,4750000
Brock Boeser,VAN,4000000,5875000
Timo Meier,SJS,4000000,6000000
Paul Byron,MTL,4000000,3400000
Jimmy Howard,DET,4000000,4000000
Mattias Ekholm,NSH,4000000,3750000
Jack Johnson,PIT,4000000,3250000
Brendan Gallagher,MTL,4000000,3750000
Boone Jenner,CBJ,4000000,3750000
Roman Josi,NSH,4000000,4000000
Kris Russell,EDM,4000000,4000000
Artem Anisimov,OTT,4000000,4550000
Mathieu Perreault,WPG,4000000,4125000
"Werenski, Zachary",CBJ,4000000,5000000
Chris Kreider,NYR,4000000,4625000
Jeff Petry,MTL,4000000,5500000
Colin White,OTT,4000000,4750000
Philipp Grubauer,COL,3900000,3333333
Colin Miller,BUF,3875000,3875000
Tanner Pearson,VAN,3850000,3750000
Cody Eakin,WPG,3850000,3850000
Justin Braun,PHI,3800000,3800000
Rickard Rakell,ANA,3800000,3789444
Antoine Roussel,VAN,3800000,3000000
Michael Grabner,ARI,3775000,3350000
Sam Reinhart,BUF,3750000,3650000
Casey Cizikas,NYI,3750000,3350000
Thomas Greiss,NYI,3750000,3333333
Matt Murray,PIT,3750000,3750000
Jakub Vrana,WSH,3700000,3350000
Charlie McAvoy,BOS,3700000,4900000
Jake Gardiner,CAR,3650000,4050000
"Dadonov, Evgeni",FLA,3600000,4000000
Brandon Montour,BUF,3525000,3387500
Eric Staal,MIN,3500000,3250000
Ron Hainsey,OTT,3500000,3500000
Mark Pysyk,FLA,3500000,2733333
Leo Komarov,NYI,3500000,3000000
Brett Connolly,FLA,3500000,3500000
Duncan Keith,CHI,3500000,5538462
"Matheson, Michael",FLA,3500000,4875000
Bryan Rust,PIT,3500000,3500000
Ben Chiarot,MTL,3500000,3500000
Cal Clutterbuck,NYI,3500000,3500000
Brandon Tanev,PIT,3500000,3500000
Marcus Foligno,MIN,3500000,2875000
Carl Hagelin,WSH,3500000,2750000
Devan Dubnyk,MIN,3500000,4333333
Will Butcher,NJD,3500000,3733333
Colton Sissons,NSH,3450000,2857143
Jean-Gabriel Pageau,NYI,3400000,3100000
J.T. Compher,COL,3400000,3500000
Anthony Mantha,DET,3300000,3300000
Travis Sanheim,PHI,3250000,3250000
Ryan Dzingel,CAR,3250000,3375000
Zack Smith,CHI,3250000,3250000
Jonathan Bernier,DET,3250000,3000000
Vladislav Namestnikov,COL,3250000,3250000
John Moore,BOS,3250000,2750000
Andre Burakovsky,COL,3250000,3250000
Andrew Cogliano,DAL,3250000,3250000
Christian Dvorak,ARI,3250000,4450000
Jay Beagle,VAN,3200000,3000000
Nikita Zadorov,COL,3200000,3200000
Patrik Nemeth,DET,3200000,3000000
Ryan Strome,NYR,3200000,3100000
Darnell Nurse,EDM,3200000,3200000
Richard Panik,WSH,3200000,2750000
"Morrissey, Joshua",WPG,3150000,3150000
Max Domi,MTL,3150000,3150000
Jason Demers,ARI,3150000,3937500
Derek Ryan,CGY,3125000,3125000
Joel Edmundson,CAR,3100000,3100000
James Reimer,CAR,3100000,3400000
Valtteri Filppula,DET,3000000,3000000
Phillip Danault,MTL,3000000,3083333
Nick Schmaltz,ARI,3000000,5850000
Nick Jensen,WSH,3000000,2500000
David Backes,ANA,3000000,4500000
Conor Sheary,PIT,3000000,3000000
Petr Mrazek,CAR,3000000,3125000
Darren Helm,DET,3000000,3850000
Michael Frolik,BUF,3000000,4300000
Taylor Hall,ARI,3000000,3000000
Mikkel Boedker,OTT,3000000,4000000
Pavel Buchnevich,NYR,3000000,3250000
Andreas Athanasiou,EDM,3000000,3000000
Jeff Carter,LAK,3000000,5272727
Tyson Barrie,TOR,3000000,2750000
Chris Tierney,OTT,2975000,2937500
Matt Calvert,COL,2925000,2850000
Jake McCabe,BUF,2900000,2850000
Sam Gagner,DET,2880000,2835000
Neal Pionk,WPG,2850000,3000000
Danton Heinen,ANA,2825000,2800000
Stephen Johns,DAL,2800000,2350000
Joel Armia,MTL,2800000,2600000
Ryan Reaves,VEG,2775000,2775000
Erik Haula,FLA,2750000,2750000
Cam Talbot,CGY,2750000,2750000
Carter Hutton,BUF,2750000,2750000
David Rittich,CGY,2750000,2750000
Riley Nash,CBJ,2750000,2750000
Adam Lowry,WPG,2750000,2916666
Michal Kempny,WSH,2700000,2500000
Ryan Pulock,NYI,2650000,2000000
Mike Green,EDM,2625000,2687500
Ondrej Kase,BOS,2600000,2600000
Blake Comeau,DAL,2600000,2400000
Jakob Chychrun,ARI,2600000,4600000
Sam Bennett,CGY,2550000,2550000
Markus Nutivaara,CBJ,2500000,2700000
Brayden McNabb,VEG,2500000,2500000
Oliver Bjorkstrand,CBJ,2500000,2500000
Zach Hyman,TOR,2500000,2250000
Miles Wood,NJD,2500000,2750000
Thomas Hickey,NYI,2500000,2500000
Anton Khudobin,DAL,2500000,2500000
Wayne Simmonds,BUF,2500000,2500000
Kevin Fiala,MIN,2500000,3000000
Frank Vatrano,FLA,2500000,2533333
Trevor van Riemsdyk,CAR,2500000,2300000
Devin Shore,CBJ,2400000,2300000
Radek Faksa,DAL,2400000,2200000
Jordie Benn,VAN,2400000,2000000
Alex Iafallo,LAK,2400000,2425000
Artturi Lehkonen,MTL,2400000,2400000
Marco Scandella,STL,2375000,2000000
Jimmy Vesey,BUF,2350000,2275000
Troy Stecher,VAN,2325000,2325000
Mattias Janmark,DAL,2300000,2300000
Scott Laughton,PHI,2300000,2300000
Andrew Copp,WPG,2260000,2280000
Sami Vatanen,CAR,2250000,2437500
Greg Pateryn,MIN,2250000,2250000
Oskar Sundqvist,STL,2250000,2750000
Jaroslav Halak,BOS,2250000,2750000
Calle Jarnkrok,NSH,2200000,2000000
Trevor Daley,DET,2200000,3166666
Brandon Carlo,BOS,2200000,2850000
Pierre-Edouard Bellemare,COL,2150000,1800000
Alex Chiasson,EDM,2150000,2150000
Darcy Kuemper,ARI,2100000,1850000
Derek Forbort,CGY,2100000,1893750
Connor Brown,OTT,2100000,2100000
"Benning, Matthew",EDM,2000000,1900000
Joe Thornton,SJS,2000000,2000000
Evan Rodrigues,PIT,2000000,2000000
Melker Karlsson,SJS,2000000,2000000
Zdeno Chara,BOS,2000000,2000000
Zack Kassian,EDM,2000000,1950000
Brian Elliott,PHI,2000000,2000000
Garnet Hathaway,WSH,2000000,1500000
Trevor Lewis,LAK,2000000,2000000
Noel Acciari,FLA,2000000,1666667
Mike Smith,EDM,2000000,2000000
"Nieto, Matt",COL,1975000,1975000
Jamie Oleksiak,DAL,1962500,2137500
Brenden Dillon,WSH,1950000,1635000
Jesper Fast,NYR,1950000,1850000
Brett Kulak,MTL,1950000,1850000
Adam Pelech,NYI,1925000,1600000
Ryan Hartman,MIN,1900000,1900000
Brock McGinn,CAR,1900000,2100000
Jordan Martinook,CAR,1850000,2000000
Nick Holden,VEG,1800000,2200000
Blake Coleman,TBL,1800000,1800000
Michael Raffl,PHI,1800000,1600000
Anthony Beauvillier,NYI,1800000,2100000
Braydon Coburn,TBL,1800000,1700000
Matt Martin,NYI,1750000,2500000
Kevin Shattenkirk,TBL,1750000,1750000
Pavel Zacha,NJD,1750000,2250000
Mark Jankowski,CGY,1750000,1675000
Radko Gudas,WSH,1750000,2345000
Carl Gunnarsson,STL,1750000,1750000
Roman Polak,DAL,1750000,1750000
Dale Weise,MTL,1750000,2350000
Luke Glendening,DET,1700000,1800000
Anthony Duclair,OTT,1650000,1650000
Cedric Paquette,TBL,1650000,1650000
Ryan Donato,MIN,1650000,1900000
MacKenzie Weegar,FLA,1600000,1600000
Zemgus Girgensons,BUF,1600000,1600000
Aaron Dell,SJS,1600000,1900000
Scott Harrington,CBJ,1600000,1633333
Johan Larsson,BUF,1550000,1550000
Marcus Sorensen,SJS,1500000,1500000
Ben Hutton,LAK,1500000,1500000
Corey Perry,DAL,1500000,1500000
"Sanford, Zachary",STL,1500000,1500000
Vinnie Hinostroza,ARI,1500000,1500000
Juuse Saros,NSH,1500000,1500000
Andrej Sekera,DAL,1500000,1500000
Connor Carrick,NJD,1500000,1500000
Kevin Connauton,COL,1500000,1375000
Mike Reilly,OTT,1500000,1500000
Jake Virtanen,VAN,1500000,1250000
Drake Caggiula,CHI,1500000,1500000
Sean Kuraly,BOS,1475000,1275000
"Merrill, Jon",VEG,1475000,1375000
Mark Barberio,COL,1450000,1450000
Joel Eriksson Ek,MIN,1450000,1487500
Erik Gustafsson,CGY,1400000,1200000
Brad Richardson,ARI,1400000,1250000
Matt Grzelcyk,BOS,1400000,1400000
Ivan Barbashev,STL,1400000,1475000
Nick Ritchie,BOS,1400000,1498925
Robin Lehner,VEG,1400000,1400000
Mirco Mueller,NJD,1400000,1400000
Tyler Bertuzzi,DET,1400000,1400000
Jason Dickinson,DAL,1400000,1500000
Robert Bortuzzo,STL,1375000,1375000
Linus Ullmark,BUF,1325000,1325000
Matthew Peca,OTT,1300000,1300000
Jordan Weal,MTL,1300000,1400000
Zach Bogosian,TBL,1300000,1300000
Jan Rutta,TBL,1300000,1300000
Robert Hagg,PHI,1300000,1150000
Curtis McElhinney,TBL,1300000,1300000
Jared McCann,PIT,1250000,1250000
Christian Djoos,ANA,1250000,1250000
Adrian Kempe,LAK,1250000,2000000
Chris Wagner,BOS,1250000,1250000
Laurent Brossoit,WPG,1225000,1225000
Austin Watson,NSH,1200000,1100000
Scott Mayfield,NYI,1200000,1450000
Jordan Oesterle,ARI,1200000,1400000
Colton Sceviour,FLA,1200000,1200000
Derick Brassard,NYI,1200000,1200000
Joonas Korpisalo,CBJ,1150000,1150000
Louis Domingue,VAN,1150000,1150000
Ryan Miller,ANA,1125000,1125000
Jujhar Khaira,EDM,1100000,1200000
Joakim Nordstrom,BOS,1100000,1000000
Chandler Stephenson,VEG,1050000,1050000
Adam Erne,DET,1050000,1050000
Barclay Goodrow,TBL,1000000,925000
Tomas Nosek,VEG,1000000,1000000
Josh Archibald,EDM,1000000,1000000
Rocco Grimaldi,NSH,1000000,1000000
Tyler Pitlick,PHI,1000000,1000000
Nick Cousins,VEG,1000000,1000000
Madison Bowey,DET,1000000,1000000
Dan Hamhuis,NSH,1000000,1250000
Nate Thompson,PHI,1000000,1000000
Lawson Crouse,ARI,1000000,1533333
Ross Johnston,NYI,1000000,1000000
David Kampf,CHI,1000000,1000000
Ryan Carpenter,CHI,1000000,1000000
Nathan Beaulieu,WPG,1000000,1000000
Carter Rowney,ANA,1000000,1133333
Kevin Labanc,SJS,1000000,1000000
Zach Aston-Reese,PIT,1000000,1000000
Tyler Motte,VAN,975000,975000
Tim Heed,SJS,960000,960000
Jacob de La Rose,STL,950000,900000
Pavel Francouz,COL,950000,950000
Kyle Clifford,TOR,950000,800000
Nicolas Deslauriers,ANA,950000,950000
Brian Boyle,FLA,940000,940000
Jordan Greenway,MIN,925000,916666
Gabriel Vilardi,LAK,925000,894167
Gaetan Haas,EDM,925000,925000
Pierre Engvall,TOR,925000,925000
Emil Bemstrom,CBJ,925000,925000
Nico Hischier,NJD,925000,925000
Joel Farabee,PHI,925000,925000
Brendan Lemieux,NYR,925000,925000
Luke Kunin,MIN,925000,925000
Nikolai Prokhorkin,LAK,925000,925000
Brandon Hagel,CHI,925000,880833
Ilya Mikheyev,TOR,925000,925000
Noah Dobson,NYI,925000,894167
Jack Hughes,NJD,925000,925000
Dante Fabbro,NSH,925000,925000
Adam Fox,NYR,925000,925000
Kevin Stenlund,CBJ,925000,864166
Kaapo Kakko,NYR,925000,925000
Blake Lizotte,LAK,925000,925000
Mario Ferraro,SJS,925000,925000
Zack MacEwen,VAN,925000,847500
Dominik Kubal√≠k,CHI,925000,925000
Martin Necas,CAR,925000,863333
Quinn Hughes,VAN,925000,916667
John Marino,PIT,925000,925000
Ryan Lindgren,NYR,925000,925000
Miro Heiskanen,DAL,925000,894166
Henri Jokiharju,BUF,925000,925000
Nick Suzuki,MTL,925000,863333
Adam Boqvist,CHI,925000,894167
Adam Gaudette,VAN,925000,916667
Kirby Dach,CHI,925000,925000
Andrei Svechnikov,CAR,925000,925000
Kailer Yamamoto,EDM,925000,894166
Jack Rathbone,VAN,925000,925000
Andrew Peeke,CBJ,925000,916667
Ilya Sorokin,NYI,925000,925000
Anthony DeAngelo,NYR,925000,925000
Rasmus Dahlin,BUF,925000,925000
Nicolas Beaudin,CHI,925000,894167
Elias Pettersson,VAN,925000,925000
Anders Bjork,BOS,925000,925000
Roope Hintz,DAL,925000,811667
Ilya Samsonov,WSH,925000,925000
Vladislav Gavrikov,CBJ,925000,925000
Joel Kellman,SJS,925000,925000
Lawrence Pilut,BUF,925000,925000
Cale Makar,COL,925000,880833
Slater Koekkoek,CHI,925000,925000
Rasmus Sandin,TOR,925000,894167
Anthony Angello,PIT,925000,833750
Dominik Kahun,BUF,925000,925000
Joakim Nygard,EDM,925000,925000
Barrett Hayton,ARI,925000,894167
Zach Whitecloud,VEG,925000,925000
Brady Tkachuk,OTT,925000,925000
Michael Anderson,LAK,925000,925000
Alexandre Texier,CBJ,925000,897500
Robert Thomas,STL,925000,894166
Igor Shesterkin,NYR,925000,925000
"Anderson, Joseph",NJD,925000,925000
Filip Chytil,NYR,925000,894166
Alex Stalock,MIN,905000,785000
Robby Fabbri,DET,900000,900000
Dylan DeMelo,WPG,900000,900000
Riley Sheahan,EDM,900000,900000
Thatcher Demko,VAN,900000,1050000
"Maroon, Patrick",TBL,900000,900000
Marcus Pettersson,PIT,874125,874125
Brendan Perlini,DET,874125,874125
Ryan MacInnis,CBJ,874125,874125
Ilya Lyubushkin,ARI,874125,874125
Sonny Milano,ANA,874125,874125
Eric Robinson,CBJ,874125,874125
Jayce Hawryluk,OTT,874125,874125
Elvis Merzlikins,CBJ,874125,874125
"Blais, Samuel",STL,850000,850000
Korbinian Holzer,NSH,850000,850000
Juuso Riikola,PIT,850000,850000
Oscar Fantenberg,VAN,850000,850000
Tom Kuhnhackl,NYI,850000,850000
Par Lindholm,BOS,850000,850000
Haydn Fleury,CAR,850000,850000
Malcolm Subban,CHI,850000,850000
Valeri Nichushkin,COL,850000,850000
Sami Niku,WPG,840000,775000
Tyson Jost,COL,832500,885833
Alexander Nylander,CHI,832500,863333
Clayton Keller,ARI,832500,885833
Sam Steel,ANA,832500,863333
Jack Roslovic,WPG,832500,894166
Jacob Larsson,ANA,832500,894166
Max Jones,ANA,832500,863333
Gabriel Carlsson,CBJ,832500,894166
Mathew Barzal,NYI,832500,863333
Jake Debrusk,BOS,832500,863333
Mikhail Sergachev,TBL,832500,894166
Travis Dermott,TOR,832500,863333
Thomas Chabot,OTT,832500,863333
Brett Howden,NYR,832500,863333
Christian Fischer,ARI,832500,821666
Pierre-Luc Dubois,CBJ,832500,894166
Julien Gauthier,NYR,832500,863333
Denis Gurianov,DAL,832500,894166
Dylan Strome,CHI,832500,863333
Mitchell Stephens,TBL,832500,833333
Michael McLeod,NJD,832500,863333
Tucker Poolman,WPG,825000,775000
Jansen Harkins,WPG,817500,767500
Matthew Highmore,CHI,817500,775833
Cody Goloubef,DET,800000,800000
Charles Hudon,MTL,800000,800000
Christian Folin,MTL,800000,800000
Tyler Ennis,EDM,800000,800000
Travis Boyd,WSH,800000,800000
Carl Dahlstrom,WPG,800000,850000
Alex DeBrincat,CHI,800000,778333
John Hayden,NJD,800000,750000
Christian Wolanin,OTT,800000,900000
Christoffer Ehn,DET,792500,759167
Jakob Lilja,CBJ,792500,792500
Otto Koivula,NYI,792500,786666
Dillon Dube,CGY,792500,778333
Lucas Carlsson,CHI,792500,792500
Lean Bergmann,SJS,792500,836667
Rudolfs Balcers,OTT,792500,759167
Sam Lafferty,PIT,792500,767500
Victor Olofsson,BUF,792500,767500
Austin Wagner,LAK,792500,759167
Alexandar Georgiev,NYR,792500,792500
Gustav Lindstrom,DET,792500,775833
Riley Stillman,FLA,792500,773333
Noah Gregor,SJS,785000,768333
Jesper Bratt,NJD,782500,749167
Warren Foegele,CAR,780000,746667
"True, Alex",SJS,780000,763333
Jeremy Lauzon,BOS,775000,747500
Dominic Toninato,FLA,775000,775000
Vince Dunn,STL,775000,722500
Mason Appleton,WPG,775000,741667
Rasmus Andersson,CGY,775000,755833
Jacob Middleton,SJS,770000,735000
Sean Walker,LAK,770000,745000
Victor Mete,MTL,760000,748333
Jonas Siegenthaler,WSH,750000,714166
Luca Sbisa,WPG,750000,750000
Devon Toews,NYI,750000,700000
"Paul, Nicholas",OTT,750000,750000
Michael Del Zotto,ANA,750000,750000
Nick Seeler,CHI,750000,725000
Aleksi Saarela,FLA,750000,753333
Carson Soucy,MIN,750000,750000
Dean Kukan,CBJ,750000,725000
Dominik Simon,PIT,750000,750000
Troy Brouwer,STL,750000,750000
Calle Rosen,TOR,750000,750000
Teddy Blueger,PIT,750000,750000
Greg McKegg,NYR,750000,750000
Justin Dowling,DAL,750000,750000
Conor Garland,ARI,750000,775000
Chris Driedger,FLA,750000,850000
Mackenzie MacEachern,STL,750000,750000
Vladislav Kamenev,COL,750000,750000
Charlie Lindgren,MTL,750000,750000
Oliver Kylington,CGY,750000,730833
Trevor Moore,LAK,750000,775000
Denis Malgin,TOR,750000,750000
Nick Shore,WPG,750000,750000
Connor Clifton,BOS,750000,725000
Ryan Graves,COL,735000,735000
Joakim Ryan,LAK,725000,725000
William Carrier,VEG,725000,725000
Dryden Hunt,FLA,715000,715000
Andrew Mangiapane,CGY,715000,715000
Brandon Davidson,SJS,700000,700000
Mackenzie Blackwood,NJD,700000,697500
Colin Blackwell,NSH,700000,675000
Xavier Ouellet,MTL,700000,700000
Justin Williams,CAR,700000,700000
Brad Hunt,MIN,700000,700000
Andrew Agozzino,ANA,700000,700000
Antti Suomela,SJS,700000,700000
Ethan Bear,EDM,700000,720000
Alex Biega,DET,700000,825000
Justin Holl,TOR,700000,675000
Marcus Hogberg,OTT,700000,700000
Anton Blidh,BOS,700000,700000
Erik Cernak,TBL,700000,697500
Patrick Marleau,PIT,700000,700000
Patrick Russell,EDM,700000,700000
Nic Dowd,WSH,700000,750000
Stefan Noesen,SJS,700000,700000
Taylor Fedun,DAL,700000,737500
Kurtis MacDermid,LAK,700000,675000
Caleb Jones,EDM,700000,720000
Gabriel Bourque,WPG,700000,700000
Martin Marincin,TOR,700000,700000
Dakota Mermis,NJD,700000,700000
Luke Schenn,TBL,700000,700000
Phillip Di Giuseppe,NYR,700000,700000
Carter Hart,PHI,700000,730833
Martin Frk,LAK,700000,700000
"Petersen, Cal",LAK,700000,858333
Scott Sabourin,OTT,700000,700000
"Brown, Joshua",FLA,700000,675000
Matt Roy,LAK,700000,700000
Samuel Girard,COL,700000,728333
Mark Letestu,WPG,700000,700000
Kevin Rooney,NJD,700000,700000
Andreas Englund,OTT,700000,700000
Fredrik Claesson,NJD,700000,700000
Curtis Lazar,BUF,700000,700000
Michael Amadio,LAK,700000,700000
Frederik Gauthier,TOR,700000,675000
Michael Stone,CGY,700000,700000
Carter Verhaeghe,TBL,700000,700000
Logan Shaw,WPG,700000,700000
Tristan Jarry,PIT,700000,675000
Philippe Myers,PHI,700000,678889
Filip Hronek,DET,700000,714166
Deryk Engelland,VEG,700000,700000
Jason Spezza,TOR,700000,700000
Anthony Cirelli,TBL,700000,728333
Jordan Kyrou,STL,700000,758333
Yannick Weber,NSH,700000,675000
Nicolas Aube-Kubel,PHI,700000,700000
Nicolas Roy,VEG,700000,720000
Nathan Gerbe,CBJ,700000,675000
Zac Rinaldo,CGY,700000,700000
Lucas Wallmark,FLA,700000,675000
Jack Campbell,TOR,700000,675000
Radim Simek,SJS,700000,675000
Anthony Bitetto,WPG,700000,700000
Jarred Tinordi,NSH,700000,700000
Chad Ruhwedel,PIT,700000,700000
Dmytro Timashov,DET,700000,694444
Dylan Gambrell,SJS,700000,700000
Derek Grant,PHI,700000,700000
Stefan Matteau,CBJ,700000,725000
Michael Dal Colle,NYI,700000,700000
Michael Hutchinson,COL,700000,700000
Tobias Rieder,CGY,700000,700000
Matt Irwin,ANA,700000,675000
Ilya Kovalchuk,WSH,350000,350000
Morgan Barron,NYR,,
Mikhail Grigorenko,CBJ,,
