Rank,POS,Age,Salary,Player,Team
0,CF,28,"$37,666,667",Mike Trout,LAA
1,SP,29,"$36,000,000",Gerrit Cole,NYY
2,SP,35,"$35,920,616",Max Scherzer,WSH
3,SP,36,"$35,000,000",Zack Greinke,HOU
4,SP,31,"$35,000,000",Stephen Strasburg,WSH
5,3B,29,"$35,000,000",Nolan Arenado,COL
6,SP,37,"$33,000,000",Justin Verlander,HOU
7,3B,27,"$32,000,000",Manny Machado,SD
8,RF,27,"$32,000,000",Mookie Betts,LAD
9,SP,34,"$32,000,000",David Price,LAD
10,SP,32,"$31,000,000",Clayton Kershaw,LAD
11,SP,31,"$30,000,000",Chris Sale,BOS
12,DH,37,"$30,000,000",Miguel Cabrera,DET
13,2B,30,"$29,000,000",Jose Altuve,HOU
14,1B,40,"$29,000,000",Albert Pujols,LAA
15,RF,27,"$27,538,462",Bryce Harper,PHI
16,3B,30,"$26,071,428",Anthony Rendon,LAA
17,1B,32,"$26,000,000",Paul Goldschmidt,STL
18,DH,30,"$26,000,000",Giancarlo Stanton,NYY
19,SP,32,"$25,500,000",Jacob deGrom,NYM
20,SP,34,"$25,000,000",Jordan Zimmermann,DET
21,1B,36,"$25,000,000",Joey Votto,CIN
22,2B,37,"$24,000,000",Robinson Cano,NYM
23,DH,32,"$23,750,000",J.D. Martinez,BOS
24,RF,30,"$23,500,000",Jason Heyward,CHC
25,SP,31,"$23,000,000",Masahiro Tanaka,NYY
26,LF,29,"$22,500,000",Wil Myers,SD
27,1B,30,"$22,359,375",Freddie Freeman,ATL
28,C,33,"$22,177,777",Buster Posey,SF
29,SP,33,"$22,000,000",Yu Darvish,CHC
30,SP,30,"$21,500,000",Zack Wheeler,PHI
31,RF,34,"$21,333,333",Charlie Blackmon,COL
32,1B,34,"$21,065,362",Chris Davis,BAL
33,CF,30,"$21,000,000",George Springer,HOU
34,1B,30,"$21,000,000",Eric Hosmer,SD
35,SP,34,"$21,000,000",Johnny Cueto,SF
36,LF,32,"$21,000,000",Justin Upton,LAA
37,DH,37,"$21,000,000",Shin-Soo Choo,TEX
38,3B,34,"$21,000,000",Josh Donaldson,MIN
39,1B,34,"$20,833,334",Carlos Santana,CLE
40,3B,35,"$20,000,000",Justin Turner,LAD
41,SP,33,"$20,000,000",Hyun-Jin Ryu,TOR
42,SS,27,"$20,000,000",Xander Bogaerts,BOS
43,C,37,"$20,000,000",Yadier Molina,STL
44,SP,36,"$20,000,000",Jon Lester,CHC
45,SP,34,"$20,000,000",Jake Arrieta,PHI
46,SP,35,"$19,800,000",Jeff Samardzija,SF
47,3B,32,"$19,500,000",Kyle Seager,SEA
48,SP,30,"$19,416,666",Patrick Corbin,WSH
49,RP/CL,35,"$19,000,000",Mark Melancon,ATL
50,3B,28,"$18,600,000",Kris Bryant,CHC
51,3B,34,"$18,500,000",Matt Carpenter,STL
52,C,31,"$18,250,000",Yasmani Grandal,CHW
53,RP/CL,32,"$18,000,000",Kenley Jansen,LAD
54,SP,36,"$18,000,000",Cole Hamels,ATL
55,LF,29,"$18,000,000",Marcell Ozuna,ATL
56,SP,32,"$18,000,000",Dallas Keuchel,CHW
57,SP,30,"$17,800,000",Jake Odorizzi,MIN
58,SS,26,"$17,500,000",Francisco Lindor,CLE
59,SP,34,"$17,500,000",Corey Kluber,TEX
60,SP,29,"$17,500,000",Trevor Bauer,CIN
61,RP/CL,32,"$17,200,000",Aroldis Chapman,NYY
62,1B,32,"$17,200,000",Brandon Belt,SF
63,SP,30,"$17,000,000",Nathan Eovaldi,BOS
64,SP,37,"$17,000,000",J.A. Happ,NYY
65,1B,36,"$17,000,000",Ryan Braun,MIL
66,LF,33,"$17,000,000",Andrew McCutchen,PHI
67,RP/CL,34,"$17,000,000",Wade Davis,COL
68,SP,31,"$16,750,000",Miles Mikolas,STL
69,DH,32,"$16,750,000",Khris Davis,OAK
70,RF,34,"$16,500,000",Dexter Fowler,STL
71,RP/CL,35,"$16,500,000",Ian Kennedy,KC
72,1B,30,"$16,500,000",Anthony Rizzo,CHC
73,LF,33,"$16,000,000",Michael Brantley,HOU
74,RP/CL,32,"$16,000,000",Craig Kimbrel,CHC
75,RF,28,"$16,000,000",Nick Castellanos,CIN
76,SP,29,"$15,500,000",Yusei Kikuchi,SEA
77,SP,31,"$15,250,000",Danny Duffy,KC
78,SS,31,"$15,250,000",Elvis Andrus,TEX
79,SS,33,"$15,200,000",Brandon Crawford,SF
80,LF,32,"$15,000,000",A.J. Pollock,LAD
81,SP,36,"$15,000,000",Charlie Morton,TB
82,CF,34,"$15,000,000",Lorenzo Cain,MIL
83,SP,32,"$15,000,000",Mike Leake,ARI
84,3B,34,"$15,000,000",Evan Longoria,SF
85,SS,30,"$15,000,000",Andrelton Simmons,LAA
86,CF,34,"$15,000,000",Ian Desmond,COL
87,2B,30,"$14,850,000",Jean Segura,PHI
88,C,30,"$14,200,000",Salvador Perez,KC
89,SP,32,"$14,000,000",Alex Cobb,BAL
90,RF,33,"$14,000,000",Jay Bruce,PHI
91,SS,30,"$14,000,000",Didi Gregorius,PHI
92,2B,32,"$13,800,000",Dee Gordon,SEA
93,2B,36,"$13,125,000",Dustin Pedroia,BOS
94,CF,28,"$13,000,000",Randal Grichuk,TOR
95,RF,33,"$13,000,000",Josh Reddick,HOU
96,RP,30,"$13,000,000",Will Smith,ATL
97,RP/CL,32,"$13,000,000",Zack Britton,NYY
98,SS,29,"$13,000,000",Marcus Semien,OAK
99,SP,30,"$13,000,000",Tyler Chatwood,CHC
100,3B,26,"$12,666,666",Alex Bregman,HOU
101,1B,33,"$12,666,666",Jose Abreu,CHW
102,SP,31,"$12,500,000",James Paxton,NYY
103,LF,28,"$12,500,000",Christian Yelich,MIL
104,SP,33,"$12,000,000",Tanner Roark,TOR
105,SP,29,"$12,000,000",Marcus Stroman,NYM
106,2B,31,"$12,000,000",D.J. LeMahieu,NYY
107,DH,37,"$12,000,000",Edwin Encarnacion,CHW
108,DH,40,"$12,000,000",Nelson Cruz,MIN
109,SP,30,"$12,000,000",Kyle Hendricks,CHC
110,2B,31,"$12,000,000",Mike Moustakas,CIN
111,SP,28,"$11,700,000",Carlos Martinez,STL
112,RP,30,"$11,666,666",Jeurys Familia,NYM
113,CF,24,"$11,500,000",Cody Bellinger,LAD
114,2B,36,"$11,500,000",Jed Lowrie,NYM
115,RP,35,"$11,500,000",Andrew Miller,STL
116,CF,31,"$11,500,000",Starling Marte,ARI
117,SP,33,"$11,333,333",Lance Lynn,TEX
118,CF,30,"$11,000,000",Jackie Bradley Jr.,BOS
119,SP,32,"$11,000,000",Kyle Gibson,TEX
120,RP,35,"$11,000,000",David Robertson,PHI
121,CF,30,"$10,785,714",Aaron Hicks,NYY
122,RP/CL,31,"$10,532,500",Alex Colome,CHW
123,SP,26,"$10,500,000",Luis Severino,NYY
124,SP,31,"$10,500,000",Jose Quintana,CHC
125,C,32,"$10,250,000",Wilson Ramos,NYM
126,2B,29,"$10,250,000",Kolten Wong,STL
127,SP,33,"$10,250,000",Carlos Carrasco,CLE
128,CF,30,"$10,166,666",Kevin Kiermaier,TB
129,SP,30,"$10,166,666",Sonny Gray,CIN
130,RP,32,"$10,000,000",Blake Treinen,LAD
131,RP/CL,25,"$10,000,000",Roberto Osuna,HOU
132,SP,31,"$10,000,000",Rick Porcello,NYM
133,CF,36,"$10,000,000",Brett Gardner,NYY
134,SP,31,"$10,000,000",Michael Pineda,MIN
135,SS,27,"$10,000,000",Javier Baez,CHC
136,C,29,"$10,000,000",J.T. Realmuto,PHI
137,SP,32,"$9,833,334",Mike Minor,TEX
138,SP,27,"$9,700,000",Noah Syndergaard,NYM
139,RP/CL,29,"$9,600,000",Ken Giles,TOR
140,3B,28,"$9,535,714",Eugenio Suarez,CIN
141,RF,31,"$9,500,000",Adam Eaton,WSH
142,SP,28,"$9,430,000",Robbie Ray,ARI
143,2B,26,"$9,333,333",Rougned Odor,TEX
144,SP,31,"$9,000,000",Chris Archer,PIT
145,SP,36,"$9,000,000",Anibal Sanchez,WSH
146,RP,34,"$9,000,000",Adam Ottavino,NYY
147,SP,29,"$9,000,000",Kevin Gausman,SF
148,SP,29,"$9,000,000",Julio Teheran,LAA
149,3B,31,"$9,000,000",Marwin Gonzalez,MIN
150,RP/CL,30,"$9,000,000",Raisel Iglesias,CIN
151,SS,27,"$9,000,000",Trevor Story,COL
152,RP,31,"$8,750,000",Ryan Pressly,HOU
153,1B,36,"$8,700,000",Yulieski Gurriel,HOU
154,RF,28,"$8,600,000",Gregory Polanco,PIT
155,RP,32,"$8,500,000",Joe Kelly,LAD
156,SP,32,"$8,500,000",Chase Anderson,TOR
157,RF,28,"$8,500,000",Aaron Judge,NYY
158,SP,32,"$8,500,000",Garrett Richards,SD
159,RP,36,"$8,500,000",Joakim Soria,OAK
160,SP,27,"$8,500,000",Aaron Nola,PHI
161,3B,20,"$8,416,300",Spencer Torkelson,DET
162,SP,27,"$8,300,000",Eduardo Rodriguez,BOS
163,CF,29,"$8,200,000",Jonathan Villar,MIA
164,SP,35,"$8,100,000",Michael Fiers,OAK
165,1B,35,"$8,000,000",Daniel Murphy,COL
166,RF,27,"$8,000,000",Michael Conforto,NYM
167,SS,25,"$8,000,000",Carlos Correa,HOU
168,C,31,"$8,000,000",Travis d'Arnaud,ATL
169,LF,31,"$8,000,000",Corey Dickerson,MIA
170,RP,35,"$8,000,000",Will Harris,WSH
171,SP,29,"$8,000,000",Jordan Lyles,TEX
172,LF,32,"$7,900,000",Tommy Pham,SD
173,LF,28,"$7,750,000",Joc Pederson,LAD
174,LF,28,"$7,750,000",Eddie Rosario,MIN
175,CF,29,"$7,700,000",Ender Inciarte,ATL
176,SS,26,"$7,600,000",Corey Seager,LAD
177,SP,27,"$7,600,000",Blake Snell,TB
178,RP,32,"$7,500,000",Dellin Betances,NYM
179,SS,27,"$7,450,000",Trea Turner,WSH
180,RF,29,"$7,333,333",Stephen Piscotty,OAK
181,DH,28,"$7,300,000",Jorge Soler,KC
182,LF,29,"$7,250,000",Avisail Garcia,MIL
183,3B,31,"$7,166,666",Eduardo Escobar,ARI
184,RP/CL,33,"$7,062,500",Kirby Yates,SD
185,LF,27,"$7,010,000",Kyle Schwarber,CHC
186,SS,21,"$7,000,825",Austin Martin,TOR
187,RP,34,"$7,000,000",Chris Martin,ATL
188,RP/CL,30,"$7,000,000",Brad Hand,CLE
189,LF,32,"$7,000,000",David Peralta,ARI
190,SP,34,"$7,000,000",Homer Bailey,MIN
191,1B,27,"$7,000,000",Miguel Sano,MIN
192,C,33,"$6,850,000",Jason Castro,LAA
193,P,21,"$6,700,000",Max Meyer,MIA
194,P,21,"$6,670,000",Asa Lacy,KC
195,3B,27,"$6,650,000",Jose Ramirez,CLE
196,RP/CL,33,"$6,500,000",Sean Doolittle,WSH
197,SS,30,"$6,375,000",Nick Ahmed,ARI
198,RP,31,"$6,250,000",Shane Greene,ATL
199,2B,30,"$6,250,000",Cesar Hernandez,CLE
200,RF,27,"$6,250,000",Max Kepler,MIN
201,1B,30,"$6,100,000",C.J. Cron,DET
202,2B,28,"$6,100,000",Jonathan Schoop,DET
203,CF,34,"$6,000,000",Yoenis Cespedes,NYM
204,2B,30,"$6,000,000",Starlin Castro,WSH
205,C,36,"$6,000,000",Kurt Suzuki,WSH
206,RP,31,"$6,000,000",Drew Pomeranz,SD
207,SP,30,"$6,000,000",Madison Bumgarner,ARI
208,RF,32,"$6,000,000",Kole Calhoun,ARI
209,CF,32,"$6,000,000",Shogo Akiyama,CIN
210,SP,33,"$6,000,000",Wade Miley,CIN
211,CF,28,"$5,900,000",Enrique Hernandez,LAD
212,SP,30,"$5,900,000",Anthony DeSclafani,CIN
213,RP/CL,28,"$5,750,000",Felipe Vazquez,PIT
214,C,36,"$5,750,000",Robinson Chirinos,TEX
215,P,21,"$5,700,000",Emerson Hancock,SEA
216,2B,27,"$5,700,000",Jurickson Profar,SD
217,SP,28,"$5,600,000",Jon Gray,COL
218,2B,29,"$5,600,000",Chris Taylor,LAD
219,RF,25,"$5,560,000",Nomar Mazara,CHW
220,1B,29,"$5,515,000",Jake Lamb,ARI
221,SS,30,"$5,500,000",Freddy Galvis,CIN
222,SP,29,"$5,500,000",Martin Perez,BOS
223,RP,35,"$5,500,000",Yusmeiro Petit,OAK
224,SS,21,"$5,432,400",Nick Gonzales,PIT
225,C,30,"$5,400,000",James McCann,CHW
226,SP,29,"$5,300,000",Matt Boyd,DET
227,RP/CL,31,"$5,300,000",Liam Hendriks,OAK
228,RP,34,"$5,250,000",Steve Cishek,CHW
229,SP,27,"$5,250,000",Zach Davies,SD
230,OF,21,"$5,200,000",Heston Kjerstad,BAL
231,RP,28,"$5,125,000",Corey Knebel,MIL
232,RP/CL,26,"$5,100,000",Edwin Diaz,NYM
233,OF,18,"$5,000,000",Zac Veen,COL
234,SP,29,"$5,000,000",Steven Matz,NYM
235,RP,32,"$5,000,000",Justin Wilson,NYM
236,SP,38,"$5,000,000",Adam Wainwright,STL
237,RP,33,"$5,000,000",Daniel Hudson,WSH
238,C,27,"$5,000,000",Gary Sanchez,NYY
239,CF,31,"$5,000,000",Whit Merrifield,KC
240,DH,28,"$5,000,000",Yoshitomo Tsutsugo,TB
241,SP,32,"$5,000,000",Brett Anderson,MIL
242,SP,27,"$5,000,000",Dylan Bundy,LAA
243,SP,25,"$4,800,000",German Marquez,COL
244,1B,27,"$4,800,000",Josh Bell,PIT
245,LF,31,"$4,800,000",Mark Canha,OAK
246,SS,31,"$4,750,000",Miguel Rojas,MIA
247,RF,28,"$4,750,000",Trey Mancini,BAL
248,RP,37,"$4,750,000",Sergio Romo,MIN
249,P,20,"$4,670,000",Reid Detmers,LAA
250,RP/CL,31,"$4,600,000",Hector Neris,PHI
251,P,21,"$4,547,500",Garrett Crochet,CHW
252,OF,22,"$4,500,000",Luis Robert,CHW
253,RP,34,"$4,500,000",Gio Gonzalez,CHW
254,C,29,"$4,500,000",Mike Zunino,TB
255,C,28,"$4,500,000",Willson Contreras,CHC
256,SP,27,"$4,450,000",Carlos Rodon,CHW
257,RP/CL,29,"$4,450,000",Taylor Rogers,MIN
258,RF,26,"$4,400,000",Joey Gallo,TEX
259,OF,18,"$4,300,000",Robert Hassell,SD
260,SP,29,"$4,300,000",Andrew Heaney,LAA
261,CF,31,"$4,250,000",Kevin Pillar,BOS
262,C,33,"$4,250,000",Alex Avila,MIN
263,SP,33,"$4,200,000",Matt Shoemaker,TOR
264,C,29,"$4,200,000",Christian Vazquez,BOS
265,C,31,"$4,150,000",Austin Romine,DET
266,SP,26,"$4,100,000",Lance McCullers,HOU
267,SP,29,"$4,100,000",Mike Clevinger,CLE
268,RP/CL,26,"$4,100,000",Josh Hader,MIL
269,RP/CL,27,"$4,100,000",Archie Bradley,ARI
270,P,18,"$4,075,000",Mick Abel,PHI
271,SP,26,"$4,025,000",Jose Berrios,MIN
272,OF,19,"$4,000,000",Austin Hendrick,CIN
273,RP,32,"$4,000,000",Pedro Baez,LAD
274,SP,29,"$4,000,000",Alex Wood,LAD
275,1B,30,"$4,000,000",Travis Shaw,TOR
276,RP,36,"$4,000,000",Joe Smith,HOU
277,C,34,"$4,000,000",Tyler Flowers,ATL
278,RF,36,"$4,000,000",Nick Markakis,ATL
279,RP/CL,31,"$4,000,000",Kwang-hyun Kim,STL
280,C,32,"$4,000,000",Yan Gomes,WSH
281,2B,36,"$4,000,000",Howie Kendrick,WSH
282,SS,27,"$4,000,000",Tim Anderson,CHW
283,RP,36,"$4,000,000",Craig Stammen,SD
284,LF,36,"$4,000,000",Alex Gordon,KC
285,1B,33,"$4,000,000",Justin Smoak,MIL
286,2B,34,"$4,000,000",Eric Sogard,MIL
287,2B,26,"$4,000,000",Ketel Marte,ARI
288,SP,31,"$4,000,000",Drew Smyly,SF
289,RP,36,"$4,000,000",Jesse Chavez,TEX
290,C,29,"$3,937,500",Tucker Barnhart,CIN
291,SP,32,"$3,900,000",Brad Peacock,HOU
292,RP/CL,29,"$3,850,000",Hansel Robles,LAA
293,SS,26,"$3,833,333",Jorge Polanco,MIN
294,C,21,"$3,800,000",Patrick Bailey,SF
295,SP,28,"$3,750,000",Jose Urena,MIA
296,SP,28,"$3,750,000",Sean Manaea,OAK
297,SS,17,"$3,745,500",Ed Howard,CHC
298,RP,28,"$3,725,000",Michael Lorenzen,CIN
299,RP/CL,27,"$3,725,000",Keone Kela,PIT
300,OF,30,"$3,725,000",Robbie Grossman,OAK
301,C,31,"$3,625,000",Roberto Perez,CLE
302,CF,29,"$3,600,000",Daniel Santana,TEX
303,SP,28,"$3,600,000",Vincent Velasquez,PHI
304,C,33,"$3,500,000",Martin Maldonado,HOU
305,RP/CL,31,"$3,500,000",Brandon Workman,BOS
306,3B,34,"$3,500,000",Todd Frazier,TEX
307,LF,25,"$3,400,000",Andrew Benintendi,BOS
308,OF,18,"$3,359,000",Pete Crow-Armstrong,NYM
309,CF,29,"$3,325,000",Michael Taylor,WSH
310,CF,29,"$3,312,500",Jake Marisnick,NYM
311,P,20,"$3,300,000",Cole Wilcox,SD
312,RF,28,"$3,300,000",Hunter Renfroe,TB
313,C,18,"$3,300,000",Tyler Soderstrom,OAK
314,RF,31,"$3,250,000",Adam Duvall,ATL
315,OF,29,"$3,250,000",Leury Garcia,CHW
316,2B,31,"$3,250,000",Tommy La Stella,LAA
317,2B,21,"$3,250,000",Justin Foscue,TEX
318,OF,21,"$3,242,900",Garrett Mitchell,MIL
319,RP/CL,30,"$3,225,000",Mychal Givens,BAL
320,RP,32,"$3,175,000",Shun Yamaguchi,TOR
321,SS,26,"$3,150,000",Dansby Swanson,ATL
322,SP,32,"$3,125,000",Kenta Maeda,MIN
323,RP,30,"$3,100,000",Matt Barnes,BOS
324,SP,31,"$3,100,000",Mike Montgomery,KC
325,CF,26,"$3,075,000",Byron Buxton,MIN
326,RP,30,"$3,045,000",Andrew Chafin,ARI
327,SP,33,"$3,041,666",Josh Lindblom,MIL
328,P,21,"$3,027,000",Cade Cavalli,WSH
329,RF,29,"$3,010,000",Mitch Haniger,SEA
330,SP,29,"$3,000,000",Michael Wacha,NYM
331,RP/CL,35,"$3,000,000",Brandon Kintzler,MIA
332,1B,33,"$3,000,000",Eric Thames,WSH
333,C,27,"$3,000,000",Austin Hedges,SD
334,SS,21,"$3,000,000",Nick Loftin,KC
335,P,18,"$3,000,000",Jared Kelley,CHW
336,RP,38,"$3,000,000",Oliver Perez,CLE
337,P,18,"$3,000,000",Nick Bitsko,TB
338,SP,31,"$3,000,000",Merrill Kelly,ARI
339,2B,28,"$3,000,000",Wilmer Flores,SF
340,RF,37,"$3,000,000",Hunter Pence,SF
341,RP/CL,35,"$3,000,000",Tony Watson,SF
342,C,37,"$3,000,000",Jeff Mathis,TEX
343,SP,40,"$3,000,000",Rich Hill,MIN
344,SP,27,"$2,960,000",Daniel Norris,DET
345,3B,27,"$2,950,000",Maikel Franco,KC
346,RP,31,"$2,950,000",Jose Alvarez,PHI
347,LF,26,"$2,928,571",Lourdes Gurriel Jr.,TOR
348,P,21,"$2,900,000",J.T. Ginn,NYM
349,3B,18,"$2,900,000",Jordan Walker,STL
350,SP,27,"$2,875,000",Kyle Freeland,COL
351,2B,29,"$2,850,000",Joe Panik,TOR
352,2B,26,"$2,850,000",Jose Peraza,BOS
353,SP,28,"$2,825,000",Trevor Williams,PIT
354,2B,28,"$2,800,000",Adam Frazier,PIT
355,SP,27,"$2,800,000",Joe Musgrove,PIT
356,SP,27,"$2,800,000",Michael Fulmer,DET
357,RP,28,"$2,800,000",Cam Bedrosian,LAA
358,RP,33,"$2,750,000",Jake Diekman,OAK
359,RP/CL,26,"$2,750,000",Jose Leclerc,TEX
360,1B,21,"$2,750,000",Aaron Sabato,MIN
361,RP,35,"$2,750,000",Tyler Clippard,MIN
362,C,28,"$2,725,000",Omar Narvaez,MIL
363,2B,18,"$2,700,000",Nick Yorke,BOS
364,RP,30,"$2,650,000",Tommy Kahnle,NYY
365,P,22,"$2,650,000",Bryce Jarvis,ARI
366,SP,26,"$2,625,000",Zach Eflin,PHI
367,SS,29,"$2,600,000",Aledmys Diaz,HOU
368,1B,30,"$2,575,000",Jesus Aguilar,MIA
369,RP,35,"$2,550,000",Junior Guerra,ARI
370,1B,29,"$2,500,000",Max Muncy,LAD
371,1B,34,"$2,500,000",Mitch Moreland,BOS
372,3B,34,"$2,500,000",Asdrubal Cabrera,WSH
373,C,20,"$2,500,000",Austin Wells,NYY
374,2B,32,"$2,500,000",Brock Holt,MIL
375,SS,30,"$2,500,000",Jose Iglesias,BAL
376,RP,32,"$2,500,000",Hector Rondon,ARI
377,C,35,"$2,500,000",Stephen Vogt,ARI
378,P,18,"$2,500,000",Kyle Harrison,SF
379,RP,28,"$2,500,000",Joely Rodriguez,TEX
380,2B,33,"$2,500,000",Daniel Descalso,CHC
381,CF,26,"$2,475,000",David Dahl,COL
382,3B,28,"$2,475,000",Giovanny Urshela,NYY
383,CF,25,"$2,475,000",Manuel Margot,TB
384,P,18,"$2,400,000",Daxton Fulton,MIA
385,P,21,"$2,384,900",Slade Cecconi,ARI
386,SS,21,"$2,365,500",Jordan Westburg,BAL
387,CF,27,"$2,350,000",Mallex Smith,SEA
388,LF,23,"$2,333,333",Eloy Jimenez,CHW
389,SP,28,"$2,250,000",Jameson Taillon,PIT
390,RP,37,"$2,250,000",Darren O'Day,ATL
391,SP,31,"$2,250,000",Chris Bassitt,OAK
392,RP,30,"$2,205,000",Trevor May,MIN
393,P,21,"$2,200,000",Bobby Miller,LAD
394,P,18,"$2,200,000",Jared Jones,PIT
395,SS,25,"$2,200,000",Orlando Arcia,MIL
396,RF,29,"$2,200,000",Brian Goodwin,LAA
397,P,21,"$2,197,500",Jared Shuster,ATL
398,RP,33,"$2,185,200",Chaz Roe,TB
399,CF,27,"$2,175,000",Brandon Nimmo,NYM
400,1B,31,"$2,125,000",Jose Martinez,TB
401,SP,30,"$2,100,000",Ross Stripling,LAD
402,SS,18,"$2,100,000",Masyn Winn,STL
403,C,18,"$2,095,800",Drew Romo,COL
404,3B,27,"$2,050,000",Brandon Drury,TOR
405,P,21,"$2,050,000",Carmen Mlodzinski,PIT
406,SP,26,"$2,050,000",Tyler Glasnow,TB
407,LF,28,"$2,025,000",Chad Pinder,OAK
408,SP,27,"$2,000,000",Taijuan Walker,SEA
409,RP,30,"$2,000,000",Scott Oberg,COL
410,RP,30,"$2,000,000",Seth Lugo,NYM
411,RP,29,"$2,000,000",Chris Devenski,HOU
412,CF,35,"$2,000,000",Jarrod Dyson,PIT
413,C,34,"$2,000,000",Francisco Cervelli,MIA
414,2B,30,"$2,000,000",Brad Miller,STL
415,C,34,"$2,000,000",Matt Wieters,STL
416,P,20,"$2,000,000",Cole Henry,WSH
417,1B,35,"$2,000,000",Ryan Zimmerman,WSH
418,P,18,"$2,000,000",Justin Lange,SD
419,RP,29,"$2,000,000",Pierce Johnson,SD
420,RP,30,"$2,000,000",Trevor Rosenthal,KC
421,SS,18,"$2,000,000",Carson Tucker,CLE
422,C,31,"$2,000,000",Sandy Leon,CLE
423,3B,33,"$2,000,000",Pablo Sandoval,SF
424,C,21,"$1,925,300",Dillon Dingler,DET
425,OF,21,"$1,906,800",Hudson Haskin,BAL
426,C,28,"$1,900,000",Tony Wolters,COL
427,CF,27,"$1,875,000",Delino DeShields,CLE
428,SS,21,"$1,850,000",Alika Williams,TB
429,C,33,"$1,850,000",Manuel Pina,MIL
430,RP,35,"$1,825,000",Pedro Strop,CIN
431,RP,28,"$1,825,000",Luke Jackson,ATL
432,P,21,"$1,800,000",CJ Van Eyk,TOR
433,3B,25,"$1,800,000",Yoan Moncada,CHW
434,RP,31,"$1,800,000",T.J. McFarland,OAK
435,RP,30,"$1,775,000",Tyler Anderson,SF
436,RP,28,"$1,750,000",Chi Chi Gonzalez,COL
437,3B,17,"$1,750,000",Blaze Jordan,BOS
438,RP,28,"$1,750,000",Alexander Claudio,MIL
439,3B,18,"$1,750,000",Coby Mayo,BAL
440,3B,26,"$1,750,000",Scott Kingery,PHI
441,OF,21,"$1,729,800",Zach DeLoach,SEA
442,3B,26,"$1,700,000",Johan Camargo,ATL
443,SS,26,"$1,666,666",Paul DeJong,STL
444,2B,27,"$1,650,000",Hanser Alberto,BAL
445,P,21,"$1,637,400",Chris McMahon,COL
446,OF,18,"$1,622,500",Jake Vogel,LAD
447,RP,31,"$1,612,500",Heath Hembree,BOS
448,RP/CL,36,"$1,600,000",Yoshihisa Hirano,SEA
449,P,21,"$1,600,000",Tanner Burns,CLE
450,SS,30,"$1,600,000",Ehire Adrianza,MIN
451,CF,28,"$1,575,000",Jacoby Jones,DET
452,CF,26,"$1,575,000",Albert Almora,CHC
453,RP,30,"$1,575,000",Adam Morgan,PHI
454,P,21,"$1,543,600",Christian Roa,CIN
455,RP,30,"$1,525,000",Adam Conley,MIA
456,OF,18,"$1,525,000",Petey Halpin,CLE
457,SP,29,"$1,500,000",Kendall Graveman,SEA
458,RP,32,"$1,500,000",Anthony Bass,TOR
459,LF,35,"$1,500,000",Matt Joyce,MIA
460,SP,30,"$1,500,000",Zack Godley,BOS
461,SP,27,"$1,500,000",Joe Ross,WSH
462,2B,30,"$1,500,000",Greg Garcia,SD
463,CF,22,"$1,500,000",Luis Robert,CHW
464,2B,25,"$1,500,000",Brandon Lowe,TB
465,RF,33,"$1,500,000",Cameron Maybin,DET
466,SP,33,"$1,500,000",Ivan Nova,DET
467,P,18,"$1,500,000",Carter Baumler,BAL
468,RF,35,"$1,500,000",Jon Jay,ARI
469,C,31,"$1,462,500",Curt Casali,CIN
470,P,19,"$1,450,000",Ben Hernandez,KC
471,RF,29,"$1,450,000",Tyler Naquin,CLE
472,RP,28,"$1,400,000",Matthew Strahm,SD
473,LF,28,"$1,400,000",Ben Gamel,MIL
474,SP,30,"$1,395,000",Matt Andriese,LAA
475,2B,32,"$1,375,000",Donovan Solano,SF
476,1B,24,"$1,300,000",Evan White,SEA
477,RP,27,"$1,300,000",John Gant,STL
478,SP,27,"$1,300,000",Dinelson Lamet,SD
479,SS,21,"$1,300,000",Casey Martin,PHI
480,C,18,"$1,290,000",Jackson Miller,CIN
481,RP,29,"$1,275,000",Chad Green,NYY
482,3B,33,"$1,250,000",Eduardo Nunez,NYM
483,P,18,"$1,250,000",Alex Santos II,HOU
484,RP,34,"$1,250,000",Greg Holland,KC
485,RF,27,"$1,250,000",Domingo Santana,CLE
486,RP,33,"$1,250,000",David Phelps,MIL
487,3B,18,"$1,250,000",A.J. Vukovich,ARI
488,OF,17,"$1,250,000",Evan Carter,TEX
489,P,21,"$1,243,600",Ian Seymour,TB
490,RP,26,"$1,225,000",Robert Gsellman,NYM
491,OF,17,"$1,200,004",Owen Caissie,SD
492,P,21,"$1,200,000",Nick Garcia,PIT
493,OF,21,"$1,200,000",Danny Cabrera,DET
494,P,21,"$1,200,000",Nick Swiney,SF
495,P,17,"$1,200,000",Dylan MacLean,TEX
496,RP,29,"$1,200,000",Tyler Duffey,MIN
497,P,21,"$1,196,500",Clayton Beeter,LAD
498,SS,21,"$1,150,000",Freddy Zamora,MIL
499,RP,29,"$1,150,000",Buck Farmer,DET
500,3B,21,"$1,147,500",Casey Schmitt,SF
501,P,21,"$1,129,700",Kyle Nicolas,MIA
502,P,21,"$1,125,000",Logan Allen,CLE
503,RP,29,"$1,125,000",Nick Wittgren,CLE
504,P,17,"$1,115,000",Tink Hence,STL
505,RP,34,"$1,100,000",Nate Jones,CIN
506,C,30,"$1,100,000",Austin Barnes,LAD
507,RP,27,"$1,100,000",Michael Feliz,PIT
508,RP,29,"$1,100,000",Yimi Garcia,MIA
509,RP,30,"$1,100,000",Evan Marshall,CHW
510,RP,27,"$1,080,000",Carlos Estevez,COL
511,P,19,"$1,050,300",Connor Phillips,SEA
512,RF,29,"$1,050,000",Travis Jankowski,CIN
513,RP,25,"$1,050,000",Miguel Castro,BAL
514,P,21,"$1,050,000",Burl Carraway,CHC
515,RP,33,"$1,025,000",Oliver Drake,TB
516,SS,26,"$1,025,000",Daniel Robertson,TB
517,SP,28,"$1,000,000",Marco Gonzales,SEA
518,SP,23,"$1,000,000",Julio Urias,LAD
519,RP,32,"$1,000,000",Rafael Dolis,TOR
520,C,36,"$1,000,000",Drew Butera,COL
521,LF,35,"$1,000,000",Matt Kemp,COL
522,2B,33,"$1,000,000",Brian Dozier,NYM
523,C,36,"$1,000,000",Rene Rivera,NYM
524,RP,30,"$1,000,000",Joseph Biagini,HOU
525,CF,29,"$1,000,000",Guillermo Heredia,PIT
526,SP,33,"$1,000,000",Derek Holland,PIT
527,RF,22,"$1,000,000",Ronald Acuna,ATL
528,1B,31,"$1,000,000",Matt Adams,ATL
529,2B,23,"$1,000,000",Ozzie Albies,ATL
530,2B,31,"$1,000,000",Charlie Culberson,ATL
531,RP,32,"$1,000,000",Brad Boxberger,MIA
532,SS,31,"$1,000,000",Adeiny Hechavarria,ATL
533,2B,35,"$1,000,000",Sean Rodriguez,MIA
534,SP,34,"$1,000,000",Felix Hernandez,ATL
535,RP,35,"$1,000,000",Josh Tomlin,ATL
536,SS,19,"$1,000,000",Samuel Infante,WSH
537,CF,35,"$1,000,000",Emilio Bonifacio,WSH
538,SS,28,"$1,000,000",Wilmer Difo,WSH
539,RP,34,"$1,000,000",Javy Guerra,WSH
540,2B,32,"$1,000,000",Josh Harrison,WSH
541,RP,30,"$1,000,000",Luis Avilan,NYY
542,RP,26,"$1,000,000",Aaron Bummer,CHW
543,RP,34,"$1,000,000",Ross Detwiler,CHW
544,2B,32,"$1,000,000",Ryan Goins,CHW
545,RP,32,"$1,000,000",Aaron Loup,TB
546,RP,31,"$1,000,000",Justin Grimm,MIL
547,3B,31,"$1,000,000",Jedd Gyorko,MIL
548,3B,20,"$1,000,000",Gage Workman,DET
549,DH,32,"$1,000,000",Logan Morrison,MIL
550,SS,33,"$1,000,000",Jordy Mercer,DET
551,P,21,"$1,000,000",Jeff Criswell,OAK
552,SP,33,"$1,000,000",Tom Milone,BAL
553,RP,33,"$1,000,000",Ryan Buchter,LAA
554,RP,36,"$1,000,000",Edinson Volquez,TEX
555,2B,33,"$1,000,000",Jason Kipnis,CHC
556,2B,34,"$1,000,000",Neil Walker,PHI
557,C,32,"$1,000,000",Josh Phegley,CHC
558,RF,31,"$1,000,000",Steven Souza,CHC
559,RP,28,"$975,000",Kyle Ryan,CHC
560,2B,27,"$960,000",David Bote,CHC
561,RP,28,"$950,000",C.J. Edwards,SEA
562,RP,27,"$950,000",Luis Perdomo,SD
563,RP,30,"$950,000",Brent Suter,MIL
564,SS,21,"$950,000",Anthony Servideo,BAL
565,LF,30,"$925,000",Alex Dickerson,SF
566,RP,33,"$915,000",Richard Bleier,MIA
567,RP,28,"$915,000",Nick Goody,TEX
568,C,29,"$900,000",Luke Maile,PIT
569,C,29,"$900,000",Kevin Plawecki,BOS
570,SS,21,"$900,000",Trei Cruz,DET
571,SS,18,"$900,000",Werner Blakely,LAA
572,RP,30,"$900,000",Noe Ramirez,LAA
573,OF,20,"$900,000",Alerick Soularie,MIN
574,P,18,"$900,000",Koen Moreno,CHC
575,RP,32,"$900,000",Ryan Tepera,CHC
576,RP,28,"$895,000",Luis Cessa,NYY
577,RP,30,"$875,000",Scott Alexander,LAD
578,RP,29,"$865,000",Matthew Bowman,CIN
579,RP,32,"$850,000",Jeremy Jeffress,CHC
580,P,21,"$850,000",Trent Palmer,TOR
581,OF,18,"$850,000",Isaiah Greene,NYM
582,RP,34,"$850,000",Brad Brach,NYM
583,SS,28,"$850,000",J.T. Riddle,PIT
584,P,21,"$850,000",Bryce Elder,ATL
585,RP,31,"$850,000",Josh Osich,BOS
586,1B,29,"$850,000",Ji-Man Choi,TB
587,RP,33,"$850,000",Tommy Hunter,PHI
588,RP,27,"$840,000",Chad Kuhl,PIT
589,SP,24,"$810,160",Freddy Peralta,MIL
590,SP,27,"$805,000",Jordan Montgomery,NYY
591,RP,28,"$805,000",Wandy Peralta,SF
592,P,20,"$800,000",Ian Bedell,STL
593,SS,18,"$800,000",Milan Tolentino,CLE
594,P,18,"$800,000",Liam Norris,ARI
595,SP,35,"$800,000",Wade LeBlanc,BAL
596,RP,25,"$800,000",Kohl Stewart,BAL
597,RP,26,"$800,000",Keynan Middleton,LAA
598,C,29,"$800,000",Max Stassi,LAA
599,SS,18,"$800,000",Thomas Saggese,TEX
600,RP,29,"$785,000",Rafael Montero,TEX
601,P,21,"$775,000",Zach McCambley,MIA
602,P,18,"$775,000",Tekoah Roby,TEX
603,P,21,"$755,300",Sam Weatherly,COL
604,RP,30,"$750,000",Daniel Winkler,CHC
605,RP,31,"$750,000",Jimmy Nelson,LAD
606,RP,27,"$750,000",Jonathan Holder,NYY
607,OF,21,"$750,000",Tyler Gentry,KC
608,RP,31,"$750,000",Deolis Guerra,PHI
609,OF,17,"$744,200",David Calabrese,LAA
610,2B,28,"$725,000",Erik Gonzalez,PIT
611,RP,27,"$725,000",Matt Wisler,MIN
612,P,22,"$715,000",Landon Knack,LAD
613,C,28,"$710,000",Andrew Knapp,PHI
614,P,21,"$700,000",Bryce Bonnin,CIN
615,RP,34,"$700,000",Jared Hughes,NYM
616,OF,21,"$700,000",Alec Burleson,STL
617,SP,25,"$700,000",Shohei Ohtani,LAA
618,SS,28,"$698,200",Niko Goodrum,DET
619,3B,23,"$692,500",Rafael Devers,BOS
620,RP,30,"$680,000",Burch Smith,OAK
621,OF,21,"$678,600",Jordan Nwogu,CHC
622,SS,23,"$675,500",Gleyber Torres,NYY
623,SP,27,"$663,500",Luis Castillo,CIN
624,RP,32,"$655,000",Grant Dayton,ATL
625,1B,25,"$652,521",Pete Alonso,NYM
626,C,32,"$650,000",Dustin Garneau,HOU
627,RP,27,"$650,000",Scott Barlow,KC
628,1B,29,"$634,000",Luke Voit,NYY
629,RP,30,"$633,500",Richard Rodriguez,PIT
630,CF,29,"$633,500",Scott Schebler,ATL
631,SP,27,"$633,100",Brandon Woodruff,MIL
632,3B,25,"$632,500",Miguel Andujar,NYY
633,LF,21,"$629,400",Juan Soto,WSH
634,SP,25,"$627,000",Lucas Giolito,CHW
635,CF,25,"$624,000",Ian Happ,CHC
636,3B,27,"$623,500",Matt Chapman,OAK
637,SP,25,"$623,200",Shane Bieber,CLE
638,SP,24,"$620,000",Sandy Alcantara,MIA
639,C,29,"$620,000",Mitch Garver,MIN
640,3B,28,"$617,676",Jeff McNeil,NYM
641,RF,27,"$615,000",Brian Anderson,MIA
642,SP,24,"$613,000",Brad Keller,KC
643,RF,28,"$610,500",Hunter Dozier,KC
644,RP,25,"$609,793",Tyler Mahle,CIN
645,SS,24,"$608,780",Amed Rosario,NYM
646,RP,33,"$608,500",James Hoyt,MIA
647,SP,27,"$608,000",Jake Junis,KC
648,DH,23,"$607,000",Yordan Alvarez,HOU
649,RP,28,"$607,000",Kevin McCarthy,KC
650,LF,26,"$605,000",Jesse Winker,CIN
651,SP,26,"$605,000",Reynaldo Lopez,CHW
652,1B,27,"$605,000",Rhys Hoskins,PHI
653,SP,24,"$604,500",Jack Flaherty,STL
654,SS,24,"$604,500",Adalberto Mondesi,KC
655,SP,28,"$604,500",Glenn Sparkman,KC
656,RP,28,"$604,200",Ryne Stanek,MIA
657,SP,25,"$603,500",Walker Buehler,LAD
658,1B,26,"$603,500",Matt Olson,OAK
659,LF,29,"$603,100",Mike Tauchman,NYY
660,DH,27,"$602,200",Teoscar Hernandez,TOR
661,RF,24,"$601,500",Alex Verdugo,BOS
662,3B,28,"$600,000",Patrick Wisdom,SEA
663,RP,33,"$600,000",Collin McHugh,BOS
664,SP,29,"$600,000",Ryan Weber,BOS
665,P,20,"$600,000",Beck Way,NYY
666,RP,30,"$600,000",Jesse Hahn,KC
667,SS,21,"$600,000",Jimmy Glowenke,SF
668,SP,27,"$599,300",Joey Lucchesi,SD
669,2B,28,"$597,100",Tony Kemp,OAK
670,SP,26,"$597,000",Luke Weaver,ARI
671,2B,23,"$596,000",Luis Arraez,MIN
672,RP,28,"$595,000",Amir Garrett,CIN
673,C,27,"$595,000",Jorge Alfaro,MIA
674,2B,30,"$595,000",Jon Berti,MIA
675,OF,0,"$594,000",Solomon Maguire,PIT
676,RP,29,"$593,500",Dylan Floro,LAD
677,3B,27,"$593,500",Colin Moran,PIT
678,SP,27,"$593,500",Sean Newcomb,ATL
679,2B,26,"$593,500",David Fletcher,LAA
680,CF,23,"$592,800",Victor Robles,WSH
681,LF,27,"$592,463",J.D. Davis,NYM
682,C,26,"$592,000",Victor Caratini,CHC
683,RP,30,"$592,000",Wilmer Font,TOR
684,RP,27,"$592,000",Robert Stephenson,CIN
685,SS,21,"$591,800",Fernando Tatis Jr.,SD
686,RP,29,"$591,000",Emilio Pagan,SD
687,SP,27,"$590,700",Josh James,HOU
688,SP,28,"$590,500",Steven Brault,PIT
689,RP,28,"$590,400",Brandon Brennan,SEA
690,CF,26,"$590,100",Harrison Bader,STL
691,RP/CL,27,"$590,000",Kyle Crick,PIT
692,RP,26,"$590,000",Jace Fry,CHW
693,1B,27,"$589,500",Jose Osuna,PIT
694,CF,25,"$589,500",Bryan Reynolds,PIT
695,1B,29,"$589,500",Christian Walker,ARI
696,SS,26,"$589,000",Kevin Newman,PIT
697,RP,29,"$588,500",Chris Stratton,PIT
698,SP,24,"$588,500",Chris Paddack,SD
699,RP,27,"$588,500",Jarlin Garcia,SF
700,RP,27,"$588,500",Trevor Gott,SF
701,RP,27,"$588,500",Reyes Moronta,SF
702,CF,28,"$588,000",Adam Engel,CHW
703,RP,27,"$588,000",Nick Pivetta,PHI
704,RP,30,"$587,600",John Brebbia,STL
705,RP,30,"$587,500",Felix Pena,LAA
706,RF,27,"$587,500",Jake Cave,MIN
707,2B,21,"$587,400",Trevor Hauver,NYY
708,C,25,"$587,000",Isiah Kiner-Falefa,TEX
709,SP,27,"$586,750",Jorge Lopez,KC
710,C,30,"$586,500",Jacob Stallings,PIT
711,SP,28,"$586,500",Caleb Smith,MIA
712,DH,24,"$586,400",Franmil Reyes,CLE
713,RP,30,"$585,750",Tim Hill,SD
714,RP,27,"$585,000",Jeffrey Springs,BOS
715,P,18,"$585,000",Hunter Barnhart,TB
716,RP,30,"$584,900",Austin Pruitt,HOU
717,RP/CL,25,"$584,900",Joe Jimenez,DET
718,RP,32,"$584,500",Ryan Brasier,BOS
719,RP,27,"$584,100",Silvino Bracho,ARI
720,RP,23,"$583,500",Caleb Ferguson,LAD
721,RP,31,"$583,500",Adam Kolarek,LAD
722,SP,26,"$583,500",Max Fried,ATL
723,SP,22,"$583,500",Michael Soroka,ATL
724,3B,26,"$583,300",Jeimer Candelario,DET
725,2B,25,"$582,800",Tyler Wade,NYY
726,RP/CL,28,"$582,400",Giovanny Gallegos,STL
727,SP,25,"$582,300",Eric Lauer,MIL
728,SP,26,"$582,200",Framber Valdez,HOU
729,RP,28,"$582,200",Wander Suero,WSH
730,2B,23,"$582,100",Keston Hiura,MIL
731,SP,26,"$581,900",Trent Thornton,TOR
732,LF,25,"$581,800",Tommy Edman,STL
733,C,25,"$581,700",Carson Kelly,ARI
734,SP,27,"$581,600",Adrian Houser,MIL
735,RP,29,"$581,500",Adam Cimber,CLE
736,DH,27,"$580,900",Dan Vogelbach,SEA
737,C,25,"$580,900",Danny Jansen,TOR
738,RP,25,"$580,625",Jonathan Loaisiga,NYY
739,SP,25,"$580,500",Dakota Hudson,STL
740,C,27,"$580,500",Cameron Gallagher,KC
741,RF,26,"$580,000",Lewis Brinson,MIA
742,1B,29,"$580,000",Garrett Cooper,MIA
743,RF,25,"$580,000",Harold Ramirez,MIA
744,SP,27,"$580,000",John Means,BAL
745,1B,27,"$579,800",Mike Ford,NYY
746,RF,26,"$579,600",Derek Fisher,TOR
747,RP,27,"$579,500",Clay Holmes,PIT
748,RP,31,"$579,500",Marcus Walden,BOS
749,SS,24,"$579,500",Willy Adames,TB
750,3B,21,"$579,300",Vladimir Guerrero,TOR
751,C,30,"$579,200",Kyle Higashioka,NYY
752,LF,25,"$578,900",Austin Meadows,TB
753,1B,25,"$578,826",Dominic Smith,NYM
754,RP,23,"$578,800",Jordan Hicks,STL
755,SP,28,"$578,500",Ryan Yarbrough,TB
756,RP,27,"$578,500",Ty Buttrey,LAA
757,RP,27,"$578,100",Yoan Lopez,ARI
758,3B,26,"$578,000",Renato Nunez,BAL
759,RP,29,"$577,500",Casey Sadler,CHC
760,RP,26,"$577,500",Lucas Sims,CIN
761,SP,24,"$577,500",Mitch Keller,PIT
762,RP,28,"$577,500",Stefan Crichton,ARI
763,C,29,"$577,300",Tom Murphy,SEA
764,RP/CL,29,"$577,300",Nick Anderson,TB
765,P,21,"$577,000",Ty Brown,HOU
766,RP,29,"$577,000",Drew Steckenrider,MIA
767,RP,27,"$577,000",Josh Taylor,BOS
768,RP,27,"$577,000",Justin Anderson,LAA
769,LF,25,"$577,000",Willie Calhoun,TEX
770,1B,26,"$576,950",Ryan O'Hearn,KC
771,C,26,"$576,826",Tomas Nido,NYM
772,RP,26,"$576,700",Yonny Chirinos,TB
773,2B,25,"$576,600",Cavan Biggio,TOR
774,3B,28,"$576,600",Yandy Diaz,TB
775,LF,27,"$576,000",Austin Slater,SF
776,C,26,"$576,000",Pedro Severino,BAL
777,SS,25,"$575,800",J.P. Crawford,SEA
778,RP,29,"$575,800",Tyler Webb,STL
779,RP,26,"$575,800",Diego Castillo,TB
780,2B,30,"$575,600",Joe Wendle,TB
781,RP,26,"$575,175",Randy Rosario,KC
782,RP,32,"$575,000",Rex Brothers,CHC
783,2B,21,"$575,000",Kaden Polcovich,SEA
784,C,29,"$575,000",Elias Diaz,COL
785,RP,29,"$575,000",James Pazos,COL
786,2B,31,"$575,000",Christian Colon,CIN
787,DH,29,"$575,000",Matt Davidson,CIN
788,LF,28,"$575,000",Ryan Cordell,NYM
789,RP,29,"$575,000",Chasen Shreve,NYM
790,C,29,"$575,000",John Ryan Murphy,PIT
791,2B,33,"$575,000",Logan Forsythe,MIA
792,SP,24,"$575,000",Pablo Lopez,MIA
793,RP,29,"$575,000",Mike Morin,MIA
794,P,21,"$575,000",Levi Prater,STL
795,RP,26,"$575,000",A.J. Minter,ATL
796,RP,25,"$575,000",Alexander Reyes,STL
797,RP,33,"$575,000",Chris Rusin,ATL
798,RP,33,"$575,000",Sam Freeman,WSH
799,RP,32,"$575,000",David Hale,NYY
800,SP,29,"$575,000",Jerad Eickhoff,SD
801,SP,24,"$575,000",Dylan Cease,CHW
802,2B,32,"$575,000",Mike Freeman,CLE
803,SP,27,"$575,000",Trevor Richards,TB
804,CF,27,"$575,000",Bradley Zimmer,CLE
805,C,32,"$575,000",Kevan Smith,TB
806,C,21,"$575,000",Zavier Warren,MIL
807,SP,24,"$575,000",Zac Gallen,ARI
808,RP,26,"$575,000",Alex Young,ARI
809,C,32,"$575,000",Bryan Holaday,BAL
810,SP,31,"$575,000",Asher Wojciechowski,BAL
811,1B,27,"$575,000",Greg Bird,TEX
812,2B,31,"$575,000",Philip Gosselin,PHI
813,RP/CL,30,"$574,900",Matt Magill,SEA
814,RP,28,"$574,800",Adam Plutko,CLE
815,SP,25,"$574,600",Jose Urquidy,HOU
816,RP,27,"$574,500",Nick Burdi,PIT
817,LF,26,"$574,500",Jordan Luplow,CLE
818,CF,27,"$574,400",Tim Locastro,ARI
819,RP,28,"$574,000",Jimmy Cordero,CHW
820,RF,25,"$573,900",Victor Reyes,DET
821,SP,26,"$573,800",Ryan Borucki,TOR
822,3B,23,"$573,700",Abraham Toro-Hernandez,HOU
823,RP,27,"$573,500",Dan Altavilla,SEA
824,3B,27,"$573,500",Matt Beaty,LAD
825,SP,22,"$573,500",Dustin May,LAD
826,RP,24,"$573,500",Dennis Santana,LAD
827,C,25,"$573,500",Will Smith,LAD
828,RP,29,"$573,500",Jairo Diaz,COL
829,2B,25,"$573,500",Ryan McMahon,COL
830,SP,25,"$573,500",Antonio Senzatela,COL
831,CF,26,"$573,500",Raimel Tapia,COL
832,CF,27,"$573,500",Phillip Ervin,CIN
833,RP,27,"$573,500",Cody Reed,CIN
834,RP,31,"$573,500",Ryne Harper,WSH
835,RP,25,"$573,500",Jeremy Walker,ATL
836,SP,24,"$573,500",Kyle Wright,ATL
837,RP,28,"$573,500",Austin Brice,BOS
838,SP,27,"$573,500",Daniel Mengden,OAK
839,SP,27,"$573,500",Frankie Montas,OAK
840,SP,27,"$573,500",Spencer Turnbull,DET
841,RP,29,"$573,500",Shawn Armstrong,BAL
842,OF,25,"$573,400",Tyler O'Neill,STL
843,CF,25,"$573,400",Oscar Mercado,CLE
844,RP,25,"$573,100",Jose Alvarado,TB
845,RP,28,"$573,000",Mike Mayers,LAA
846,3B,26,"$573,000",Rio Ruiz,BAL
847,RP,28,"$572,800",Daniel Poncedeleon,STL
848,RP,24,"$572,700",Sean Reid-Foley,TOR
849,2B,28,"$572,600",Ildemaro Vargas,ARI
850,LF,25,"$572,500",Anthony Santander,BAL
851,RP,26,"$572,400",Jalen Beeks,TB
852,RP,27,"$572,200",Tanner Rainey,WSH
853,RP,27,"$572,100",Phil Maton,CLE
854,RP,27,"$572,000",Dovydas Neverauskas,PIT
855,RP,25,"$571,800",Cal Quantrill,SD
856,C,27,"$571,800",Grayson Greiner,DET
857,LF,26,"$571,600",Christin Stewart,DET
858,RP,27,"$571,500",Rowan Wick,CHC
859,RP,28,"$571,500",Brad Wieck,CHC
860,SP,25,"$571,500",Elieser Hernandez,MIA
861,RP,25,"$571,500",Jake Newberry,KC
862,RP,25,"$571,500",Seranthony Dominguez,PHI
863,CF,25,"$571,300",Myles Straw,HOU
864,RF,27,"$571,300",Greg Allen,CLE
865,2B,25,"$571,250",Nicholas Lopez,KC
866,RP,30,"$571,200",Andrew Kittredge,TB
867,RP,31,"$571,200",Jose Cisnero,DET
868,CF,25,"$571,100",Franchy Cordero,KC
869,C,29,"$571,000",Kyle Farmer,CIN
870,2B,24,"$571,000",Michael Chavis,BOS
871,RP,27,"$571,000",Paul Fry,BAL
872,C,25,"$571,000",Chance Sisco,BAL
873,RF,27,"$571,000",Dwight Smith Jr.,BAL
874,C,28,"$571,000",Willians Astudillo,MIN
875,RP,25,"$571,000",Randy Dobnak,MIN
876,RP,24,"$571,000",Zack Littell,MIN
877,RP,24,"$571,000",Devin Smeltzer,MIN
878,RP,26,"$571,000",Cody Stashak,MIN
879,RP,33,"$570,900",Austin Adams,SEA
880,C,30,"$570,800",Austin Nola,SEA
881,3B,26,"$570,700",Harold Castro,DET
882,SP,24,"$570,500",Griffin Canning,LAA
883,RP,25,"$570,500",Brett Martin,TEX
884,SS,27,"$570,100",Dylan Moore,SEA
885,SS,25,"$570,100",Dawel Lugo,DET
886,SS,22,"$570,000",Bo Bichette,TOR
887,3B,25,"$570,000",Nick Senzel,CIN
888,RP,26,"$570,000",Austin Gomber,STL
889,SS,26,"$570,000",Tzu-Wei Lin,BOS
890,SP,25,"$570,000",Corbin Burnes,MIL
891,RP,26,"$570,000",Carson Fulmer,DET
892,SS,23,"$570,000",Luis Rengifo,LAA
893,RP,24,"$570,000",Ranger Suarez,PHI
894,RP,24,"$569,800",Jose Castillo,SD
895,C,24,"$569,800",Francisco Mejia,SD
896,SP,27,"$569,750",Tyler Beede,SF
897,RF,29,"$569,750",Mike Yastrzemski,SF
898,RF,26,"$569,625",Brett Phillips,KC
899,SP,28,"$569,500",Alec Mills,CHC
900,RP,27,"$569,500",Colten Brewer,BOS
901,CF,24,"$569,500",Adam Haseley,PHI
902,C,25,"$569,400",Reese McGuire,TOR
903,CF,27,"$569,000",Roman Quinn,PHI
904,RP,25,"$569,000",Ryan Helsley,STL
905,SP,28,"$568,900",Austin Voth,WSH
906,CF,24,"$568,800",Lane Thomas,STL
907,2B,23,"$568,800",Luis Urias,MIL
908,RP,25,"$568,700",Nestor Cortes,SEA
909,LF,23,"$568,700",Kyle Tucker,HOU
910,RP,26,"$568,600",Kevin Ginkel,ARI
911,2B,25,"$568,500",Garrett Hampson,COL
912,RP,27,"$568,500",Jeff Hoffman,COL
913,RP,29,"$568,500",Tyler Kinley,COL
914,2B,25,"$568,500",Josh VanMeter,CIN
915,3B,23,"$568,500",Austin Riley,ATL
916,1B,23,"$568,500",Josh Naylor,SD
917,SS,24,"$568,500",Franklin Barreto,OAK
918,OF,25,"$568,500",Ramon Laureano,OAK
919,RP,28,"$568,500",Lou Trivino,OAK
920,RP,27,"$568,500",J.B. Wendelken,OAK
921,RP,25,"$568,500",Tanner Scott,BAL
922,RP,26,"$568,400",Colin Poche,TB
923,RP,27,"$568,300",Cy Sneed,HOU
924,CF,27,"$568,250",Bubba Starling,KC
925,2B,28,"$568,000",Breyvic Valera,TOR
926,SS,25,"$568,000",Richie Martin,BAL
927,RP,27,"$567,800",Jordan Romano,TOR
928,RP,25,"$567,800",Gregory Soto,DET
929,2B,24,"$567,600",Shed Long,SEA
930,RP,26,"$567,600",Erik Swanson,SEA
931,CF,24,"$567,500",Austin Hays,BAL
932,RP,29,"$567,500",Luke Farrell,TEX
933,RF,26,"$567,500",D.J. Stewart,BAL
934,RP,23,"$567,200",Bryan Abreu,HOU
935,3B,25,"$567,100",Ty France,SD
936,1B,25,"$567,000",Matt Thaiss,LAA
937,OF,25,"$566,800",Anthony Alford,TOR
938,RF,23,"$566,800",Trent Grisham,SD
939,2B,26,"$566,700",Timmy Lopes,SEA
940,RP,27,"$566,625",Sam Coonrod,SF
941,2B,25,"$566,625",Mauricio Dubon,SF
942,C,27,"$566,625",Aramis Garcia,SF
943,RP,23,"$566,625",Logan Webb,SF
944,C,27,"$566,600",Michael Perez,TB
945,RP,25,"$566,600",Tyler Alexander,DET
946,3B,26,"$566,500",Taylor Ward,LAA
947,RP,25,"$566,500",Evan Phillips,BAL
948,RF,25,"$566,400",Travis Demeritte,DET
949,SP,24,"$566,300",Justus Sheffield,SEA
950,RP,21,"$566,300",Andres Munoz,SD
951,RP,25,"$566,300",Devin Williams,MIL
952,RP,30,"$566,200",Ray Black,MIL
953,SS,25,"$566,054",Luis Guillorme,NYM
954,RP,26,"$566,025",Walker Lockett,NYM
955,RP,21,"$566,000",Brusdar Graterol,LAD
956,1B,26,"$566,000",Edwin Rios,LAD
957,RP,26,"$566,000",Drew Smith,NYM
958,1B,28,"$566,000",Rangel Ravelo,STL
959,RP,23,"$566,000",Darwinzon Hernandez,BOS
960,RP,30,"$566,000",Chris Mazza,BOS
961,C,26,"$566,000",Austin Allen,OAK
962,RP,26,"$565,950",Josh Staumont,KC
963,RP,25,"$565,750",Chance Adams,KC
964,SP,24,"$565,700",Corbin Martin,ARI
965,RP,25,"$565,600",Anthony Kay,TOR
966,RP,26,"$565,500",Yency Almonte,COL
967,RP,25,"$565,500",Phillip Diehl,COL
968,1B,27,"$565,500",Josh Fuentes,COL
969,CF,26,"$565,500",Sam Hilliard,COL
970,SS,25,"$565,500",Christian Arroyo,CLE
971,2B,25,"$565,500",Nick Solak,TEX
972,C,27,"$565,500",Jose Trevino,TEX
973,SS,23,"$565,000",Nico Hoerner,CHC
974,RP,25,"$565,000",Duane Underwood,CHC
975,LF,24,"$565,000",Kyle Lewis,SEA
976,SP,26,"$565,000",Matt Hall,BOS
977,RP,25,"$565,000",Hunter Harvey,BAL
978,RP,30,"$565,000",Cole Sulser,BAL
979,3B,25,"$564,900",Andrew Velazquez,BAL
980,RP,24,"$564,800",Javier Guerra,SD
981,RP,22,"$564,800",Emmanuel Clase,CLE
982,1B,28,"$564,775",Ryan McBroom,KC
983,RP,29,"$564,750",Tyler Rogers,SF
984,3B,22,"$564,700",Carter Kieboom,WSH
985,RP,26,"$564,700",Pete Fairbanks,TB
986,SP,24,"$564,500",Justin Dunn,SEA
987,SP,23,"$564,500",Brock Burke,TEX
988,OF,27,"$564,500",Adolis Garcia,TEX
989,RP,23,"$564,500",Jonathan Hernandez,TEX
990,RP,25,"$564,400",Bryan Garcia,DET
991,RP,25,"$564,300",David Bednar,SD
992,SP,23,"$564,000",Yennsy Diaz,TOR
993,RF,25,"$563,800",Jake Fraley,SEA
994,SS,23,"$563,500",Ryan Mountcastle,BAL
995,CF,25,"$563,500",Cedric Mullins,BAL
996,RP,27,"$563,500",Austin Davis,PHI
997,SS,27,"$563,500",Pat Valaika,BAL
998,RF,28,"$563,500",Kyle Garlick,PHI
999,RP,26,"$563,500",Cole Irvin,PHI
