,Player,Club,POS,GP,GS,MINS,G,A,SHTS,SOG,PKG/A,SC%,SOG%
0,Carlos Vela,LAFC,F,31,31,2726,34,15,160,71,9/11,21.3,44.4
1,Zlatan Ibrahimovic,LA,F,29,29,2610,30,7,151,65,6/7,19.9,43.0
2,Josef Martinez,ATL,F,29,29,2581,27,4,117,50,5/6,23.1,42.7
3,Diego Rossi,LAFC,F,34,33,2899,16,7,108,49,0/0,14.8,45.4
4,Kei Kamara,COL,F,29,29,2541,14,1,94,44,4/7,14.9,46.8
5,Daniel Royer,RBNY,M,31,26,2321,11,8,85,38,4/5,12.9,44.7
6,Kacper Przybylko,PHI,F,26,25,2241,15,4,81,37,0/1,18.5,45.7
7,Jefferson Savarino,RSL,F,28,27,2320,8,5,79,37,0/0,10.1,46.8
8,Vako,SJ,M,32,24,2097,8,5,110,36,0/0,7.3,32.7
9,Cristian Espinoza,SJ,M,30,30,2533,2,13,95,36,0/0,2.1,37.9
10,Alexandru Mitrita,NYC,F,29,24,2131,12,3,94,34,0/0,12.8,36.2
11,Alberth Elis,HOU,F,26,22,1921,9,10,82,33,2/2,11.0,40.2
12,Chris Wondolowski,SJ,F,32,24,1982,15,2,79,33,0/0,19.0,41.8
13,Sebastian Blanco,POR,M-F,30,28,2511,6,11,106,32,0/0,5.7,30.2
14,Diego Valeri,POR,M,31,29,2600,8,16,83,32,2/4,9.6,38.6
15,Valentin Castellanos,NYC,F,30,23,2052,11,7,80,31,0/0,13.8,38.8
16,Aleksandar Katai,CHI,M,29,24,2103,6,7,105,31,0/0,5.7,29.5
17,Albert Rusnak,RSL,M,29,28,2456,10,5,76,31,4/5,13.2,40.8
18,Alejandro Pozuelo,TOR,M,30,28,2524,12,12,76,31,5/6,15.8,40.8
19,Brian Fernandez,POR,F,19,16,1411,11,1,69,30,0/0,15.9,43.5
20,Mauro Manotas,HOU,F,32,28,2539,13,8,92,30,1/2,14.1,32.6
21,Felipe Gutiérrez,SKC,M,32,31,2722,12,3,65,29,5/6,18.5,44.6
22,Christian Ramirez,HOU,F,27,20,1628,9,3,52,28,0/0,17.3,53.8
23,Raul Ruidiaz,SEA,F,22,20,1793,11,3,72,28,0/0,15.3,38.9
24,Nicolas Mezquida,COL,F-M,32,11,1405,4,6,66,27,1/1,6.1,40.9
0,Yordy Reyna,VAN,M-F,25,22,1988,7,1,60,27,0/1,11.7,45.0
1,Darwin Quintero,HOU,F,30,26,2208,10,5,81,27,4/5,12.3,33.3
2,Wayne Rooney,DC,F-M,28,27,2318,11,8,84,27,4/4,13.1,32.1
3,CJ Sapong,CHI,F,32,29,2551,13,2,62,27,0/0,21.0,43.5
4,Heber,NYC,F,22,18,1575,15,4,56,26,0/0,26.8,46.4
5,Dom Dwyer,ORL,F,27,16,1614,7,4,66,26,0/0,10.6,39.4
6,Nani,ORL,M,30,26,2277,12,10,64,26,3/5,18.8,40.6
7,Gyasi Zardes,CLB,F,28,28,2478,13,2,62,26,3/3,21.0,41.9
8,Gustavo Bou,NE,F,14,13,1155,9,2,61,25,0/0,14.8,41.0
9,Danny Hoesen,SJ,F,30,12,1464,5,3,59,25,0/0,8.5,42.4
10,Maximiliano Moralez,NYC,M,29,28,2434,7,20,51,25,4/8,13.7,49.0
11,Julian Gressel,DC,M,33,31,2693,6,12,69,25,0/0,8.7,36.2
12,Jozy Altidore,TOR,F,22,18,1691,11,7,50,24,0/0,22.0,48.0
13,Fredy Montero,VAN,F,32,22,2098,8,3,60,24,4/4,13.3,40.0
14,Pity Martinez,ATL,M,32,26,2151,5,9,83,24,2/3,6.0,28.9
15,Przemyslaw Frankowski,CHI,M,31,24,2300,5,9,55,24,0/0,9.1,43.6
16,Saphir Taider,MTL,F,32,31,2728,9,7,73,24,5/5,12.3,32.9
17,Carles Gil,NE,F,34,34,3052,10,14,67,24,4/5,14.9,35.8
18,Fafa Picault,DAL,M,32,21,1866,4,4,53,23,0/0,7.5,43.4
19,Paul Arriola,DC,M-F,29,28,2433,6,2,60,23,0/0,10.0,38.3
20,Magnus Eriksson,SJ,F,32,32,2807,6,10,88,23,1/1,6.8,26.1
21,Nemanja Nikolic,CHI,F,31,25,2003,12,0,48,22,2/2,25.0,45.8
22,Johnny Russell,SKC,F,28,24,2115,9,9,56,22,0/0,16.1,39.3
23,Jesus Ferreira,DAL,F,33,29,2453,8,6,59,22,0/0,13.6,37.3
24,Marco Fabian,PHI,M,23,15,1249,7,1,65,21,2/4,10.8,32.3
0,Allan Cruz,CIN,M,22,21,1743,7,1,38,21,0/0,18.4,55.3
1,Tesho Akindele,ORL,F-M,28,22,1880,10,2,42,21,0/0,23.8,50.0
2,Jamiro Monteiro,PHI,M,26,22,2048,4,9,50,21,2/3,8.0,42.0
3,Teal Bunbury,NE,F,32,25,2191,6,2,62,21,0/0,9.7,33.9
4,Jeremy Ebobisse,POR,F,34,25,2310,11,1,52,21,0/0,21.2,40.4
5,Maximiliano Urruti,MTL,F,31,27,2436,4,6,54,21,1/1,7.4,38.9
6,Pedro Santos,CLB,M,33,30,2763,11,6,75,21,1/1,14.7,28.0
7,Memo Rodriguez,HOU,M,26,16,1392,7,5,47,20,0/0,14.9,42.6
8,Angelo Rodriguez,MIN,F,28,21,1751,5,2,55,20,0/0,9.1,36.4
9,Cristian Penilla,NE,F,30,18,1780,6,8,58,20,1/1,10.3,34.5
10,Dominique Badji,NSH,F,28,24,2040,6,3,41,20,0/0,14.6,48.8
11,Jordan Morris,SEA,F,26,24,2047,10,7,42,20,0/0,23.8,47.6
12,Andre Shinyashiki,COL,F,31,18,1670,7,3,51,19,0/0,13.7,37.3
13,Luciano Acosta,DC,M-F,31,22,2119,6,2,58,19,0/0,10.3,32.8
14,Adama Diomande,LAFC,F,25,15,1436,8,7,58,18,0/0,13.8,31.0
15,Krisztian Nemeth,SKC,F,24,18,1559,8,2,53,18,0/1,15.1,34.0
16,Uriel Antuna,LA,M,31,29,2427,6,5,49,18,0/0,12.2,36.7
17,Nicolás Lodeiro,SEA,M,28,28,2500,7,12,53,18,2/2,13.2,34.0
18,Michael Barrios,DAL,M,32,31,2731,5,15,56,18,0/0,8.9,32.1
19,Sam Nicholson,COL,F,27,19,1769,2,4,49,17,0/0,4.1,34.7
20,Nick DeLeon,TOR,M,32,23,1856,6,4,42,17,0/0,14.3,40.5
21,Eduard Atuesta,LAFC,M,30,30,2636,3,11,43,17,0/0,7.0,39.5
22,Ryan Hollingshead,DAL,M,34,33,2961,6,3,44,17,0/0,13.6,38.6
23,Ezequiel Barco,ATL,M,15,11,980,4,3,32,16,0/0,12.5,50.0
24,Daniel Salloi,SKC,F,28,16,1541,1,1,49,16,0/1,2.0,32.7
0,Jan Gregus,MIN,M,30,30,2679,1,12,59,16,0/0,1.7,27.1
1,Zdenek Ondrasek,DAL,F,17,7,747,7,2,26,15,0/0,26.9,57.7
2,Cristian Pavon,LA,M,11,11,974,3,8,34,15,0/0,8.8,44.1
3,Sebastian Saucedo,RSL,F,26,13,1189,2,4,41,15,0/0,4.9,36.6
4,Gerso Fernandes,SKC,F,25,20,1749,2,6,40,15,0/0,5.0,37.5
5,Orji Okwonkwo,MTL,M,28,24,1784,8,2,55,15,0/0,14.5,27.3
6,Diego Rubio,COL,F,26,25,2065,11,5,49,15,0/0,22.4,30.6
7,Marc Rzatkowski,RBNY,M,28,26,2317,2,8,41,15,0/0,4.9,36.6
8,Damir Kreilach,RSL,M,32,32,2666,6,5,59,15,1/1,10.2,25.4
9,Alexander Ring,NYC,M,31,31,2790,4,5,47,15,0/0,8.5,31.9
10,Inbeom Hwang,VAN,M,34,31,2807,3,5,48,15,1/1,6.3,31.3
11,Jonathan Osorio,TOR,M,24,18,1756,5,4,27,14,0/1,18.5,51.9
12,Corey Baird,RSL,F,31,23,2104,5,4,31,14,0/0,16.1,45.2
13,Ali Adnan,VAN,D,28,28,2412,1,5,38,14,0/1,2.6,36.8
14,Marvin Loria,POR,M,19,8,699,2,1,20,13,0/0,10.0,65.0
15,Mason Toye,MIN,F,17,9,820,6,3,27,13,0/0,22.2,48.1
16,Santiago Mosquera,DAL,M,23,12,1171,3,2,36,13,0/0,8.3,36.1
17,Favio Alvarez,LA,M,18,16,1272,3,5,32,13,0/0,9.4,40.6
18,Robinho,ORL,M,25,16,1322,0,2,39,13,0/0,0.0,33.3
19,Chris Mueller,ORL,F,29,16,1370,5,4,40,13,0/0,12.5,32.5
20,Alejandro Romero Gamarra,RBNY,M,26,21,1925,5,6,36,13,0/0,13.9,36.1
21,Nicolas Gaitan,CHI,M,27,25,2012,4,12,34,13,1/3,11.8,38.2
22,Mark-Anthony Kaye,LAFC,M,31,27,2501,4,8,36,13,0/0,11.1,36.1
23,Reto Ziegler,DAL,D,32,32,2880,5,0,26,13,4/5,19.2,50.0
24,Jordan Hamilton,CLB,F,18,7,679,4,0,24,12,0/0,16.7,50.0
0,Romell Quioto,MTL,M,18,8,794,2,2,27,12,1/1,7.4,44.4
1,David Accam,NSH,F,23,12,1001,6,3,24,12,0/0,25.0,50.0
2,Yohan Croizet,SKC,M,20,12,1091,3,2,24,12,0/0,12.5,50.0
3,Sam Johnson,RSL,F,24,15,1301,9,0,31,12,0/0,29.0,38.7
4,Keaton Parks,NYC,M,22,14,1317,1,1,21,12,0/0,4.8,57.1
5,Brian White,RBNY,F,19,17,1345,9,2,29,12,0/0,31.0,41.4
6,Harry Shipp,SEA,M,25,15,1382,5,3,32,12,0/0,15.6,37.5
7,Emmanuel Ledesma,CIN,M,26,20,1767,6,5,49,12,3/4,12.2,24.5
8,Kellyn Acosta,COL,M,31,30,2619,2,2,35,12,0/0,5.7,34.3
9,Anton Tinnerholm,NYC,D,30,30,2632,1,8,32,12,0/0,3.1,37.5
10,Lucas Rodriguez,DC,M,33,31,2707,6,3,41,12,0/0,14.6,29.3
11,Tsubasa Endoh,TOR,M,13,10,878,3,2,19,11,0/0,15.8,57.9
12,Gianluca Busio,SKC,M-F,22,10,923,3,1,27,11,0/0,11.1,40.7
13,Ismael Tajouri-Shradi,NYC,F,19,11,940,5,4,26,11,0/0,19.2,42.3
14,Bradley Wright-Phillips,LAFC,F,24,9,1098,2,4,33,11,0/0,6.1,33.3
15,Alex Muyl,RBNY,M,24,17,1401,3,3,23,11,0/0,13.0,47.8
16,Justin Meram,RSL,M,29,18,1649,4,0,27,11,0/0,14.8,40.7
17,Roland Lamah,CIN,M,28,22,1782,1,3,29,11,0/0,3.4,37.9
18,Ethan Finlay,MIN,M,33,22,1912,7,3,36,11,2/2,19.4,30.6
19,Bryan Acosta,DAL,M,26,23,2074,2,1,54,11,0/0,3.7,20.4
20,Sebastian Lletget,LA,M,29,27,2316,3,6,32,11,0/0,9.4,34.4
21,Tomas Martinez,HOU,M,33,30,2329,5,3,53,11,0/0,9.4,20.8
22,Francisco Calvo,CHI,D,30,28,2565,4,2,43,11,0/0,9.3,25.6
23,Ilsinho,PHI,M,28,7,1083,5,8,22,10,0/0,22.7,45.5
24,Victor Rodriguez,SEA,M,17,14,1124,2,3,26,10,1/1,7.7,38.5
0,Cristhian Paredes,POR,M,22,19,1651,4,2,37,10,0/0,10.8,27.0
1,Paxton Pomykal,DAL,M,25,20,1876,2,5,28,10,0/0,7.1,35.7
2,Juan Agudelo,MIA,F,28,21,1954,3,2,37,10,0/0,8.1,27.0
3,Cristian Roldan,SEA,M,29,29,2538,6,5,31,10,0/0,19.4,32.3
4,Latif Blessing,LAFC,F,34,29,2689,6,6,42,10,0/0,14.3,23.8
5,Jack Elliott,PHI,D,34,34,3060,2,0,25,10,0/0,8.0,40.0
6,Lassi Lappalainen,MTL,M,11,8,683,5,1,17,9,0/0,29.4,52.9
7,Luis Diaz,CLB,M,13,9,797,2,4,18,9,0/0,11.1,50.0
8,Erik Hurtado,SKC,F,13,8,815,2,0,20,9,0/0,10.0,45.0
9,Kevin Molino,MIN,M,17,11,910,3,4,29,9,0/0,10.3,31.0
10,Hector Villalba,ATL,F,20,10,938,1,4,36,9,0/0,2.8,25.0
11,Benji Michel,ORL,F,17,9,943,5,1,11,9,0/0,45.5,81.8
12,Juan Fernando Caicedo,NE,F,27,13,1068,5,3,26,9,0/0,19.2,34.6
13,Jonathan Lewis,COL,F,22,12,1113,5,4,17,9,0/0,29.4,52.9
14,Brandon Servania,DAL,M,18,13,1118,2,3,27,9,0/0,7.4,33.3
15,Darren Mattocks,CIN,F,21,13,1274,3,3,27,9,1/1,11.1,33.3
16,Shea Salinas,SJ,M,28,12,1337,6,3,21,9,0/0,28.6,42.9
17,Kekuta Manneh,CIN,F,27,15,1498,4,3,29,9,0/0,13.8,31.0
18,Brenden Aaronson,PHI,M,28,25,1722,3,2,34,9,0/0,8.8,26.5
19,Tommy Smith,COL,D,27,27,2415,3,2,23,9,0/0,13.0,39.1
20,Alejandro Bedoya,PHI,M,32,32,2834,4,4,27,9,0/0,14.8,33.3
21,Frederic Brillant,DC,D,34,33,2961,2,2,27,9,0/0,7.4,33.3
22,Romario Ibarra,MIN,M,8,4,381,2,1,12,8,0/0,16.7,66.7
23,Tom Barlow,RBNY,F,12,8,605,3,0,15,8,0/0,20.0,53.3
24,Brandon Vazquez,CIN,F,11,7,637,2,1,22,8,1/1,9.1,36.4
0,Jesus Medina,NYC,M,18,6,726,3,2,16,8,1/1,18.8,50.0
1,Diego Fagundez,NE,M,25,13,1176,2,3,22,8,0/1,9.1,36.4
2,Djordje Mihailovic,CHI,M,27,16,1448,3,2,24,8,0/0,12.5,33.3
3,Thomas McNamara,HOU,M,33,15,1530,2,3,18,8,0/0,11.1,44.4
4,Harrison Afful,CLB,D,22,22,1905,0,2,19,8,0/0,0.0,42.1
5,Marky Delgado,TOR,M,30,29,2554,2,7,41,8,0/0,4.9,19.5
6,Jackson Yueill,SJ,M,32,29,2668,3,5,36,8,0/0,8.3,22.2
7,Gary Mackay-Steven,NYC,F,12,5,525,1,1,17,7,0/0,5.9,41.2
8,Dairon Asprilla,POR,M-F,13,7,565,2,1,21,7,1/1,9.5,33.3
9,Sergio Santos,PHI,F,17,5,622,4,1,21,7,0/0,19.0,33.3
10,Theo Bair,VAN,F,17,10,824,2,2,12,7,0/0,16.7,58.3
11,Kelyn Rowe,NE,M,18,9,870,0,2,23,7,0/0,0.0,30.4
12,Joevin Jones,SEA,D-M,17,9,921,0,2,14,7,0/0,0.0,50.0
13,Cole Bassett,COL,M,20,14,1063,2,2,13,7,0/0,15.4,53.8
14,Federico Higuain,DC,F,14,13,1133,1,5,19,7,0/1,5.3,36.8
15,Lee Nguyen,MIA,M,23,11,1170,0,4,18,7,0/0,0.0,38.9
16,Hassani Dotson,MIN,M-D,24,15,1403,4,0,15,7,0/0,26.7,46.7
17,Ulises Segura,DC,M,33,19,1788,3,2,28,7,0/0,10.7,25.0
18,Larrys Mabiala,POR,D,22,22,1904,2,0,22,7,0/0,9.1,31.8
19,Jorge Moreira,POR,D,26,25,2233,2,4,29,7,0/0,6.9,24.1
20,Graham Zusi,SKC,M,27,26,2351,0,2,37,7,0/0,0.0,18.9
21,Brandon Bye,NE,D,30,30,2657,2,2,22,7,0/0,9.1,31.8
22,Mathieu Deplagne,CIN,D,33,33,2878,1,2,23,7,0/0,4.3,30.4
23,Haris Medunjanin,CIN,M,34,34,3060,1,10,34,7,0/0,2.9,20.6
24,Ola Kamara,DC,F,5,3,257,3,0,8,6,0/0,37.5,75.0
0,Michaell Chirinos,VAN,F,7,4,412,1,1,10,6,0/0,10.0,60.0
1,Josh Perez,LFC,F,13,4,454,1,1,12,6,0/0,8.3,50.0
2,Andreas Ivan,NY,M,12,5,486,1,2,21,6,0/0,4.8,28.6
3,Omir Fernandez,RBNY,M,18,3,568,2,2,12,6,0/0,16.7,50.0
4,Robin Lod,MIN,M,10,6,583,0,0,13,6,0/0,0.0,46.2
5,Bojan Krkic,MTL,M,8,7,608,3,0,18,6,0/0,16.7,33.3
6,Anthony Jackson-Hamel,MTL,F,16,6,618,3,0,16,6,0/0,18.8,37.5
7,Derrick Etienne Jr.,CLB,M,16,7,684,1,1,13,6,0/0,7.7,46.2
8,Fanendo Adi,CLB,F,12,7,695,1,0,20,6,0/0,5.0,30.0
9,Abu Danladi,NSH,F,24,4,704,2,2,22,6,0/0,9.1,27.3
10,Fabian Herbers,CHI,F,17,7,775,3,1,18,6,0/0,16.7,33.3
11,Emerson Hyndman,ATL,M,15,10,983,1,3,15,6,0/0,6.7,40.0
12,Luis Argudo,MIA,M,21,10,1062,1,3,19,6,0/0,5.3,31.6
13,Lucas Venuto,VAN,M,22,12,1132,3,1,14,6,0/0,21.4,42.9
14,Roger Espinoza,SKC,M,16,15,1149,0,3,16,6,0/0,0.0,37.5
15,Sacha Kljestan,LA,M,23,13,1352,1,3,19,6,0/0,5.3,31.6
16,Will Johnson,ORL,D,21,20,1697,1,1,28,6,0/0,3.6,21.4
17,Benny Feilhaber,COL,M,26,20,1724,4,4,28,6,0/0,14.3,21.4
18,Cristian Casseres Jr.,RBNY,M,23,21,1801,3,4,25,6,0/0,12.0,24.0
19,Bill Tuiloma,POR,D-M,25,21,1919,1,0,28,6,0/0,3.6,21.4
20,Ronald Matarrita,NYC,D,24,24,1979,1,1,25,6,0/0,4.0,24.0
21,Doneil Henry,VAN,D,25,24,2123,4,1,12,6,0/0,33.3,50.0
22,Daniel Lovitz,NSH,D,28,28,2520,0,2,12,6,0/0,0.0,50.0
23,Daniel Steres,LA,D,30,30,2615,3,0,20,6,0/0,15.0,30.0
24,Florian Jungwirth,SJ,D,30,30,2671,0,2,19,6,0/0,0.0,31.6
0,Dax McCarty,NSH,M,32,32,2850,1,4,21,6,0/0,4.8,28.6
1,Miles Robinson,ATL,D,34,33,2978,0,0,19,6,0/0,0.0,31.6
2,Steven Birnbaum,DC,D,34,34,3032,1,1,29,6,0/0,3.4,20.7
3,Joao Plata,RSL,F,17,2,305,1,0,14,5,1/1,7.1,35.7
4,Tomas Conechny,POR,M,16,2,348,1,3,10,5,0/0,10.0,50.0
5,Brian Rodriguez,LAFC,F,7,5,385,0,0,17,5,0/0,0.0,29.4
6,Will Bruin,SEA,F,9,4,428,2,1,8,5,0/0,25.0,62.5
7,Fatai Alashe,CIN,M,11,4,434,1,0,8,5,0/0,12.5,62.5
8,Youness Mokhtar,CLB,M,8,5,442,1,0,14,5,0/0,7.1,35.7
9,Joseph-Claude Gyau,CIN,M,8,5,461,0,1,12,5,0/0,0.0,41.7
10,Tosaint Ricketts,VAN,F,8,6,482,1,2,10,5,0/0,10.0,50.0
11,Cory Burke,PHI,F,7,5,490,2,0,14,5,0/0,14.3,35.7
12,Efrain Alvarez,LA,M,14,4,518,0,3,12,5,0/0,0.0,41.7
13,Chris Pontius,LA,M,18,6,697,2,3,18,5,0/0,11.1,27.8
14,Zachary Brault-Guillard,MTL,D,13,9,871,0,1,11,5,0/0,0.0,45.5
15,Dave Romney,NSH,D,12,10,928,0,1,8,5,0/0,0.0,62.5
16,Emmanuel Boateng,DC,M,24,7,930,1,1,14,5,0/0,7.1,35.7
17,Bressan,DAL,D,18,12,1119,1,1,8,5,0/0,12.5,62.5
18,Frankie Amaya,CIN,M,19,15,1241,0,0,16,5,0/0,0.0,31.3
19,Danny Wilson,COL,D,20,15,1329,2,1,13,5,0/0,15.4,38.5
20,Brandt Bronico,CHI,M,29,20,1864,1,3,14,5,0/0,7.1,35.7
21,Leonardo Bertone,CIN,M,25,22,2055,1,2,28,5,0/0,3.6,17.9
22,Aaron Long,RBNY,D,24,24,2115,2,1,19,5,0/0,10.5,26.3
23,Walker Zimmerman,NSH,D,25,25,2169,1,1,21,5,0/0,4.8,23.8
24,Justin Morrow,TOR,D,28,26,2349,1,3,15,5,0/0,6.7,33.3
0,Michael Bradley,TOR,M,27,26,2372,3,3,22,5,0/0,13.6,22.7
1,Kelvin Leerdam,SEA,D,29,27,2393,5,2,22,5,0/0,22.7,22.7
2,Jonathan dos Santos,LA,M,29,29,2546,2,3,14,5,1/1,14.3,35.7
3,Ike Opara,MIN,D,30,29,2566,3,1,22,5,0/0,13.6,22.7
4,Leandro Gonzalez Pirez,MIA,D,31,31,2701,1,1,22,5,0/0,4.5,22.7
5,Aaron Herrera,RSL,D,32,31,2768,0,4,19,5,0/0,0.0,26.3
6,Romario Williams,ATL,F,9,1,159,1,0,7,4,0/0,14.3,57.1
7,Luis Silva,SEA,F,5,2,197,0,0,11,4,0/0,0.0,36.4
8,Raheem Edwards,MIN,M,4,2,244,1,0,7,4,0/0,14.3,57.1
9,Joaquin Ardaiz,VAN,F,16,3,405,0,0,12,4,0/0,0.0,33.3
10,Marlon Hairston,MIN,M,12,5,412,0,0,6,4,0/0,0.0,66.7
11,Quincy Amarikwa,DC,F,23,3,414,1,1,13,4,0/0,7.7,30.8
12,Nicolas Benezet,COL,F,8,5,438,2,0,14,4,0/0,14.3,28.6
13,Harry Novillo,MTL,M,11,5,439,1,2,11,4,0/0,9.1,36.4
14,Patrick Mullins,TOR,F,17,6,542,2,0,15,4,0/0,13.3,26.7
15,Rashawn Dally,CIN,F,12,8,546,1,0,10,4,0/0,10.0,40.0
16,Omar Browne,MTL,M,10,5,564,2,2,16,4,0/0,12.5,25.0
17,Handwalla Bwana,SEA,M,15,6,567,1,1,10,4,0/0,10.0,40.0
18,Lass Bangoura,VAN,M,17,7,634,1,1,11,4,0/0,9.1,36.4
19,Jacob Shaffelburg,TOR,M-F,10,8,672,0,1,11,4,0/0,0.0,36.4
20,Ignacio Piatti,MTL,M,11,9,757,3,1,20,4,0/0,15.0,20.0
21,Graham Smith,SKC,D,11,10,882,1,1,8,4,0/0,12.5,50.0
22,Roman Torres,MIA,D,17,12,1127,1,0,14,4,0/0,7.1,28.6
23,Marcos Lopez,SJ,D,18,15,1168,0,1,10,4,0/0,0.0,40.0
24,Omar Gonzalez,TOR,D,14,14,1260,1,1,12,4,0/0,8.3,33.3
0,DeJuan Jones,NE,D,20,14,1296,1,1,13,4,0/0,7.7,30.8
1,Richie Laryea,TOR,M,20,16,1468,1,2,17,4,0/0,5.9,23.5
2,Amro Tarek,RBNY,D,20,19,1477,1,1,8,4,0/0,12.5,50.0
3,Nick Lima,SJ,D,24,21,1810,1,2,17,4,0/0,5.9,23.5
4,Gustav Svensson,SEA,M,22,21,1813,0,1,19,4,0/0,0.0,21.1
5,Andy Rose,VAN,M,24,20,1850,1,1,14,4,0/0,7.1,28.6
6,Judson,SJ,M,27,23,1915,1,0,15,4,0/0,6.7,26.7
7,Auston Trusty,COL,D,22,22,1966,1,0,11,4,0/0,9.1,36.4
8,Brad Smith,SEA,D,25,22,1974,0,6,11,4,0/0,0.0,36.4
9,Lalas Abubakar,COL,D,23,23,2070,0,0,13,4,0/0,0.0,30.8
10,Ruan,ORL,D,25,23,2096,0,5,8,4,0/0,0.0,50.0
11,Kyle Beckerman,RSL,M,25,24,2134,0,5,17,4,0/0,0.0,23.5
12,Kendall Waston,CIN,D,25,24,2175,1,0,18,4,0/0,5.6,22.2
13,Bacary Sagna,MTL,D,26,25,2180,1,3,13,4,0/0,7.7,30.8
14,Maynor Figueroa,HOU,D,25,25,2249,0,3,28,4,0/0,0.0,14.3
15,Leonardo Jara,DC,D,30,25,2291,1,5,34,4,0/0,2.9,11.8
16,Tommy Thompson,SJ,D,30,28,2296,2,1,13,4,0/0,15.4,30.8
17,Joe Corona,LA,M,31,26,2324,1,3,18,4,0/0,5.6,22.2
18,Nedum Onuoha,RSL,D,27,26,2336,1,0,9,4,0/0,11.1,44.4
19,Ilie Sanchez,SKC,M,32,27,2509,2,5,20,4,1/1,10.0,20.0
20,Diego Polenta,LA,D,28,28,2520,1,6,18,4,0/0,5.6,22.2
21,Bastian Schweinsteiger,CHI,M,30,30,2676,1,3,24,4,0/0,4.2,16.7
22,Darlington Nagbe,CLB,M,33,32,2825,2,4,21,4,0/0,9.5,19.0
23,Peter-Lee Vassell,LFC,M,6,2,177,0,1,5,3,0/0,0.0,60.0
24,Adrien Perez,LAFC,F,12,1,206,1,0,7,3,0/0,14.3,42.9
0,Ayo Akinola,TOR,F,8,2,253,1,1,8,3,0/0,12.5,37.5
1,Justin Dhillon,SEA,F,5,3,264,0,0,7,3,0/0,0.0,42.9
2,Romain Alessandrini,LA,M,5,5,281,0,1,8,3,0/0,0.0,37.5
3,Santiago Patiño,ORL,F,11,3,322,2,1,12,3,0/0,16.7,25.0
4,Vincent Bezecourt,NY,M,8,7,453,0,1,11,3,0/0,0.0,27.3
5,Josh Sims,NY,M,7,5,478,0,1,11,3,0/0,0.0,27.3
6,Mohamed El-Munir,LAFC,D,15,4,581,1,0,11,3,0/0,9.1,27.3
7,Luis Martins,SKC,D,10,9,829,0,0,6,3,0/0,0.0,50.0
8,Brek Shea,MIA,D,19,10,907,0,1,8,3,0/0,0.0,37.5
9,Alvas Powell,MIA,D,13,10,968,0,0,7,3,0/0,0.0,42.9
10,Andy Polo,POR,M,19,12,1047,0,1,15,3,0/0,0.0,20.0
11,Carlos Ascues,ORL,D,17,14,1113,1,1,9,3,0/0,11.1,33.3
12,Laurent Ciman,TOR,D,17,14,1262,0,1,11,3,0/0,0.0,27.3
13,Ben Sweat,MIA,D,18,13,1265,0,2,4,3,0/0,0.0,75.0
14,Gaston Sauro,CLB,D,15,15,1285,2,0,11,3,0/0,18.2,27.3
15,Marcelo Silva,RSL,D,19,14,1342,2,0,7,3,0/0,28.6,42.9
16,Julio Cascante,POR,D,22,16,1440,0,1,10,3,0/0,0.0,30.0
17,Rudy Camacho,MTL,D,17,16,1464,1,0,9,3,0/0,11.1,33.3
18,David Guzman,CLB,M,21,17,1489,0,1,21,3,0/0,0.0,14.3
19,Miguel Ibarra,SEA,M,22,16,1505,1,2,23,3,0/0,4.3,13.0
20,Wilfried Zahibo,NE,M,24,18,1509,1,1,14,3,0/0,7.1,21.4
21,Hector Jimenez,CLB,M,23,19,1626,1,4,7,3,0/0,14.3,42.9
22,Shamit Shome,MTL,M,27,18,1627,1,1,8,3,0/0,12.5,37.5
23,Micheal Azira,CHI,M,23,18,1659,0,1,11,3,0/0,0.0,27.3
24,Michael Amir Murillo,NY,D,22,18,1694,1,6,12,3,0/0,8.3,25.0
0,Auro,TOR,D,23,22,1889,0,3,8,3,0/0,0.0,37.5
1,Guram Kashia,SJ,D,23,21,1905,0,0,9,3,0/0,0.0,33.3
2,Felipe,DC,M,27,22,1918,1,1,12,3,0/0,8.3,25.0
3,Victor Ulloa,MIA,M,26,22,1945,1,2,9,3,0/0,11.1,33.3
4,Zakaria Diallo,MTL,D,24,23,2037,3,2,11,3,0/0,27.3,27.3
5,Eric Remedi,ATL,M,28,25,2055,0,1,11,3,0/0,0.0,27.3
6,Jonathan Mensah,CLB,D,24,23,2151,0,0,12,3,0/0,0.0,25.0
7,Rolf Feltscher,LA,D,25,25,2183,1,4,17,3,0/0,5.9,17.6
8,Jordan Harvey,LAFC,D,30,28,2366,1,5,11,3,0/0,9.1,27.3
9,Osvaldo Alonso,MIN,M,27,27,2368,2,1,12,3,0/0,16.7,25.0
10,Romain Metanire,MIN,D,27,27,2430,1,7,11,3,0/0,9.1,27.3
11,Artur,CLB,M,30,28,2452,0,0,15,3,0/0,0.0,20.0
12,Junior Moreno,DC,M,29,29,2551,0,3,12,3,0/0,0.0,25.0
13,Sean Davis,RBNY,M,30,28,2557,0,2,13,3,0/0,0.0,23.1
14,Michael Boxall,MIN,D,29,29,2577,2,0,10,3,0/0,20.0,30.0
15,Boniek Garcia,HOU,M,32,30,2584,0,1,16,3,0/0,0.0,18.8
16,Matt Hedges,DAL,D,33,33,2884,1,1,13,3,0/0,7.7,23.1
17,Amando Moreno,CHI,M-F,7,0,77,0,0,6,2,0/0,0.0,33.3
18,Rodolfo Zelaya,LFC,F,4,1,118,1,0,6,2,0/0,16.7,33.3
19,Jimmy Medranda,NSH,D,10,2,176,0,1,8,2,0/0,0.0,25.0
20,Andres Rios,SJ,F,10,1,263,1,0,4,2,0/0,25.0,50.0
21,Eduardo Sosa,CLB,M,8,4,323,0,1,7,2,0/0,0.0,28.6
22,Terrence Boyd,TOR,F,11,3,339,0,0,4,2,0/0,0.0,50.0
23,Paul Marie,SJ,D,9,3,345,0,1,6,2,0/0,0.0,33.3
24,Andrew Wooten,PHI,F,7,4,352,0,1,5,2,0/0,0.0,40.0
0,Tajon Buchanan,NE,F,10,4,391,0,2,11,2,0/0,0.0,18.2
1,Gedion Zelalem,NYC,M,9,5,436,0,0,3,2,0/0,0.0,66.7
2,Jay Chapman,MIA,M,17,5,522,2,2,7,2,0/0,28.6,28.6
3,Darwin Ceren,HOU,M,13,5,530,1,0,4,2,0/0,25.0,50.0
4,Pablo Aranguiz,DAL,M,11,7,562,0,0,11,2,0/0,0.0,18.2
5,Kenny Saief,CIN,M,9,6,566,1,2,5,2,0/0,20.0,40.0
6,Mo Adams,ATL,M,14,6,574,1,1,3,2,0/0,33.3,66.7
7,Dillon Serna,COL,M,14,6,580,0,1,8,2,0/0,0.0,25.0
8,Dion Pereira,ATL,M,18,7,663,0,1,3,2,0/0,0.0,66.7
9,Nick Besler,RSL,M,17,7,727,1,2,3,2,0/0,33.3,66.7
10,Nouhou Tolo,SEA,D,22,9,790,0,0,5,2,0/0,0.0,40.0
11,Jacori Hayes,MIN,M,19,8,848,0,2,7,2,0/0,0.0,28.6
12,Julian Araujo,LA,D,18,10,891,0,1,7,2,0/0,0.0,28.6
13,Scott Sutter,VAN,D,16,9,980,1,0,5,2,0/0,20.0,40.0
14,Scott Caldwell,NE,M,20,12,1079,0,1,3,2,0/0,0.0,66.7
15,Joao Moutinho,ORL,D,16,15,1221,0,3,9,2,0/0,0.0,22.2
16,Ebenezer Ofori,NYC,M,20,14,1261,2,0,8,2,0/0,25.0,25.0
17,Josh Williams,CLB,D,16,15,1281,2,0,5,2,0/0,40.0,40.0
18,Anibal Godoy,NSH,M-D,15,15,1344,0,2,6,2,0/0,0.0,33.3
19,Antonio Mlinar Delamea,NE,D,17,16,1366,2,1,8,2,0/0,25.0,25.0
20,Tristan Blackmon,LAFC,D,18,15,1377,1,4,9,2,0/0,11.1,22.2
21,Kyle Smith,ORL,D,23,15,1384,0,0,6,2,0/0,0.0,33.3
22,Derek Cornelius,VAN,D,17,16,1426,1,0,5,2,0/0,20.0,40.0
23,Giancarlo Gonzalez,LA,D,20,15,1430,1,0,7,2,0/0,14.3,28.6
24,Caleb Stanko,CIN,M,23,16,1438,0,0,5,2,0/0,0.0,40.0
0,Michael Parkhurst,ATL,D,20,15,1443,0,0,4,2,0/0,0.0,50.0
1,Oriol Rosell,ORL,M-D,20,16,1465,0,1,15,2,0/0,0.0,13.3
2,Brooks Lennon,ATL,D,28,16,1539,0,1,10,2,0/0,0.0,20.0
3,Botond Barath,SKC,D,21,20,1749,1,0,8,2,0/0,12.5,25.0
4,Jalil Anibaba,NSH,D,22,19,1764,1,2,5,2,0/0,20.0,40.0
5,Nick Hagglund,CIN,D,22,20,1802,0,0,10,2,0/0,0.0,20.0
6,Steven Beitashour,LFC,D,25,24,1881,1,2,6,2,0/0,16.7,33.3
7,A.J. DeLaGarza,MIA,D,23,23,1995,0,1,8,2,0/0,0.0,25.0
8,Franco Escobar,ATL,D,25,22,2012,1,3,7,2,0/0,14.3,28.6
9,Justen Glad,RSL,D,23,23,2064,0,0,8,2,0/0,0.0,25.0
10,Everton Luiz,RSL,M,27,24,2106,0,2,8,2,0/0,0.0,25.0
11,Chris Mavinga,TOR,D,26,24,2112,0,1,5,2,0/0,0.0,40.0
12,Donny Toia,RSL,D,24,24,2143,1,1,11,2,0/0,9.1,18.2
13,Russell Teibert,VAN,M,27,26,2202,0,3,8,2,0/0,0.0,25.0
14,Jack Price,COL,M,27,25,2233,1,11,4,2,0/0,25.0,50.0
15,Luis Alberto Caicedo,NE,M,31,27,2359,0,0,22,2,0/0,0.0,9.1
16,Tim Parker,RBNY,D,31,26,2387,0,0,16,2,0/0,0.0,12.5
17,Erik Godoy,VAN,D,29,28,2596,1,1,13,2,0/0,7.7,15.4
18,Aljaz Struna,HOU,D,29,29,2610,0,1,4,2,0/0,0.0,50.0
19,Eddie Segura,LAFC,D,34,33,2955,1,0,16,2,0/0,6.3,12.5
20,Keegan Rosenberry,COL,D,34,34,3060,1,3,24,2,0/0,4.2,8.3
21,Francis Atuahene,DAL,F,1,0,26,1,0,2,1,0/0,50.0,50.0
22,Niki Jackson,COL,F,4,0,35,0,0,2,1,0/0,0.0,50.0
23,Ethan Zubak,LA,F,3,0,40,0,0,3,1,0/0,0.0,33.3
24,Cristian Martinez,CHI,M,5,0,50,0,0,3,1,0/0,0.0,33.3
0,Ricardo Pepi,DAL,F,7,0,71,0,0,1,1,0/0,0.0,100.0
1,Alfonso Ocampo-Chavez,SEA,F,3,1,82,0,0,1,1,0/0,0.0,100.0
2,Edwin Gyasi,DAL,M,4,1,82,0,0,2,1,0/0,0.0,50.0
3,Thomas Chacon,MIN,M,2,1,85,0,0,2,1,0/0,0.0,50.0
4,Marcus Epps,NY,M,3,1,109,0,0,2,1,0/0,0.0,50.0
5,Mathias Jorgensen,RBNY,F,5,1,117,0,0,4,1,0/0,0.0,25.0
6,Anthony Fontana,PHI,M,8,0,119,1,1,3,1,0/0,33.3,33.3
7,Josue Colman,ORL,M,8,1,154,0,1,4,1,0/0,0.0,25.0
8,Carlos Fierro,SJ,M,7,2,225,0,0,7,1,0/0,0.0,14.3
9,Eryk Williamson,POR,M,7,3,234,0,0,4,1,0/0,0.0,25.0
10,Thomas Roberts,DAL,M,6,3,237,0,0,3,1,0/0,0.0,33.3
11,Zoltan Stieber,DC,M-F,9,3,301,0,0,3,1,0/0,0.0,33.3
12,Ashtone Morgan,RSL,D,9,3,308,1,0,1,1,0/0,100.0,100.0
13,Sebastian Anderson,COL,D,6,5,317,1,0,2,1,0/0,50.0,50.0
14,JJ Williams,ATL,F,7,3,325,0,0,7,1,0/0,0.0,14.3
15,Jose Bizama,HOU,D,5,4,354,0,1,2,1,0/0,0.0,50.0
16,Forrest Lasso,CIN,D,5,4,393,0,0,2,1,0/0,0.0,50.0
17,Mauricio Pereyra,ORL,M,6,5,394,0,3,3,1,0/0,0.0,33.3
18,Marquinhos Pedroso,DAL,D,6,4,406,0,0,4,1,0/0,0.0,25.0
19,Axel Sjöberg,CLB,D,7,5,435,0,0,5,1,0/0,0.0,20.0
20,Diego Campos,CHI,D-M,10,5,439,0,0,3,1,0/0,0.0,33.3
21,Sean Nealis,RBNY,D,9,3,452,1,1,2,1,0/0,50.0,50.0
22,Clement Bayiha,MTL,M,11,4,469,0,1,2,1,0/0,0.0,50.0
23,Juan David Cabezas,HOU,M,15,5,532,1,0,3,1,0/0,33.3,33.3
24,Dillon Powers,ORL,M,7,7,620,0,1,4,1,0/0,0.0,25.0
0,Chris Durkin,DC,M,13,7,636,1,0,4,1,0/0,25.0,25.0
1,Cristian Higuita,ORL,M,9,7,648,0,2,6,1,0/0,0.0,16.7
2,Nicolas Hasler,CHI,D,12,8,708,0,1,3,1,0/0,0.0,33.3
3,Chad Marshall,SEA,D,8,8,720,0,0,7,1,0/0,0.0,14.3
4,Andres Flores,POR,M,15,9,778,0,1,10,1,0/0,0.0,10.0
5,Florentin Pogba,ATL,D,13,8,780,0,0,3,1,0/0,0.0,33.3
6,Carlos Gruezo,DAL,M,9,9,784,1,0,7,1,0/0,14.3,14.3
7,Renzo Zambrano,POR,M,10,9,785,0,1,7,1,0/0,0.0,14.3
8,Connor Maloney,CLB,D,10,9,798,0,0,4,1,0/0,0.0,25.0
9,Liam Fraser,TOR,M,9,9,810,0,1,7,1,0/0,0.0,14.3
10,PC,VAN,D,18,9,812,0,1,7,1,0/0,0.0,14.3
11,Connor Lade,NY,D,11,10,845,1,1,5,1,0/0,20.0,20.0
12,Rasmus Schuller,MIN,M,15,11,924,0,0,15,1,0/0,0.0,6.7
13,Andreu Fontas,SKC,D,13,10,964,0,0,3,1,0/0,0.0,33.3
14,Maikel van der Werff,CIN,D,11,11,990,0,0,4,1,0/0,0.0,25.0
15,Eriq Zavaleta,TOR,D,16,11,1015,0,0,5,1,0/0,0.0,20.0
16,Drew Moor,COL,D,13,11,1022,0,0,1,1,0/0,0.0,100.0
17,Kyle Duncan,RBNY,D,13,13,1080,1,2,6,1,0/0,16.7,16.7
18,Claude Dielna,POR,D,15,12,1086,0,0,13,1,0/0,0.0,7.7
19,Sebastien Ibeagha,NYC,D,23,11,1112,0,0,3,1,0/0,0.0,33.3
20,Xavier Arreaga,SEA,D,14,12,1119,0,0,6,1,0/0,0.0,16.7
21,Marcelo,CHI,D,16,12,1147,0,0,5,1,0/0,0.0,20.0
22,Victor Cabrera,HOU,D,16,13,1178,0,0,9,1,0/0,0.0,11.1
23,Michael Mancienne,NE,D,16,13,1189,1,0,4,1,0/0,25.0,25.0
24,Chase Gasper,MIN,D,15,14,1292,0,0,5,1,0/0,0.0,20.0
0,Harold Cummings,SJ,D,16,16,1392,0,0,1,1,0/0,0.0,100.0
1,Jeff Larentowicz,ATL,M,27,15,1465,0,1,11,1,0/0,0.0,9.1
2,Justin Hoyte,CIN,D,17,16,1477,0,0,3,1,0/0,0.0,33.3
3,James Sands,NYC,M,19,18,1488,0,0,2,1,0/0,0.0,50.0
4,Jorgen Skjelvik,LA,D,20,19,1681,1,2,6,1,0/0,16.7,16.7
5,Edgar Castillo,ATL,D,20,20,1693,0,5,16,1,0/0,0.0,6.3
6,Kemar Lawrence,NY,D,22,19,1729,1,0,5,1,0/0,20.0,20.0
7,Seth Sinovic,NE,D,22,21,1911,0,1,10,1,0/0,0.0,10.0
8,Jake Nerwinski,VAN,D,26,24,2023,1,0,6,1,0/0,16.7,16.7
9,Jukka Raitala,MTL,D,26,23,2083,0,0,5,1,0/0,0.0,20.0
10,Alexander Callens,NYC,D,24,24,2160,0,0,17,1,0/0,0.0,5.9
11,Samuel Piette,MTL,M,25,25,2220,0,0,12,1,0/0,0.0,8.3
12,Reggie Cannon,DAL,D,28,26,2268,1,1,10,1,0/0,10.0,10.0
13,Lamine Sane,ORL,D,26,25,2274,0,1,8,1,0/0,0.0,12.5
14,Johan Kappelhof,CHI,D,29,29,2562,0,2,6,1,0/0,0.0,16.7
15,Diego Chara,POR,M,30,29,2606,0,2,7,1,0/0,0.0,14.3
16,Kim Kee-hee,SEA,D,30,30,2622,0,1,14,1,0/0,0.0,7.1
17,Maxime Chanot,NYC,D,31,31,2790,0,0,12,1,0/0,0.0,8.3
18,Tony Beltran,RSL,D,0,0,0,0,0,0,0,0/0,0.0,0.0
19,Eric Bird,HOU,M,0,0,0,0,0,0,0,0/0,0.0,0.0
20,Gabriel Somi,NE,D,0,0,0,0,0,0,0,0/0,0.0,0.0
21,Bismark Adjei-Boateng,COL,M,0,0,0,0,0,0,0,0/0,0.0,0.0
22,RJ Allen,PHI,D,0,0,0,0,0,0,0,0/0,0.0,0.0
23,Jimmy McLaughlin,CIN,M,0,0,0,0,0,0,0,0/0,0.0,0.0
24,Adam Henley,RSL,D,0,0,0,0,0,0,0,0/0,0.0,0.0
0,Moises Hernandez,DAL,D,0,0,0,0,0,0,0,0/0,0.0,0.0
1,Jon Gallagher,ATL,F,0,0,0,0,0,0,0,0/0,0.0,0.0
2,Michael Baldisimo,VAN,M,0,0,0,0,0,0,0,0/0,0.0,0.0
3,Jacob Akanyirige,SJ,D,0,0,0,0,0,0,0,0/0,0.0,0.0
4,Sam Junqua,HOU,D,0,0,0,0,0,0,0,0/0,0.0,0.0
5,Julian Dunn,TOR,D,0,0,0,0,0,0,0,0/0,0.0,0.0
6,Noble Okello,TOR,M,0,0,0,0,0,0,0,0/0,0.0,0.0
7,Lagos Kunga,ATL,F,0,0,0,0,0,0,0,0/0,0.0,0.0
8,Wan Kuzain Wan Kamal,SKC,M,0,0,0,0,0,0,0,0/0,0.0,0.0
9,Matt Hundley,COL,F,0,0,0,0,0,0,0,0/0,0.0,0.0
10,David Norman Jr.,MIA,M,0,0,0,0,0,0,0,0/0,0.0,0.0
11,Pablo Ruiz,RSL,M,0,0,0,0,0,0,0,0/0,0.0,0.0
12,Isaac Angking,NE,M,0,0,0,0,0,0,0,0/0,0.0,0.0
13,Nicolas Firmino,NE,M,0,0,0,0,0,0,0,0/0,0.0,0.0
14,Cameron Duke,SKC,M,0,0,0,0,0,0,0,0/0,0.0,0.0
15,Chris Goslin,ATL,M,0,0,0,0,0,0,0,0/0,0.0,0.0
16,Jean-Christophe Koffi,NY,M,0,0,0,0,0,0,0,0/0,0.0,0.0
17,Sam Raben,COL,D,0,0,0,0,0,0,0,0/0,0.0,0.0
18,Logan Gdula,CIN,D,0,0,0,0,0,0,0,0/0,0.0,0.0
19,Gordon Wild,LA,F,0,0,0,0,0,0,0,0/0,0.0,0.0
20,Luiz Fernando,ATL,M,0,0,0,0,0,0,0,0/0,0.0,0.0
21,Kortne Ford,COL,D,0,0,0,0,0,0,0,0/0,0.0,0.0
22,Cristian Colman,DAL,F,0,0,0,0,0,0,0,0/0,0.0,0.0
23,Tomas Hilliard-Arce,LA,D,0,0,0,0,0,0,0,0/0,0.0,0.0
24,Zachary Herivaux,NE,M,0,0,0,0,0,0,0,0/0,0.0,0.0
0,Ben Mines,RBNY,M,0,0,0,0,0,0,0,0/0,0.0,0.0
1,Oniel Fisher,DC,D,0,0,0,0,0,0,0,0/0,0.0,0.0
2,Jimmy Ockford,SJ,D,0,0,0,0,0,0,0,0/0,0.0,0.0
3,Alejandro Guido,LAFC,M,0,0,0,0,0,0,0,0/0,0.0,0.0
4,Blake Smith,CIN,D,0,0,0,0,0,0,0,0/0,0.0,0.0
5,Bradford Jamieson IV,LA,F,0,0,0,0,0,0,0,0/0,0.0,0.0
6,Callum Montgomery,DAL,D,0,0,0,0,0,0,0,0/0,0.0,0.0
7,Antonio Bustamante,DC,M,0,0,0,0,0,0,0,0/0,0.0,0.0
8,Cade Cowell,SJ,F,0,0,0,0,0,0,0,0/0,0.0,0.0
9,Edward Opoku,CLB,F,0,0,0,0,0,0,0,0/0,0.0,0.0
10,Tyler Freeman,SKC,F,0,0,0,0,0,0,0,0/0,0.0,0.0
11,Simon Colyn,VAN,M,0,0,0,0,0,0,0,0/0,0.0,0.0
12,Wyatt Omsberg,CHI,D,0,0,0,0,0,0,0,0/0,0.0,0.0
13,Andre Reynolds II,CHI,D,0,0,0,0,0,0,0,0/0,0.0,0.0
14,Julian Vazquez,RSL,F,0,0,0,0,0,0,0,0/0,0.0,0.0
15,Karifa Yao,MTL,D,0,0,0,0,0,0,0,0/0,0.0,0.0
16,George Bello,ATL,D,0,0,0,0,0,0,0,0/0,0.0,0.0
17,Erik McCue,HOU,D,0,0,0,0,0,0,0,0/0,0.0,0.0
18,Joe Scally,NYC,D,0,0,0,0,0,0,0,0/0,0.0,0.0
19,Daniel Bedoya,NYC,M,1,0,1,0,0,0,0,0/0,0.0,0.0
20,Kevin Partida,SJ,M,1,0,1,0,0,0,0,0/0,0.0,0.0
21,Juan Pablo Torres,NYC,M,1,0,1,0,0,0,0,0/0,0.0,0.0
22,Kevin Kratz,ATL,M,1,0,1,0,0,0,0,0/0,0.0,0.0
23,Gilbert Fuentes,SJ,M,1,0,2,0,0,0,0,0/0,0.0,0.0
24,Griffin Dorsey,TOR,M,1,0,3,0,0,0,0,0/0,0.0,0.0
0,Ryan Telfer,TOR,F,1,0,3,0,1,0,0,0/0,0.0,0.0
1,Luis Arriaga,RSL,F,2,0,4,0,0,0,0,0/0,0.0,0.0
2,Justin Haak,NYC,M,3,0,6,0,0,0,0,0/0,0.0,0.0
3,Juninho,LA,M,2,0,8,0,0,0,0,0/0,0.0,0.0
4,Nazmi Albadawi,CIN,M,1,0,9,0,0,0,0,0/0,0.0,0.0
5,Georges Mukumbilwa,VAN,D-M,1,0,9,0,0,0,0,0/0,0.0,0.0
6,Michee Ngalina,PHI,F,1,0,9,0,0,0,0,0/0,0.0,0.0
7,Brian Wright,NE,F,2,0,10,0,0,0,0,0/0,0.0,0.0
8,Javi Perez,LFC,M,1,0,12,0,0,1,0,0/0,0.0,0.0
9,Luke Mulholland,RSL,M,1,0,19,0,0,0,0,0/0,0.0,0.0
10,Foster Langsdorf,POR,F,2,0,25,0,0,0,0,0/0,0.0,0.0
11,Rodney Wallace,SKC,D,1,1,27,0,0,0,0,0/0,0.0,0.0
12,Ema Twumasi,DAL,F,2,0,27,0,0,1,0,0/0,0.0,0.0
13,Shandon Hopeau,SEA,F,1,0,32,0,0,0,0,0/0,0.0,0.0
14,Luis Felipe,SJ,M,3,0,39,0,0,0,0,0/0,0.0,0.0
15,Siad Haji,SJ,M,4,0,41,0,0,0,0,0/0,0.0,0.0
16,Akeem Ward,DC,D,1,1,48,0,0,0,0,0/0,0.0,0.0
17,Derrick Jones,NSH,M,2,0,57,0,0,0,0,0/0,0.0,0.0
18,Griffin Yow,DC,F,2,1,59,0,0,0,0,0/0,0.0,0.0
19,Andrew Carleton,ATL,M,3,0,64,0,0,1,0,0/0,0.0,0.0
20,Douglas Martinez,RSL,F,1,1,64,0,0,1,0,0/0,0.0,0.0
21,Brendan McDonough,VAN,D,1,1,66,0,0,0,0,0/0,0.0,0.0
22,Matthew Real,PHI,D,3,1,67,0,1,1,0,0/0,0.0,0.0
23,Daniel Kinumbe,MTL,D,1,1,67,0,0,0,0,0/0,0.0,0.0
24,Amar Sejdic,MTL,M,1,1,68,0,0,0,0,0/0,0.0,0.0
0,Eric Calvillo,SJ,M,2,1,73,0,0,0,0,0/0,0.0,0.0
1,Johan Blomberg,COL,M,3,1,88,0,0,2,0,0/0,0.0,0.0
2,Fabinho,PHI,D,1,1,90,0,0,2,0,0/0,0.0,0.0
3,Chris Duvall,POR,D,1,1,90,0,0,0,0,0/0,0.0,0.0
4,Francois Affolter,SJ,D,1,1,90,0,0,0,0,0/0,0.0,0.0
5,Modou Jadama,POR,D,1,1,90,0,0,0,0,0/0,0.0,0.0
6,Jaylin Lindsey,SKC,D,1,1,90,0,0,0,0,0/0,0.0,0.0
7,Shaft Brewer Jr.,LFC,M-D,1,1,90,0,0,1,0,0/0,0.0,0.0
8,Carter Manley,MIN,D,1,1,90,0,0,0,0,0/0,0.0,0.0
9,Jasser Khmiri,VAN,D,1,1,90,0,0,1,0,0/0,0.0,0.0
10,Diego Palacios,LAFC,D,2,1,92,0,0,0,0,0/0,0.0,0.0
11,Tate Schmitt,RSL,M,6,1,92,0,0,0,0,0/0,0.0,0.0
12,Felipe Hernandez,SKC,M,2,1,95,0,0,1,0,0/0,0.0,0.0
13,Niko Hamalainen,LFC,D,3,1,95,0,1,0,0,0/0,0.0,0.0
14,Justin Rennicks,NE,F,2,1,106,0,0,3,0,0/0,0.0,0.0
15,Bryan Reynolds,DAL,D,10,1,112,0,1,1,0,0/0,0.0,0.0
16,Lucas Melano,POR,F,8,1,121,0,0,2,0,0/0,0.0,0.0
17,Florian Valot,RBNY,M,2,2,125,0,1,1,0,0/0,0.0,0.0
18,Ballou Jean-Yves Tabla,MTL,F,4,1,127,0,0,2,0,0/0,0.0,0.0
19,Chris Odoi-Atsem,DC,D,3,1,134,0,0,0,0,0/0,0.0,0.0
20,Michael Salazar,HOU,F,7,1,153,0,0,1,0,0/0,0.0,0.0
21,Emanuel Cecchini,SEA,M,4,1,155,0,0,2,0,0/0,0.0,0.0
22,Ronaldo Peña,HOU,F,4,2,157,0,0,2,0,0/0,0.0,0.0
23,Abdul Rwatubyaye,COL,D,2,1,164,0,0,2,0,0/0,0.0,0.0
24,Dejan Jakovic,LAFC,D,3,2,181,0,0,0,0,0/0,0.0,0.0
0,Collin Martin,MIN,M,3,2,184,0,1,1,0,0/0,0.0,0.0
1,Andre Horta,LFC,M,4,2,184,0,0,4,0,0/0,0.0,0.0
2,Corben Bone,CIN,M,6,2,186,0,0,0,0,0/0,0.0,0.0
3,Emil Cuello,LA,M,9,2,189,0,1,2,0,0/0,0.0,0.0
4,Marco Farfan,POR,D,3,3,190,0,0,0,0,0/0,0.0,0.0
5,Justin Portillo,RSL,M,4,2,194,0,0,1,0,0/0,0.0,0.0
6,Olivier Mbaizo,PHI,D,3,2,195,0,1,1,0,0/0,0.0,0.0
7,Henry Wingo,SEA,M,6,2,200,0,0,3,0,0/0,0.0,0.0
8,Grant Lillard,MIA,D,4,2,206,0,0,1,0,0/0,0.0,0.0
9,Diedie Traore,LA,D,4,3,220,0,0,0,0,0/0,0.0,0.0
10,Danilo Silva,LAFC,D,5,2,222,0,0,2,0,0/0,0.0,0.0
11,Erickson Gallardo,TOR,F-M,5,4,244,0,1,3,0,0/0,0.0,0.0
12,Tommy McCabe,CIN,M,6,2,244,0,0,1,0,0/0,0.0,0.0
13,Mikey Ambrose,MIA,D,4,3,266,0,0,0,0,0/0,0.0,0.0
14,Rod Fanni,MTL,D,3,3,270,0,0,0,0,0/0,0.0,0.0
15,Kofi Opare,COL,D,3,3,270,0,0,2,0,0/0,0.0,0.0
16,Niko Hansen,HOU,F,13,2,279,0,0,1,0,0/0,0.0,0.0
17,Eric Alexander,CIN,M,6,4,312,0,1,0,0,0/0,0.0,0.0
18,Chris McCann,DC,M-D,6,4,319,0,0,2,0,0/0,0.0,0.0
19,Brett Levis,VAN,D,9,3,330,0,0,1,0,0/0,0.0,0.0
20,Wilfried Moimbe,MIN,D,4,4,336,0,0,2,0,0/0,0.0,0.0
21,Jonathan Campbell,SEA,D,4,4,360,0,0,0,0,0/0,0.0,0.0
22,Ricardo Clark,CLB,M,7,4,361,0,0,6,0,0/0,0.0,0.0
23,Warren Creavalle,PHI,M,13,5,367,0,1,1,0,0/0,0.0,0.0
24,Erik Holt,RSL,D,5,5,371,0,1,0,0,0/0,0.0,0.0
0,Servando Carrasco,LA,M,16,3,388,0,0,0,0,0/0,0.0,0.0
1,Alex De John,ORL,D,6,6,406,0,0,1,0,0/0,0.0,0.0
2,Jalen Robinson,DC,D,10,5,413,0,0,1,0,0/0,0.0,0.0
3,Danny Leyva,SEA,M,6,4,413,0,0,4,0,0/0,0.0,0.0
4,Alex Roldan,SEA,M,9,5,442,0,1,4,0,0/0,0.0,0.0
5,John Nelson,DAL,D,9,4,451,0,0,2,0,0/0,0.0,0.0
6,Andrew Gutman,CIN,D,8,5,482,0,1,3,0,0/0,0.0,0.0
7,Jeremiah Gutjahr,CHI,M,8,5,502,0,1,1,0,0/0,0.0,0.0
8,Ken Krolicki,MTL,M,10,5,523,0,0,2,0,0/0,0.0,0.0
9,Aurelien Collin,PHI,D,6,6,530,0,0,5,0,0/0,0.0,0.0
10,Mark McKenzie,PHI,D,7,6,537,0,0,1,0,0/0,0.0,0.0
11,Rece Buckmaster,NY,D,6,6,540,0,0,2,0,0/0,0.0,0.0
12,Lawrence Olum,MIN,D,10,5,543,0,1,2,0,0/0,0.0,0.0
13,Perry Kitchen,LA,M,8,6,573,0,2,0,0,0/0,0.0,0.0
14,Danilo Acosta,LA,D,8,8,670,0,1,1,0,0/0,0.0,0.0
15,Mathieu Choiniere,MTL,M,17,6,681,0,1,7,0,0/0,0.0,0.0
16,Alejandro Fuenmayor,HOU,D,8,8,699,0,1,3,0,0/0,0.0,0.0
17,Eric Miller,NSH,D,11,9,764,0,0,3,0,0/0,0.0,0.0
18,Donovan Pines,DC,D,10,9,785,0,1,2,0,0/0,0.0,0.0
19,Aboubacar Keita,CLB,D,10,8,801,0,0,2,0,0/0,0.0,0.0
20,Kevin Garcia,HOU,D,12,8,812,0,0,1,0,0/0,0.0,0.0
21,Shane O'Neill,SEA,D,11,8,838,0,0,3,0,0/0,0.0,0.0
22,Tony Rocha,NYC,M,17,9,871,0,1,2,0,0/0,0.0,0.0
23,Alex Crognale,CLB,D,12,9,881,0,1,4,0,0/0,0.0,0.0
24,Greg Garza,CIN,D,13,11,908,0,0,0,0,0/0,0.0,0.0
0,Jonathan Bornstein,CHI,D,11,11,914,0,0,2,0,0/0,0.0,0.0
1,Deklan Wynne,COL,D,11,11,917,0,0,0,0,0/0,0.0,0.0
2,Edwin Cerrillo,DAL,M,12,11,918,0,1,4,0,0/0,0.0,0.0
3,DaMarcus Beasley,HOU,D,12,12,1032,0,2,3,0,0/0,0.0,0.0
4,Saad Abdul-Salaam,CIN,D,18,11,1062,0,1,1,0,0/0,0.0,0.0
5,Jorge Corrales,MTL,D,19,14,1135,0,1,2,0,0/0,0.0,0.0
6,Brent Kallman,MIN,D,16,14,1281,0,1,1,0,0/0,0.0,0.0
7,Kamal Miller,ORL,D,16,14,1350,0,0,1,0,0/0,0.0,0.0
8,Waylon Francis,CLB,D,17,16,1382,0,0,3,0,0/0,0.0,0.0
9,Jordy Delem,SEA,M,23,17,1439,0,1,7,0,0/0,0.0,0.0
10,Joseph Mora,DC,D,20,18,1595,0,1,7,0,0/0,0.0,0.0
11,Zarek Valentin,HOU,D,21,17,1623,0,0,3,0,0/0,0.0,0.0
12,Jon Erice,VAN,M,21,21,1752,0,2,2,0,0/0,0.0,0.0
13,Sebastian Mendez,ORL,M,23,20,1814,0,0,10,0,0/0,0.0,0.0
14,Jorge Villafaña,POR,F,23,22,1947,0,5,8,0,0/0,0.0,0.0
15,Matt Besler,SKC,D,27,25,2115,0,0,2,0,0/0,0.0,0.0
16,Russell Canouse,DC,M,26,25,2149,0,0,10,0,0/0,0.0,0.0
17,Sam Vines,COL,D,26,23,2149,0,0,5,0,0/0,0.0,0.0
18,Wil Trapp,MIA,M,28,26,2329,0,4,4,0,0/0,0.0,0.0
19,Adam Lundkvist,HOU,D,28,26,2387,0,4,6,0,0/0,0.0,0.0
20,Robin Jansson,ORL,D,28,28,2421,0,0,10,0,0/0,0.0,0.0
21,Andrew Farrell,NE,D,29,29,2603,0,1,1,0,0/0,0.0,0.0
22,Matias Vera,HOU,M,30,30,2639,0,1,22,0,0/0,0.0,0.0
23,Kai Wagner,PHI,D,30,30,2691,0,8,6,0,0/0,0.0,0.0
24,Raymon Gaddis,PHI,D,34,34,2963,0,1,3,0,0/0,0.0,0.0
