First Name,Last Name,Club,Position(s),Base Salary,Guaranteed Compensation
"Mohammed ""Mo""",Adams,Atlanta United,M,"$99,999.96 ","$134,999.96 "
Mikey,Ambrose,Atlanta United,D,"$72,351.60 ","$72,351.60 "
Ezequiel,Barco,Atlanta United,M-F,"$1,425,000.00 ","$1,425,000.00 "
George,Bello,Atlanta United,D,"$75,000.00 ","$79,000.00 "
Andrew,Carleton,Atlanta United,M-F,"$84,999.96 ","$97,399.96 "
Franco,Escobar,Atlanta United,D,"$300,000.00 ","$300,000.00 "
Jon,Gallagher,Atlanta United,M-F,"$70,250.04 ","$70,250.04 "
Leandro,Gonzalez Pirez,Atlanta United,D,"$775,008.00 ","$810,008.00 "
Chris,Goslin,Atlanta United,M-F,"$90,000.00 ","$90,000.00 "
Julian,Gressel,Atlanta United,M,"$114,249.96 ","$132,999.96 "
Brad,Guzan,Atlanta United,GK,"$680,004.00 ","$740,004.00 "
Jose Rafael,Hernandez,Atlanta United,D,"$140,004.00 ","$140,004.00 "
Emerson,Hyndman,Atlanta United,M,"$360,000.00 ","$360,000.00 "
Alec,Kann,Atlanta United,GK,"$100,008.00 ","$100,008.00 "
Kevin,Kratz,Atlanta United,M,"$210,000.00 ","$222,750.00 "
Lagos,Kunga,Atlanta United,M-F,"$70,250.04 ","$73,250.04 "
Jeff,Larentowicz,Atlanta United,D-M,"$210,000.00 ","$210,000.00 "
Josef,Martinez,Atlanta United,F,"$3,000,000.00 ","$3,058,333.33 "
Pity,Martinez,Atlanta United,M-F,"$900,000.00 ","$900,000.00 "
Justin,Meram,Atlanta United,M-F,"$650,004.00 ","$678,754.00 "
Brendan,Moore,Atlanta United,GK,"$70,250.04 ","$70,250.04 "
Darlington,Nagbe,Atlanta United,M,"$665,499.96 ","$665,499.96 "
Luiz Fernando,Nascimento,Atlanta United,F,"$56,250.00 ","$56,250.00 "
Patrick,Okonkwo,Atlanta United,F,"$56,256.00 ","$67,256.00 "
Michael,Parkhurst,Atlanta United,D,"$300,000.00 ","$300,000.00 "
Dion,Pereira,Atlanta United,M-F,"$56,250.00 ","$56,250.00 "
Florentin,Pogba,Atlanta United,D,"$300,000.00 ","$324,000.00 "
Eric,Remedi,Atlanta United,D-M,"$300,000.00 ","$300,000.00 "
Miles,Robinson,Atlanta United,D,"$145,000.08 ","$201,250.08 "
Brek,Shea,Atlanta United,D-M,"$225,000.00 ","$225,000.00 "
Brandon,Vazquez,Atlanta United,F,"$150,000.00 ","$166,000.00 "
Hector,Villalba,Atlanta United,M-F,"$722,499.96 ","$830,249.96 "
Micheal,Azira,Chicago Fire,D-M,"$140,000.04 ","$146,625.04 "
Jonathan,Bornstein,Chicago Fire,D-M,"$240,000.00 ","$263,200.00 "
Brandt,Bronico,Chicago Fire,M,"$84,999.96 ","$90,624.96 "
Francisco,Calvo,Chicago Fire,D,"$600,000.00 ","$672,600.00 "
Diego,Campos,Chicago Fire,D,"$70,250.04 ","$72,825.04 "
Stefan,Cleveland,Chicago Fire,GK,"$70,250.04 ","$70,250.04 "
Elliot,Collier,Chicago Fire,M-F,"$57,225.00 ","$57,225.00 "
Raheem,Edwards,Chicago Fire,M,"$70,250.04 ","$70,250.04 "
Marcelo,Ferreira,Chicago Fire,D,"$774,999.96 ","$797,499.96 "
Przemyslaw,Frankowski,Chicago Fire,M-F,"$450,000.00 ","$661,687.50 "
Nicolas,Gaitan,Chicago Fire,M-F,"$1,400,004.00 ","$2,197,504.00 "
Jeremiah,Gutjahr,Chicago Fire,M,"$56,250.00 ","$56,250.00 "
Fabian,Herbers,Chicago Fire,M-F,"$135,000.00 ","$135,000.00 "
Johan,Kappelhof,Chicago Fire,D,"$549,999.96 ","$577,833.29 "
Aleksandar,Katai,Chicago Fire,M-F,"$1,260,000.00 ","$1,380,333.33 "
Kenneth,Kronholm,Chicago Fire,GK,"$87,996.00 ","$150,996.00 "
Grant,Lillard,Chicago Fire,D,"$95,000.04 ","$97,500.04 "
Cristian,Martinez,Chicago Fire,M,"$80,000.04 ","$88,406.71 "
Dax,McCarty,Chicago Fire,M,"$700,000.08 ","$700,000.08 "
Djordje,Mihailovic,Chicago Fire,M-F,"$111,000.00 ","$114,600.00 "
Amando,Moreno,Chicago Fire,M-F,"$70,250.04 ","$72,750.04 "
Nemanja,Nikolic,Chicago Fire,F,"$1,700,000.04 ","$1,913,333.37 "
David,Ousted,Chicago Fire,GK,"$268,181.88 ","$361,136.43 "
Andre,Reynolds,Chicago Fire,D,"$56,250.00 ","$64,250.00 "
Richard,Sanchez,Chicago Fire,GK,"$150,000.00 ","$152,500.00 "
CJ,Sapong,Chicago Fire,F,"$475,000.08 ","$475,000.08 "
Bastian,Schweinsteiger,Chicago Fire,M,"$5,600,000.04 ","$5,600,000.04 "
Gabriel,Slonina,Chicago Fire,GK,"$60,000.00 ","$74,800.00 "
Lalas,Abubakar,Colorado Rapids,D,"$135,000.00 ","$144,937.50 "
Kellyn,Acosta,Colorado Rapids,D-M,"$549,999.96 ","$664,999.96 "
Sebastian,Anderson,Colorado Rapids,D,"$56,250.00 ","$80,916.67 "
Cole,Bassett,Colorado Rapids,M,"$75,000.00 ","$84,000.00 "
Johan,Blomberg,Colorado Rapids,M,"$250,962.00 ","$250,962.00 "
Kortne,Ford,Colorado Rapids,D,"$92,496.00 ","$92,496.00 "
Tim,Howard,Colorado Rapids,GK,"$2,000,000.04 ","$2,475,000.04 "
Matt,Hundley,Colorado Rapids,M-F,"$65,000.04 ","$99,000.04 "
Clint,Irwin,Colorado Rapids,GK,"$126,000.00 ","$138,707.24 "
Niki,Jackson,Colorado Rapids,F,"$57,225.00 ","$57,225.00 "
Kei,Kamara,Colorado Rapids,F,"$750,000.00 ","$750,000.00 "
Jonathan,Lewis,Colorado Rapids,M-F,"$100,000.08 ","$137,500.08 "
Nicolas,Mezquida,Colorado Rapids,F,"$320,000.04 ","$320,000.04 "
Sam,Nicholson,Colorado Rapids,M-F,"$300,000.00 ","$342,073.00 "
Kofi,Opare,Colorado Rapids,D,"$70,250.04 ","$70,250.04 "
Jack,Price,Colorado Rapids,M,"$429,999.96 ","$437,499.96 "
Sam,Raben,Colorado Rapids,D,"$70,250.04 ","$70,250.04 "
Andre,Rawls,Colorado Rapids,GK,"$72,360.84 ","$72,360.84 "
Keegan,Rosenberry,Colorado Rapids,D,"$151,194.96 ","$164,944.96 "
Diego,Rubio Kostner,Colorado Rapids,F,"$324,999.96 ","$353,749.96 "
Abdul,Rwatubyaye,Colorado Rapids,D,"$56,250.00 ","$62,625.00 "
Dillon,Serna,Colorado Rapids,M-F,"$120,000.00 ","$120,000.00 "
Andre,Shinyashiki,Colorado Rapids,F,"$84,999.96 ","$94,999.96 "
Axel,Sjoberg,Colorado Rapids,D,"$174,996.00 ","$179,996.00 "
Tommy,Smith,Colorado Rapids,D,"$600,000.00 ","$640,000.00 "
Sam,Vines,Colorado Rapids,D,"$80,000.04 ","$81,250.04 "
Danny,Wilson,Colorado Rapids,D,"$500,000.04 ","$540,000.04 "
Deklan,Wynne,Colorado Rapids,D,"$74,250.00 ","$74,250.00 "
David,Accam,Columbus Crew,M-F,"$1,010,004.00 ","$1,137,920.00 "
Harrison,Afful,Columbus Crew,D,"$288,099.96 ","$363,799.96 "
Luis,Argudo,Columbus Crew,M-F,"$57,225.00 ","$57,225.00 "
,Artur,Columbus Crew,D-M,"$360,000.00 ","$411,633.33 "
Chris,Cadden,Columbus Crew,M,"$56,250.00 ","$56,250.00 "
Ricardo,Clark,Columbus Crew,M,"$159,999.96 ","$159,999.96 "
Alex,Crognale,Columbus Crew,D,"$104,504.40 ","$104,504.40 "
Luis,Diaz,Columbus Crew,M,"$300,000.00 ","$333,900.00 "
Waylon,Francis,Columbus Crew,D,"$160,000.08 ","$199,166.75 "
David,Guzman,Columbus Crew,D-M,"$320,000.04 ","$340,000.04 "
Jordan,Hamilton,Columbus Crew,F,"$124,992.00 ","$137,658.67 "
Federico,Higuain,Columbus Crew,M-F,"$1,100,000.04 ","$1,100,000.04 "
Hector,Jimenez,Columbus Crew,D-M,"$200,000.04 ","$200,000.04 "
Aboubacar,Keita,Columbus Crew,D,"$90,000.00 ","$110,000.00 "
Jonathan,Kempin,Columbus Crew,GK,"$71,664.00 ","$71,664.00 "
Ben,Lundgaard,Columbus Crew,GK,"$57,225.00 ","$57,225.00 "
Connor,Maloney,Columbus Crew,D,"$70,250.04 ","$70,250.04 "
Jonathan,Mensah,Columbus Crew,D,"$800,004.00 ","$894,004.00 "
Youness,Mokhtar,Columbus Crew,M-F,"$459,996.00 ","$533,845.00 "
Edward,Opoku,Columbus Crew,F,"$84,999.96 ","$105,999.96 "
Eloy,Room,Columbus Crew,GK,"$300,000.00 ","$354,694.33 "
Pedro,Santos,Columbus Crew,M-F,"$817,560.00 ","$864,560.00 "
Eduardo,Sosa,Columbus Crew,M-F,"$99,999.96 ","$120,199.96 "
Wil,Trapp,Columbus Crew,M,"$549,996.00 ","$593,746.00 "
Milton,Valenzuela,Columbus Crew,D,"$290,000.04 ","$321,300.04 "
Romario,Williams,Columbus Crew,F,"$78,650.04 ","$78,650.04 "
Josh,Williams,Columbus Crew,D,"$215,000.04 ","$215,000.04 "
JJ,Williams,Columbus Crew,F,"$95,000.04 ","$149,750.04 "
Gyasi,Zardes,Columbus Crew,F,"$1,421,666.64 ","$1,471,666.64 "
Luciano,Acosta,DC United,M-F,"$600,000.00 ","$702,000.00 "
Quincy,Amarikwa,DC United,F,"$70,250.04 ","$70,250.04 "
Paul,Arriola,DC United,M,"$675,000.00 ","$707,000.00 "
Steven,Birnbaum,DC United,D,"$525,000.00 ","$550,000.00 "
Emmanuel,Boateng,DC United,M,"$185,000.04 ","$185,000.04 "
Frederic,Brillant,DC United,D,"$264,999.96 ","$299,999.96 "
Antonio,Bustamante,DC United,D-M,"$70,250.04 ","$74,484.83 "
Russell,Canouse,DC United,M,"$247,500.00 ","$247,500.00 "
Chris,Durkin,DC United,D-M,"$95,000.04 ","$104,375.04 "
Earl,Edwards,DC United,GK,"$70,250.04 ","$73,583.37 "
Oniel,Fisher,DC United,D,"$70,250.04 ","$74,916.71 "
Bill,Hamid,DC United,GK,"$461,820.00 ","$487,495.00 "
Leonardo,Jara,DC United,D,"$500,000.04 ","$560,000.04 "
Ola,Kamara,DC United,M-F,"$240,000.00 ","$260,000.00 "
Felipe,Martins,DC United,M,"$500,000.04 ","$500,000.04 "
Joseph,Mora,DC United,D,"$150,000.00 ","$164,250.00 "
Junior,Moreno,DC United,D-M,"$140,000.04 ","$159,500.04 "
Chris,Odoi-Atsem,DC United,D,"$56,250.00 ","$56,250.00 "
Marcos,Pedroso,DC United,D,"$375,000.00 ","$375,000.00 "
Donovan,Pines,DC United,D,"$90,000.00 ","$102,000.00 "
Jalen,Robinson,DC United,D,"$80,004.00 ","$80,004.00 "
Lucas,Rodriguez,DC United,M-F,"$261,999.96 ","$298,549.86 "
Wayne,Rooney,DC United,F,"$3,500,000.04 ","$3,507,500.04 "
Ulises,Segura,DC United,M-F,"$169,999.92 ","$184,249.92 "
Chris,Seitz,DC United,GK,"$165,000.00 ","$165,000.00 "
Gordon,Wild,DC United,F,"$99,999.96 ","$129,999.96 "
Griffin,Yow,DC United,F,"$70,250.04 ","$76,368.37 "
Fanendo,Adi,FC Cincinnati,F,"$1,360,008.00 ","$1,965,008.00 "
Fatai,Alashe,FC Cincinnati,D-M,"$189,999.96 ","$189,999.96 "
Nazmi,Albadawi,FC Cincinnati,M-F,"$70,250.04 ","$70,250.04 "
Frankie,Amaya,FC Cincinnati,M-F,"$110,000.04 ","$172,000.04 "
Leonardo,Bertone,FC Cincinnati,M,"$450,000.00 ","$496,666.67 "
Corben,Bone,FC Cincinnati,M,"$70,250.04 ","$70,250.04 "
Allan,Cruz,FC Cincinnati,M,"$300,000.00 ","$333,125.00 "
Rashawn,Dally,FC Cincinnati,F,"$56,250.00 ","$59,658.75 "
Mathieu,Deplagne,FC Cincinnati,D,"$240,000.00 ","$254,400.00 "
Derrick,Etienne,FC Cincinnati,M-F,"$77,062.56 ","$82,062.56 "
Greg,Garza,FC Cincinnati,D,"$270,000.00 ","$270,000.00 "
Logan,Gdula,FC Cincinnati,D,"$56,250.00 ","$59,575.00 "
Andrew,Gutman,FC Cincinnati,D,"$99,999.96 ","$99,999.96 "
Joe,Gyau,FC Cincinnati,M,"$148,200.00 ","$168,640.00 "
Nick,Hagglund,FC Cincinnati,D,"$137,504.40 ","$147,129.40 "
Jimmy,Hague,FC Cincinnati,GK,"$56,250.00 ","$56,250.00 "
Justin,Hoyte,FC Cincinnati,D,"$70,250.04 ","$70,250.04 "
Roland,Lamah,FC Cincinnati,M-F,"$750,000.00 ","$806,250.00 "
Forrest,Lasso,FC Cincinnati,D,"$70,250.04 ","$77,583.37 "
Emmanuel,Ledesma,FC Cincinnati,M-F,"$249,999.96 ","$280,833.29 "
Ben,Lundt,FC Cincinnati,GK,"$56,250.00 ","$59,658.75 "
Kekuta,Manneh,FC Cincinnati,M-F,"$375,000.00 ","$391,666.67 "
Darren,Mattocks,FC Cincinnati,F,"$519,999.96 ","$519,999.96 "
Tommy,McCabe,FC Cincinnati,D-M,"$56,250.00 ","$56,250.00 "
Jimmy,McLaughlin,FC Cincinnati,M,"$70,250.04 ","$70,250.04 "
Hassan,N'dam,FC Cincinnati,D,"$70,260.00 ","$70,260.00 "
Alvas,Powell,FC Cincinnati,D,"$234,999.96 ","$251,624.96 "
Spencer,Richey,FC Cincinnati,GK,"$71,666.88 ","$71,666.88 "
Caleb,Stanko,FC Cincinnati,D-M,"$337,500.00 ","$390,833.33 "
Przemyslaw,Tyton,FC Cincinnati,GK,"$231,750.00 ","$328,438.00 "
Victor,Ulloa,FC Cincinnati,D-M,"$210,000.00 ","$212,500.00 "
Maikel,Van Der Werff,FC Cincinnati,D,"$549,999.96 ","$635,166.63 "
Kendall,Waston,FC Cincinnati,D,"$750,000.00 ","$776,666.67 "
Bryan,Acosta,FC Dallas,M,"$600,000.00 ","$650,000.00 "
Eric,Alexander,FC Dallas,M,"$270,000.00 ","$270,000.00 "
Edwin,Anane-Gyasi,FC Dallas,M-F,"$570,000.00 ","$719,225.00 "
Pablo,Aranguiz,FC Dallas,M-F,"$406,666.68 ","$466,666.68 "
Francis,Atuahene,FC Dallas,M-F,"$135,000.00 ","$179,000.00 "
Dominique,Badji,FC Dallas,F,"$200,000.04 ","$206,250.04 "
Michael,Barrios,FC Dallas,M-F,"$500,000.04 ","$500,000.04 "
,Bressan,FC Dallas,D,"$485,300.04 ","$521,931.29 "
Reggie,Cannon,FC Dallas,D,"$80,250.00 ","$80,250.00 "
Edwin,Cerrillo,FC Dallas,D-M,"$70,250.04 ","$100,250.04 "
Cristian,Colman,FC Dallas,F,"$500,000.04 ","$585,000.04 "
Jesus,Ferreira,FC Dallas,F,"$70,250.04 ","$70,250.04 "
Jesse,Gonzalez,FC Dallas,GK,"$217,500.00 ","$231,500.00 "
Jacori,Hayes,FC Dallas,M,"$71,662.56 ","$79,162.56 "
Matt,Hedges,FC Dallas,D,"$550,008.00 ","$575,008.00 "
Moises,Hernandez,FC Dallas,D,"$90,000.00 ","$90,000.00 "
Ryan,Hollingshead,FC Dallas,D-M,"$174,999.96 ","$174,999.96 "
Jimmy,Maurer,FC Dallas,GK,"$125,000.04 ","$127,500.04 "
Callum,Montgomery,FC Dallas,D,"$70,250.04 ","$70,250.04 "
Santiago,Mosquera,FC Dallas,M-F,"$500,000.04 ","$591,400.04 "
John,Nelson,FC Dallas,D,"$80,000.04 ","$113,000.04 "
Zdenek,Ondrasek,FC Dallas,F,"$400,000.08 ","$522,250.08 "
Ricardo,Pepi,FC Dallas,F,"$80,000.04 ","$113,000.04 "
Paxton,Pomykal,FC Dallas,M,"$99,999.96 ","$104,999.96 "
Bryan,Reynolds,FC Dallas,F,"$70,250.04 ","$70,250.04 "
Thomas,Roberts,FC Dallas,M,"$109,999.92 ","$137,999.92 "
Dante,Sealy,FC Dallas,F,"$80,000.04 ","$108,400.04 "
Brandon,Servania,FC Dallas,M,"$160,000.08 ","$211,000.08 "
Ema,Twumasi,FC Dallas,M-F,"$150,000.00 ","$196,900.00 "
Reto,Ziegler,FC Dallas,D,"$820,000.08 ","$870,000.08 "
Kyle,Zobeck,FC Dallas,GK,"$70,875.00 ","$70,875.00 "
DaMarcus,Beasley,Houston Dynamo,D,"$275,000.04 ","$275,000.04 "
Eric,Bird,Houston Dynamo,M,"$70,875.00 ","$70,875.00 "
Jose,Bizama,Houston Dynamo,D,"$243,636.00 ","$292,427.18 "
Juan,Cabezas,Houston Dynamo,D-M,"$268,008.00 ","$292,008.00 "
Darwin,Ceren,Houston Dynamo,D-M,"$300,000.00 ","$349,375.00 "
AJ,DeLaGarza,Houston Dynamo,D,"$249,999.96 ","$253,749.96 "
Tyler,Deric,Houston Dynamo,GK,"$159,999.96 ","$167,499.96 "
Alberth,Elis,Houston Dynamo,M-F,"$650,340.00 ","$650,340.00 "
Maynor,Figueroa,Houston Dynamo,D,"$70,250.04 ","$70,250.04 "
Alejandro,Fuenmayor,Houston Dynamo,D,"$145,008.00 ","$172,508.00 "
Oscar Boniek,Garcia,Houston Dynamo,M,"$168,000.00 ","$183,000.00 "
Kevin,Garcia,Houston Dynamo,D,"$72,360.84 ","$72,360.84 "
Marlon,Hairston,Houston Dynamo,M-F,"$155,004.00 ","$155,004.00 "
Niko,Hansen,Houston Dynamo,M-F,"$71,662.56 ","$79,162.56 "
Sam,Junqua,Houston Dynamo,D,"$56,250.00 ","$56,250.00 "
Adam,Lundkvist,Houston Dynamo,D,"$274,999.92 ","$303,749.92 "
Mauro,Manotas,Houston Dynamo,F,"$1,100,049.96 ","$1,245,049.96 "
Tomas,Martinez,Houston Dynamo,M-F,"$335,004.00 ","$517,929.00 "
Erik,McCue,Houston Dynamo,D,"$56,250.00 ","$76,250.00 "
Thomas,McNamara,Houston Dynamo,M-F,"$165,000.00 ","$165,000.00 "
Michael,Nelson,Houston Dynamo,GK,"$57,225.00 ","$57,225.00 "
Ronaldo,Pena,Houston Dynamo,F,"$249,999.96 ","$249,999.96 "
Romell,Quioto,Houston Dynamo,M-F,"$506,668.08 ","$556,501.41 "
Christian,Ramirez,Houston Dynamo,F,"$600,000.00 ","$666,250.00 "
Memo,Rodriguez,Houston Dynamo,M,"$70,250.04 ","$82,750.04 "
Michael,Salazar,Houston Dynamo,,"$70,250.04 ","$70,250.04 "
"Aljaz ""Kiki""",Struna,Houston Dynamo,D,"$1,100,000.04 ","$1,210,000.04 "
Matias Gabriel,Vera,Houston Dynamo,D-M,"$225,000.00 ","$231,250.00 "
Joe,Willis,Houston Dynamo,GK,"$165,000.00 ","$172,833.33 "
Julian,Carranza,Inter Miami,F,"$70,250.04 ","$70,250.04 "
Matias,Pellegrini,Inter Miami,M-F,"$75,000.00 ","$170,833.33 "
Romain,Alessandrini,LA Galaxy,M-F,"$1,610,004.00 ","$1,940,004.00 "
Favio,Alvarez,LA Galaxy,M-F,"$525,000.00 ","$586,250.00 "
Efrain,Alvarez,LA Galaxy,M-F,"$70,872.00 ","$75,605.80 "
Uriel,Antuna,LA Galaxy,M-F,"$420,000.00 ","$420,000.00 "
Julian,Araujo,LA Galaxy,D,"$80,000.04 ","$86,250.04 "
Hugo,Arellano,LA Galaxy,D,"$82,500.00 ","$90,073.75 "
David,Bingham,LA Galaxy,GK,"$375,000.00 ","$375,000.00 "
Servando,Carrasco,LA Galaxy,M,"$70,250.04 ","$70,250.04 "
Joe,Corona,LA Galaxy,M,"$549,999.96 ","$578,499.96 "
Emil,Cuello,LA Galaxy,M-F,"$70,250.04 ","$70,250.04 "
Jonathan,dos Santos,LA Galaxy,M,"$2,000,000.04 ","$2,000,000.04 "
Rolf,Feltscher,LA Galaxy,D,"$218,000.04 ","$242,650.04 "
Giancarlo,Gonzalez,LA Galaxy,D,"$650,000.04 ","$719,583.37 "
Tomas,Hilliard-Arce,LA Galaxy,D,"$99,999.96 ","$123,124.96 "
Zlatan,Ibrahimovic,LA Galaxy,F,"$7,200,000.00 ","$7,200,000.00 "
Bradford,Jamieson,LA Galaxy,F,"$76,403.28 ","$76,403.28 "
,Juninho,LA Galaxy,M,"$150,000.00 ","$163,125.00 "
Perry,Kitchen,LA Galaxy,D-M,"$450,000.00 ","$474,166.67 "
Matt,Lampson,LA Galaxy,GK,"$70,250.04 ","$70,250.04 "
Sebastian,Lletget,LA Galaxy,M,"$300,000.00 ","$312,666.67 "
Cristian,Pavon,LA Galaxy,F,"$1,200,000.00 ","$1,200,000.00 "
Joao,Pedro,LA Galaxy,M,"$240,000.00 ","$261,000.00 "
Diego,Polenta,LA Galaxy,D,"$687,276.00 ","$777,276.00 "
Chris,Pontius,LA Galaxy,M-F,"$189,999.96 ","$189,999.96 "
Dave,Romney,LA Galaxy,D,"$102,000.00 ","$118,950.00 "
Jorgen,Skjelvik,LA Galaxy,D,"$999,999.96 ","$1,066,666.63 "
Daniel,Steres,LA Galaxy,D,"$150,000.00 ","$157,333.40 "
Diedie,Traore,LA Galaxy,D,"$56,250.00 ","$56,250.00 "
Justin,Vom Steeg,LA Galaxy,GK,"$57,225.00 ","$57,225.00 "
Ethan,Zubak,LA Galaxy,F,"$75,000.00 ","$78,125.00 "
Eduard,Atuesta,LAFC,D-M,"$474,999.96 ","$492,999.96 "
Lamar,Batista,LAFC,D,"$56,250.00 ","$56,250.00 "
Steven,Beitashour,LAFC,D,"$275,000.04 ","$298,375.04 "
Tristan,Blackmon,LAFC,D,"$70,250.04 ","$72,983.95 "
Latif,Blessing,LAFC,M-F,"$93,750.00 ","$110,416.67 "
Adama,Diomande,LAFC,F,"$849,999.96 ","$934,999.96 "
Philip,Ejimadu,LAFC,GK,"$56,250.00 ","$56,250.00 "
Mohammed,El-Mounir,LAFC,D,"$185,000.04 ","$207,666.71 "
Alejandro,Guido,LAFC,D-M,"$120,000.00 ","$120,000.00 "
Jordan,Harvey,LAFC,D,"$165,000.00 ","$165,000.00 "
Dejan,Jakovic,LAFC,D,"$150,000.00 ","$153,750.00 "
Mark-Anthony,Kaye,LAFC,M,"$166,248.00 ","$177,810.50 "
Tyler,Miller,LAFC,GK,"$77,565.00 ","$77,565.00 "
Lee,Nguyen,LAFC,M,"$525,000.00 ","$530,000.00 "
Diego,Palacios,LAFC,D,"$324,000.00 ","$348,000.00 "
Josh,Perez,LAFC,M-F,"$75,999.96 ","$75,999.96 "
Adrien,Perez,LAFC,F,"$56,250.00 ","$56,250.00 "
Javier,Perez,LAFC,M,"$56,250.00 ","$56,250.00 "
Brian,Rodriguez Bravo,LAFC,F,"$700,000.08 ","$1,039,800.08 "
Diego,Rossi,LAFC,M-F,"$1,000,000.08 ","$1,052,000.08 "
Eddie,Segura,LAFC,D,"$199,999.92 ","$223,999.92 "
Danilo,Silva,LAFC,D,"$200,000.04 ","$200,000.04 "
Pablo,Sisniega,LAFC,GK,"$105,000.00 ","$105,000.00 "
Peter,Vassell,LAFC,M-F,"$70,250.04 ","$72,750.04 "
Carlos,Vela,LAFC,M-F,"$4,500,000.00 ","$6,300,000.00 "
Rodolfo,Zelaya,LAFC,F,"$162,500.04 ","$185,833.37 "
Walker,Zimmerman,LAFC,D,"$600,000.00 ","$600,000.00 "
Sam,Cronin,Major League Soccer,M,"$330,000.00 ","$396,990.33 "
Nicolas,Del Grecco,Major League Soccer,D,"$120,000.00 ","$121,125.00 "
Shkelzen,Gashi,Major League Soccer,M-F,"$1,575,000.00 ","$1,668,750.00 "
Andreas,Ivan,Major League Soccer,M-F,"$264,000.00 ","$330,600.00 "
Charlie,Lyon,Major League Soccer,GK,"$70,250.04 ","$70,250.04 "
Chad,Marshall,Major League Soccer,D,"$360,000.00 ","$401,250.00 "
Yura,Movsisyan,Major League Soccer,F,"$2,049,999.96 ","$2,273,749.96 "
Blake,Smith,Major League Soccer,D,"$70,250.04 ","$70,250.04 "
Osvaldo,Alonso,Minnesota United,D-M,"$650,000.04 ","$697,500.04 "
Michael,Boxall,Minnesota United,D,"$300,000.00 ","$317,333.33 "
Thomas,Chacon,Minnesota United,M,"$324,999.96 ","$336,999.96 "
Abu,Danladi,Minnesota United,F,"$145,000.08 ","$180,000.08 "
Hassani,Dotson,Minnesota United,M,"$56,250.00 ","$56,250.00 "
Ethan,Finlay,Minnesota United,M-F,"$400,008.00 ","$400,008.00 "
Chase,Gasper,Minnesota United,D,"$56,250.00 ","$56,250.00 "
Jan,Gregus,Minnesota United,M,"$750,000.00 ","$883,500.00 "
Romario,Ibarra,Minnesota United,M-F,"$500,000.04 ","$546,250.04 "
Miguel,Ibarra,Minnesota United,M,"$309,996.00 ","$342,318.00 "
Brent,Kallman,Minnesota United,D,"$118,000.08 ","$151,531.33 "
Robin,Lod,Minnesota United,M,"$849,996.00 ","$952,496.00 "
Carter,Manley,Minnesota United,D,"$57,225.00 ","$57,225.00 "
Vito,Mannone,Minnesota United,GK,"$540,000.00 ","$594,000.00 "
Collin,Martin,Minnesota United,M-F,"$105,000.00 ","$105,000.00 "
Romain,Metanire,Minnesota United,D,"$305,000.04 ","$411,833.37 "
Wilfried,Moimbe,Minnesota United,D,"$252,000.00 ","$274,275.00 "
Kevin,Molino,Minnesota United,M-F,"$500,004.00 ","$546,254.00 "
Ally,Ng'Anzi,Minnesota United,M-F,"$56,250.00 ","$56,250.00 "
Lawrence,Olum,Minnesota United,D,"$70,250.04 ","$70,250.04 "
Wyatt,Omsberg,Minnesota United,D,"$57,225.00 ","$57,225.00 "
Ike,Opara,Minnesota United,D,"$350,000.04 ","$367,916.71 "
Darwin,Quintero,Minnesota United,M-F,"$1,750,000.08 ","$1,750,000.08 "
Angelo,Rodriguez,Minnesota United,F,"$600,000.00 ","$667,187.50 "
Rasmus,Schuller,Minnesota United,M,"$275,004.00 ","$300,004.00 "
Bobby,Shuttleworth,Minnesota United,GK,"$174,999.96 ","$191,874.96 "
Dayne,St. Clair,Minnesota United,GK,"$70,250.04 ","$74,753.17 "
Mason,Toye,Minnesota United,F,"$135,000.00 ","$188,000.00 "
Clement,Bayiha,Montreal Impact,M-F,"$61,750.08 ","$67,125.08 "
Jason,Beaulieu,Montreal Impact,GK,"$70,250.04 ","$70,250.04 "
Zachary,Brault-Guillard,Montreal Impact,D,"$72,000.00 ","$81,000.00 "
Evan,Bush,Montreal Impact,GK,"$232,000.08 ","$294,666.75 "
Victor,Cabrera,Montreal Impact,D,"$150,000.00 ","$172,328.33 "
Rudy,Camacho,Montreal Impact,D,"$700,000.08 ","$749,152.58 "
Mathieu,Choiniere,Montreal Impact,M,"$80,000.04 ","$86,390.04 "
Jorge,Corrales,Montreal Impact,D,"$70,875.00 ","$70,875.00 "
Clement,Diop,Montreal Impact,GK,"$94,500.00 ","$98,190.00 "
Rod,Fanni,Montreal Impact,D,"$299,250.00 ","$299,250.00 "
Anthony,Jackson-Hamel,Montreal Impact,F,"$160,000.08 ","$175,000.08 "
Daniel,Kinumbe,Montreal Impact,D,"$56,250.00 ","$60,165.63 "
Bojan,Krkic,Montreal Impact,F,"$1,232,876.64 ","$1,532,448.56 "
Ken,Krolicki,Montreal Impact,M-F,"$59,950.08 ","$59,950.08 "
Lassi,Lappalainen,Montreal Impact,M-F,"$302,574.00 ","$302,574.00 "
Daniel,Lovitz,Montreal Impact,D,"$97,453.08 ","$97,453.08 "
Thomas,Meilleure-Giguere,Montreal Impact,D,"$57,120.00 ","$60,245.00 "
Orji,Okwonkwo,Montreal Impact,M-F,"$200,000.04 ","$220,000.04 "
James,Pantemis,Montreal Impact,GK,"$70,250.04 ","$70,250.04 "
Ignacio,Piatti,Montreal Impact,M-F,"$530,000.04 ","$4,443,333.37 "
Samuel,Piette,Montreal Impact,D-M,"$135,000.00 ","$143,159.38 "
Jukka,Raitala,Montreal Impact,D,"$250,000.08 ","$290,500.08 "
Bacary,Sagna,Montreal Impact,D,"$660,000.00 ","$705,000.00 "
Amar,Sejdic,Montreal Impact,M,"$56,250.00 ","$56,250.00 "
Shamit,Shome,Montreal Impact,M,"$100,000.08 ","$120,000.08 "
Ballou,Tabla,Montreal Impact,M-F,"$70,250.04 ","$70,250.04 "
Saphir,Taider,Montreal Impact,M,"$1,400,000.04 ","$1,400,000.04 "
Maximiliano,Urruti,Montreal Impact,F,"$900,000.00 ","$1,071,000.00 "
Jeisson,Vargas,Montreal Impact,M-F,"$225,000.00 ","$225,000.00 "
Karifa,Yao,Montreal Impact,D,"$56,250.00 ","$60,466.39 "
Cameron,Lancaster,Nashville SC,F,"$70,250.04 ","$78,065.67 "
Daniel,Rios,Nashville SC,F,"$80,000.04 ","$91,625.04 "
Juan,Agudelo,New England Revolution,F,"$574,999.92 ","$604,999.92 "
Isaac,Angking,New England Revolution,M-F,"$70,250.04 ","$75,250.04 "
Jalil,Anibaba,New England Revolution,D,"$101,250.00 ","$101,250.00 "
Gustavo,Bou,New England Revolution,F,"$2,100,000.00 ","$2,100,000.00 "
Tajon,Buchanan,New England Revolution,M-F,"$90,000.00 ","$126,000.00 "
Teal,Bunbury,New England Revolution,F,"$225,750.00 ","$270,750.00 "
Brandon,Bye,New England Revolution,D,"$59,950.08 ","$63,244.93 "
Luis,Caicedo,New England Revolution,D-M,"$300,000.00 ","$300,000.00 "
Juan Fernando,Caicedo,New England Revolution,F,"$500,000.04 ","$500,000.04 "
Scott,Caldwell,New England Revolution,M,"$142,312.56 ","$153,208.56 "
Edgar,Castillo,New England Revolution,D,"$249,999.96 ","$249,999.96 "
Cody,Cropper,New England Revolution,GK,"$77,519.52 ","$77,519.52 "
Diego,Fagundez,New England Revolution,M-F,"$185,000.04 ","$205,000.04 "
Andrew,Farrell,New England Revolution,D,"$209,229.96 ","$344,229.96 "
Nicolas,Firmino,New England Revolution,M,"$70,250.04 ","$73,916.71 "
Carles,Gil,New England Revolution,M-F,"$2,100,000.00 ","$2,337,500.00 "
Zachary,Herivaux,New England Revolution,M,"$72,351.60 ","$87,351.60 "
DeJuan,Jones,New England Revolution,M-F,"$56,250.00 ","$56,250.00 "
Brad,Knighton,New England Revolution,GK,"$111,253.32 ","$116,253.32 "
Michael,Mancienne,New England Revolution,D,"$881,676.00 ","$995,676.00 "
Antonio,Mlinar Delamea,New England Revolution,D,"$425,004.00 ","$425,004.00 "
Cristian,Penilla,New England Revolution,M-F,"$500,000.04 ","$550,000.04 "
Justin,Rennicks,New England Revolution,F,"$80,000.04 ","$115,000.04 "
Matt,Turner,New England Revolution,GK,"$75,937.56 ","$75,937.56 "
Brian,Wright,New England Revolution,F,"$70,875.00 ","$70,875.00 "
Wilfred,Zahibo,New England Revolution,M,"$513,000.00 ","$583,000.00 "
Heber,Araujo dos Santos,New York City FC,F,"$785,000.04 ","$788,750.04 "
Luis,Barraza,New York City FC,GK,"$56,250.00 ","$56,250.00 "
Daniel,Bedoya,New York City FC,M-F,"$70,250.04 ","$70,250.04 "
Jeff,Caldwell,New York City FC,GK,"$57,225.00 ","$57,225.00 "
Alexander,Callens,New York City FC,D,"$600,000.00 ","$664,000.00 "
Valentin,Castellanos,New York City FC,M-F,"$249,999.96 ","$274,806.41 "
Maxime,Chanot,New York City FC,D,"$650,000.04 ","$650,000.04 "
Justin,Haak,New York City FC,M,"$56,250.00 ","$56,250.00 "
Sebastien,Ibeagha,New York City FC,D,"$74,250.00 ","$74,250.00 "
Sean,Johnson,New York City FC,GK,"$399,999.96 ","$399,999.96 "
Gary,Mackay-Steven,New York City FC,M-F,"$260,000.04 ","$274,833.37 "
Ronald,Matarrita,New York City FC,D,"$300,000.00 ","$420,000.00 "
Jesus,Medina,New York City FC,M-F,"$750,000.00 ","$870,833.33 "
Eric,Miller,New York City FC,D,"$108,549.96 ","$124,424.96 "
Alexandru,Mitrita,New York City FC,M-F,"$500,000.04 ","$500,000.04 "
Abdi,Mohamed,New York City FC,D,"$56,250.00 ","$56,250.00 "
Maxi,Moralez,New York City FC,M-F,"$2,000,000.04 ","$2,000,000.04 "
Ebenezer,Ofori,New York City FC,D-M,"$324,999.96 ","$399,999.96 "
Keaton,Parks,New York City FC,D-M,"$150,000.00 ","$165,000.00 "
Alexander,Ring,New York City FC,M,"$849,999.96 ","$944,999.96 "
Tony,Rocha,New York City FC,M,"$72,346.92 ","$72,346.92 "
James,Sands,New York City FC,D-M,"$105,000.00 ","$105,000.00 "
Joe,Scally,New York City FC,D,"$56,250.00 ","$78,066.67 "
Brad,Stuver,New York City FC,GK,"$99,999.96 ","$99,999.96 "
Ben,Sweat,New York City FC,D,"$200,000.04 ","$200,000.04 "
Ismael,Tajouri-Shradi,New York City FC,M-F,"$350,000.04 ","$380,500.04 "
Anton,Tinnerholm,New York City FC,D,"$496,800.00 ","$546,800.00 "
Juan Pablo,Torres,New York City FC,M,"$70,250.04 ","$84,750.04 "
Tom,Barlow,New York Red Bulls,F,"$56,250.00 ","$56,250.00 "
Vincent,Bezecourt,New York Red Bulls,M-F,"$70,875.00 ","$73,295.62 "
Rece,Buckmaster,New York Red Bulls,D,"$56,250.00 ","$56,250.00 "
Cristian,Casseres,New York Red Bulls,M,"$79,999.92 ","$118,749.92 "
Sean,Davis,New York Red Bulls,M,"$300,000.00 ","$327,500.00 "
Kyle,Duncan,New York Red Bulls,D,"$70,250.04 ","$70,250.04 "
Marcus,Epps,New York Red Bulls,M-F,"$70,250.04 ","$74,541.71 "
Omir,Fernandez,New York Red Bulls,M-F,"$80,000.04 ","$95,000.04 "
Mathias,Jorgensen,New York Red Bulls,F,"$275,000.04 ","$306,250.04 "
,Kaku,New York Red Bulls,M-F,"$799,999.92 ","$799,999.92 "
Jean-Christophe,Koffi,New York Red Bulls,M,"$70,250.04 ","$76,031.29 "
Connor,Lade,New York Red Bulls,D,"$126,000.00 ","$132,749.85 "
Kemar,Lawrence,New York Red Bulls,D,"$339,999.96 ","$382,749.96 "
Aaron,Long,New York Red Bulls,D,"$770,000.04 ","$800,000.04 "
Evan,Louro,New York Red Bulls,GK,"$70,250.04 ","$70,250.04 "
Ryan,Meara,New York Red Bulls,GK,"$132,000.00 ","$137,000.00 "
Ben,Mines,New York Red Bulls,M-F,"$57,229.20 ","$63,243.20 "
Michael,Murillo,New York Red Bulls,D,"$105,003.96 ","$113,753.96 "
Alex,Muyl,New York Red Bulls,M-F,"$123,750.00 ","$127,750.00 "
Sean,Nealis,New York Red Bulls,D,"$56,250.00 ","$56,250.00 "
Tim,Parker,New York Red Bulls,D,"$738,200.04 ","$752,200.04 "
Luis,Robles,New York Red Bulls,GK,"$490,000.08 ","$490,000.08 "
Daniel,Royer,New York Red Bulls,M-F,"$699,999.96 ","$768,749.96 "
Marc,Rzatkowski,New York Red Bulls,M,"$300,000.00 ","$341,666.67 "
Josh,Sims,New York Red Bulls,M,"$695,967.96 ","$710,467.96 "
Amro,Tarek,New York Red Bulls,D,"$150,000.00 ","$156,250.00 "
Florian,Valot,New York Red Bulls,M-F,"$70,872.00 ","$74,508.45 "
Brian,White,New York Red Bulls,F,"$57,225.00 ","$57,225.00 "
Bradley,Wright-Phillips,New York Red Bulls,F,"$1,200,000.00 ","$1,380,000.00 "
Danilo,Acosta,Orlando City SC,D,"$110,000.04 ","$110,000.04 "
Tesho,Akindele,Orlando City SC,F,"$150,000.00 ","$150,000.00 "
Carlos,Ascues,Orlando City SC,D-M,"$420,000.00 ","$451,500.00 "
Josue,Colman,Orlando City SC,M-F,"$450,000.00 ","$450,000.00 "
Alex,De John,Orlando City SC,D,"$135,000.00 ","$146,614.17 "
Dom,Dwyer,Orlando City SC,F,"$1,320,000.00 ","$1,503,333.33 "
Adam,Grinwis,Orlando City SC,GK,"$70,875.00 ","$70,875.00 "
Cristian,Higuita,Orlando City SC,M,"$474,996.00 ","$611,662.67 "
Robin,Jansson,Orlando City SC,D,"$261,000.00 ","$289,800.00 "
Will,Johnson,Orlando City SC,M,"$455,004.00 ","$491,004.00 "
Sacha,Kljestan,Orlando City SC,M-F,"$1,025,000.04 ","$1,100,000.04 "
Cam,Lindley,Orlando City SC,D-M,"$90,000.00 ","$98,906.25 "
Jhegson Sebasti�n,M�ndez,Orlando City SC,D-M,"$450,000.00 ","$486,750.00 "
Benji,Michel,Orlando City SC,F,"$84,999.96 ","$116,249.96 "
Kamal,Miller,Orlando City SC,D,"$56,250.00 ","$56,250.00 "
Joao,Moutinho,Orlando City SC,D,"$139,999.92 ","$202,999.92 "
Chris,Mueller,Orlando City SC,M-F,"$95,625.00 ","$109,375.00 "
,Nani,Orlando City SC,M-F,"$2,333,333.04 ","$2,486,249.70 "
Shane,O'Neill,Orlando City SC,D,"$124,999.92 ","$139,499.92 "
Santiago,Patino,Orlando City SC,F,"$72,500.04 ","$76,781.29 "
Mauricio,Pereyra,Orlando City SC,M,"$960,000.00 ","$1,078,000.00 "
Dillon,Powers,Orlando City SC,M,"$200,000.04 ","$200,000.04 "
Gregory,Ranjitsingh,Orlando City SC,GK,"$70,250.04 ","$70,250.04 "
,Robinho,Orlando City SC,M-F,"$198,000.00 ","$205,500.00 "
Oriol,Rosell,Orlando City SC,D-M,"$522,499.92 ","$522,499.92 "
Brian,Rowe,Orlando City SC,GK,"$95,000.04 ","$98,000.04 "
Lamine,Sane,Orlando City SC,D,"$902,499.96 ","$949,999.96 "
Kyle,Smith,Orlando City SC,D,"$70,250.04 ","$70,250.04 "
Mason,Stajduhar,Orlando City SC,GK,"$70,875.00 ","$70,875.00 "
Ruan,Teixeira,Orlando City SC,D,"$159,999.96 ","$159,999.96 "
Brenden,Aaronson,Philadelphia Union,M-F,"$70,000.08 ","$98,309.48 "
RJ,Allen,Philadelphia Union,D,"$70,250.04 ","$70,250.04 "
Fabinho,Alves,Philadelphia Union,D,"$120,000.00 ","$120,000.00 "
Alejandro,Bedoya,Philadelphia Union,M,"$1,200,000.00 ","$1,266,250.00 "
Joe,Bendik,Philadelphia Union,GK,"$144,000.00 ","$144,000.00 "
Andre,Blake,Philadelphia Union,GK,"$500,004.00 ","$550,004.00 "
Cory,Burke,Philadelphia Union,F,"$75,937.56 ","$79,720.37 "
Aurelien,Collin,Philadelphia Union,D,"$175,000.08 ","$175,000.08 "
Warren,Creavalle,Philadelphia Union,D-M,"$162,000.00 ","$175,300.00 "
Jack,De Vries,Philadelphia Union,M-F,"$90,000.00 ","$120,556.25 "
Jack,Elliott,Philadelphia Union,D,"$250,000.08 ","$265,000.08 "
Marco,Fabian,Philadelphia Union,M-F,"$2,000,727.24 ","$2,274,087.24 "
Anthony,Fontana,Philadelphia Union,M-F,"$70,260.00 ","$78,677.60 "
Matt,Freese,Philadelphia Union,GK,"$70,000.08 ","$77,650.08 "
Raymon,Gaddis,Philadelphia Union,D,"$190,000.08 ","$190,000.08 "
,Ilsinho,Philadelphia Union,M,"$330,000.00 ","$357,000.00 "
Derrick,Jones,Philadelphia Union,M,"$75,000.00 ","$80,900.00 "
Olivier,Mbaizo,Philadelphia Union,D,"$70,875.00 ","$70,875.00 "
Mark,McKenzie,Philadelphia Union,D,"$72,225.00 ","$82,225.00 "
Haris,Medunjanin,Philadelphia Union,M,"$550,008.00 ","$595,008.00 "
Jamiro,Monteiro,Philadelphia Union,M,"$618,000.00 ","$671,200.00 "
Michee,Ngalina,Philadelphia Union,M-F,"$56,250.00 ","$56,250.00 "
Fafa,Picault,Philadelphia Union,M-F,"$159,999.96 ","$173,666.63 "
Kacper,Przybylko,Philadelphia Union,F,"$240,000.00 ","$277,000.00 "
Matthew,Real,Philadelphia Union,D,"$57,225.00 ","$57,225.00 "
Sergio,Santos,Philadelphia Union,F,"$600,000.00 ","$668,500.00 "
Auston,Trusty,Philadelphia Union,D,"$95,000.04 ","$124,100.04 "
Kai,Wagner,Philadelphia Union,D,"$318,000.00 ","$360,150.00 "
Andrew,Wooten,Philadelphia Union,F,"$510,000.00 ","$595,833.33 "
Dairon,Asprilla,Portland Timbers,M-F,"$200,000.04 ","$213,750.04 "
Jeff,Attinella,Portland Timbers,GK,"$174,999.96 ","$187,249.96 "
Sebastian,Blanco,Portland Timbers,M-F,"$2,740,008.00 ","$2,853,341.33 "
Julio,Cascante,Portland Timbers,D,"$170,004.00 ","$170,004.00 "
Diego,Chara,Portland Timbers,M,"$550,000.08 ","$568,750.08 "
Steve,Clark,Portland Timbers,GK,"$140,000.04 ","$140,000.04 "
Tomas,Conechny,Portland Timbers,M-F,"$396,000.00 ","$396,000.00 "
Claude,Dielna,Portland Timbers,D,"$560,000.04 ","$600,000.04 "
Jeremy,Ebobisse,Portland Timbers,F,"$174,999.96 ","$237,999.96 "
Marco,Farfan,Portland Timbers,D,"$80,250.00 ","$80,250.00 "
Brian,Fernandez,Portland Timbers,M-F,"$1,200,000.00 ","$1,275,800.00 "
Andres,Flores,Portland Timbers,M-F,"$70,250.04 ","$70,250.04 "
Aljaz,Ivacic,Portland Timbers,GK,"$150,000.00 ","$160,000.00 "
Modou,Jadama,Portland Timbers,D,"$70,250.04 ","$70,250.04 "
Foster,Langsdorf,Portland Timbers,F,"$57,225.00 ","$57,225.00 "
Marvin,Lor�a,Portland Timbers,M-F,"$56,250.00 ","$56,250.00 "
Larrys,Mabiala,Portland Timbers,D,"$750,000.00 ","$793,333.33 "
Kendall,McIntosh,Portland Timbers,GK,"$70,250.04 ","$70,250.04 "
Jorge,Moreira,Portland Timbers,D,"$545,454.60 ","$607,954.60 "
Cristhian,Paredes,Portland Timbers,M,"$252,000.00 ","$283,500.00 "
Andy,Polo,Portland Timbers,M-F,"$150,000.00 ","$150,000.00 "
Bill,Tuiloma,Portland Timbers,D-M,"$100,008.00 ","$107,508.00 "
Zarek,Valentin,Portland Timbers,D,"$159,999.96 ","$159,999.96 "
Diego,Valeri,Portland Timbers,M-F,"$2,319,999.96 ","$2,419,999.96 "
Jorge,Villafa�a,Portland Timbers,D,"$600,000.00 ","$617,500.00 "
Eryk,Williamson,Portland Timbers,M,"$120,000.00 ","$136,500.00 "
Renzo,Zambrano,Portland Timbers,M,"$70,250.04 ","$70,250.04 "
Jordan,Allen,Real Salt Lake,M-F,"$237,999.96 ","$237,999.96 "
Luis,Arriaga,Real Salt Lake,M,"$56,250.00 ","$56,250.00 "
Corey,Baird,Real Salt Lake,F,"$70,008.00 ","$70,008.00 "
Kyle,Beckerman,Real Salt Lake,D-M,"$300,000.00 ","$325,000.00 "
Tony,Beltran,Real Salt Lake,D,"$195,000.00 ","$207,000.00 "
Nick,Besler,Real Salt Lake,M,"$84,999.96 ","$84,999.96 "
Justen,Glad,Real Salt Lake,D,"$345,000.00 ","$366,700.00 "
Aaron,Herrera,Real Salt Lake,D,"$86,000.04 ","$86,000.04 "
Erik,Holt,Real Salt Lake,D,"$70,250.04 ","$70,250.04 "
Alex,Horwath,Real Salt Lake,GK,"$95,000.04 ","$100,862.54 "
Sam,Johnson,Real Salt Lake,F,"$650,000.04 ","$767,500.04 "
Damir,Kreilach,Real Salt Lake,M,"$968,768.64 ","$1,082,101.97 "
Brooks,Lennon,Real Salt Lake,D,"$230,004.00 ","$242,587.33 "
Everton,Luiz,Real Salt Lake,D-M,"$1,000,000.08 ","$1,100,000.08 "
Doug,Martinez,Real Salt Lake,F,"$56,250.00 ","$56,250.00 "
Luke,Mulholland,Real Salt Lake,M,"$155,000.04 ","$155,000.04 "
David,Ochoa,Real Salt Lake,GK,"$70,250.04 ","$70,250.04 "
Nedum,Onuoha,Real Salt Lake,D,"$450,000.00 ","$504,000.00 "
Joao,Plata,Real Salt Lake,M-F,"$725,004.00 ","$856,254.00 "
Justin,Portillo,Real Salt Lake,M,"$70,250.04 ","$70,250.04 "
Andrew,Putna,Real Salt Lake,GK,"$70,875.00 ","$70,875.00 "
Nick,Rimando,Real Salt Lake,GK,"$300,000.00 ","$322,500.00 "
Kelyn,Rowe,Real Salt Lake,M-F,"$261,399.96 ","$326,399.96 "
Pablo,Ruiz,Real Salt Lake,M,"$200,004.00 ","$221,004.00 "
Albert,Rusnak,Real Salt Lake,M-F,"$1,800,000.00 ","$2,001,666.67 "
Sebastian,Saucedo,Real Salt Lake,M-F,"$112,500.00 ","$123,000.00 "
Jefferson,Savarino,Real Salt Lake,M-F,"$475,008.00 ","$498,695.65 "
Tate,Schmitt,Real Salt Lake,F,"$70,250.04 ","$70,250.04 "
Marcelo,Silva,Real Salt Lake,D,"$725,004.00 ","$776,629.00 "
Donny,Toia,Real Salt Lake,D,"$131,254.20 ","$131,254.20 "
Julian,Vazquez,Real Salt Lake,F,"$56,250.00 ","$66,250.00 "
Francois,Affolter,San Jose Earthquakes,D,"$249,999.96 ","$281,999.96 "
Jacob,Akanyirige,San Jose Earthquakes,D,"$62,225.04 ","$64,225.04 "
Matt,Bersano,San Jose Earthquakes,GK,"$71,666.88 ","$71,666.88 "
Eric,Calvillo,San Jose Earthquakes,M,"$120,000.00 ","$136,500.00 "
Cade,Cowell,San Jose Earthquakes,F,"$57,225.00 ","$67,225.00 "
Harold,Cummings,San Jose Earthquakes,D,"$270,000.00 ","$320,666.67 "
Magnus,Eriksson,San Jose Earthquakes,M-F,"$450,000.00 ","$450,000.00 "
Cristian,Espinoza,San Jose Earthquakes,M-F,"$500,000.04 ","$550,000.04 "
Luis,Felipe,San Jose Earthquakes,D-M,"$70,875.00 ","$71,625.00 "
Carlos,Fierro,San Jose Earthquakes,M-F,"$660,000.00 ","$718,800.00 "
Gilbert,Fuentes,San Jose Earthquakes,M,"$80,000.04 ","$92,000.04 "
Anibal,Godoy,San Jose Earthquakes,D-M,"$450,000.00 ","$498,125.00 "
Siad,Haji,San Jose Earthquakes,M,"$75,000.00 ","$104,000.00 "
Danny,Hoesen,San Jose Earthquakes,F,"$500,000.04 ","$549,666.71 "
,Judson,San Jose Earthquakes,D-M,"$300,000.00 ","$305,000.00 "
Florian,Jungwirth,San Jose Earthquakes,D-M,"$550,008.00 ","$616,675.07 "
Guram,Kashia,San Jose Earthquakes,D,"$590,000.04 ","$590,000.04 "
Nick,Lima,San Jose Earthquakes,D,"$200,000.04 ","$218,437.54 "
Marcos,Lopez,San Jose Earthquakes,D,"$279,999.96 ","$387,749.96 "
JT,Marcinkowski,San Jose Earthquakes,GK,"$135,000.00 ","$147,000.00 "
Paul,Marie,San Jose Earthquakes,D-M,"$57,225.00 ","$57,225.00 "
Jimmy,Ockford,San Jose Earthquakes,D,"$70,875.00 ","$70,875.00 "
Kevin,Partida,San Jose Earthquakes,M,"$57,225.00 ","$57,225.00 "
"Valeri ""Vako""",Qazaishvili,San Jose Earthquakes,M-F,"$1,475,004.00 ","$1,604,042.36 "
Andres,Rios,San Jose Earthquakes,F,"$660,000.00 ","$729,250.00 "
Shea,Salinas,San Jose Earthquakes,M-F,"$249,999.96 ","$249,999.96 "
Andrew,Tarbell,San Jose Earthquakes,GK,"$200,000.04 ","$235,000.04 "
Tommy,Thompson,San Jose Earthquakes,D,"$174,999.96 ","$174,999.96 "
Daniel,Vega,San Jose Earthquakes,GK,"$200,000.04 ","$210,000.04 "
Chris,Wondolowski,San Jose Earthquakes,F,"$800,000.04 ","$800,000.04 "
Jackson,Yueill,San Jose Earthquakes,M,"$145,000.08 ","$190,000.08 "
Saad,Abdul-Salaam,Seattle Sounders FC,D,"$70,250.04 ","$70,250.04 "
Xavier,Arreaga,Seattle Sounders FC,D,"$393,600.00 ","$500,850.00 "
Will,Bruin,Seattle Sounders FC,F,"$350,000.04 ","$358,333.37 "
Handwalla,Bwana,Seattle Sounders FC,M-F,"$57,225.00 ","$57,225.00 "
Jonathan,Campbell,Seattle Sounders FC,D,"$70,250.04 ","$70,250.04 "
Emanuel,Cecchini,Seattle Sounders FC,M,"$648,000.00 ","$789,000.00 "
Jordy,Delem,Seattle Sounders FC,D-M,"$70,875.00 ","$70,875.00 "
Justin,Dhillon,Seattle Sounders FC,F,"$70,250.04 ","$70,250.04 "
Stefan,Frei,Seattle Sounders FC,GK,"$325,000.08 ","$337,500.08 "
Joevin,Jones,Seattle Sounders FC,M,"$482,004.00 ","$528,670.67 "
Kim,Kee-Hee,Seattle Sounders FC,D,"$640,000.08 ","$772,000.08 "
Kelvin,Leerdam,Seattle Sounders FC,D,"$549,999.96 ","$599,999.96 "
Danny,Leyva,Seattle Sounders FC,D-M,"$56,250.00 ","$89,872.25 "
Nicolas,Lodeiro,Seattle Sounders FC,M-F,"$2,000,000.04 ","$2,502,500.04 "
Bryan,Meredith,Seattle Sounders FC,GK,"$70,875.00 ","$70,875.00 "
Jordan,Morris,Seattle Sounders FC,F,"$499,500.00 ","$619,600.00 "
Trey,Muse,Seattle Sounders FC,GK,"$56,250.00 ","$65,000.00 "
Alfonso,Ocampo-Chavez,Seattle Sounders FC,F,"$56,250.00 ","$85,750.00 "
Victor,Rodriguez,Seattle Sounders FC,M-F,"$999,999.96 ","$1,087,499.96 "
Cristian,Roldan,Seattle Sounders FC,M,"$460,000.08 ","$596,541.68 "
Alex,Roldan,Seattle Sounders FC,M-F,"$57,225.00 ","$57,225.00 "
Raul,Ruidiaz,Seattle Sounders FC,F,"$2,000,004.00 ","$2,000,004.00 "
Harry,Shipp,Seattle Sounders FC,M-F,"$234,999.96 ","$234,999.96 "
Luis,Silva,Seattle Sounders FC,F,"$70,250.04 ","$70,250.04 "
Brad,Smith,Seattle Sounders FC,D,"$529,092.00 ","$549,092.00 "
Gustav,Svensson,Seattle Sounders FC,D-M,"$570,000.00 ","$600,000.00 "
Nouhou,Tolo,Seattle Sounders FC,D,"$84,000.00 ","$84,000.00 "
Roman,Torres,Seattle Sounders FC,D,"$670,000.08 ","$740,000.08 "
Botond,Bar�th,Sporting Kansas City,D,"$250,000.08 ","$297,333.41 "
Matt,Besler,Sporting Kansas City,D,"$574,997.64 ","$674,997.64 "
Gianluca,Busio,Sporting Kansas City,M-F,"$90,000.00 ","$92,500.00 "
Eric,Dick,Sporting Kansas City,GK,"$70,250.04 ","$73,699.58 "
Cameron,Duke,Sporting Kansas City,M,"$56,250.00 ","$69,250.00 "
Roger,Espinoza,Sporting Kansas City,M,"$800,000.04 ","$800,000.04 "
Benny,Feilhaber,Sporting Kansas City,M,"$413,400.00 ","$463,400.00 "
Gerso,Fernandes,Sporting Kansas City,M-F,"$550,008.00 ","$550,008.00 "
Andreu,Fontas,Sporting Kansas City,D,"$1,050,000.00 ","$1,050,000.00 "
Tyler,Freeman,Sporting Kansas City,F,"$70,249.92 ","$82,749.92 "
Felipe,Gutierrez,Sporting Kansas City,M,"$1,599,999.96 ","$1,649,999.96 "
Nicolas,Hasler,Sporting Kansas City,M,"$168,000.00 ","$183,666.67 "
Felipe,Hernandez,Sporting Kansas City,M,"$56,250.00 ","$56,250.00 "
Erik,Hurtado,Sporting Kansas City,F,"$174,999.96 ","$181,249.96 "
Wan,Kuzain,Sporting Kansas City,D-M,"$70,875.00 ","$70,875.00 "
Jaylin,Lindsey,Sporting Kansas City,D,"$75,000.00 ","$88,000.00 "
Luis,Martins,Sporting Kansas City,D,"$240,000.00 ","$240,000.00 "
Jimmy,Medranda,Sporting Kansas City,D-M,"$155,004.00 ","$155,004.00 "
Tim,Melia,Sporting Kansas City,GK,"$325,008.00 ","$341,674.67 "
Krisztian,Nemeth,Sporting Kansas City,F,"$950,000.04 ","$1,063,666.71 "
Johnny,Russell,Sporting Kansas City,M-F,"$1,449,999.96 ","$1,449,999.96 "
Daniel,Salloi,Sporting Kansas City,M-F,"$129,999.96 ","$139,624.96 "
Ilie,Sanchez,Sporting Kansas City,D-M,"$900,000.00 ","$900,000.00 "
Seth,Sinovic,Sporting Kansas City,D,"$135,000.00 ","$143,000.00 "
Graham,Smith,Sporting Kansas City,D-M,"$57,225.00 ","$57,225.00 "
Rodney,Wallace,Sporting Kansas City,M,"$360,000.00 ","$360,000.00 "
Gedion,Zelalem,Sporting Kansas City,M,"$56,250.00 ","$77,916.67 "
Adrian,Zendejas,Sporting Kansas City,GK,"$70,250.04 ","$70,250.04 "
Graham,Zusi,Sporting Kansas City,D-M,"$625,000.08 ","$688,333.41 "
Ayo,Akinola,Toronto FC,F,"$56,256.00 ","$124,256.00 "
Jozy,Altidore,Toronto FC,F,"$4,891,250.04 ","$6,332,250.04 "
,Auro,Toronto FC,D,"$225,000.00 ","$276,666.67 "
Jon,Bakero,Toronto FC,F,"$70,250.04 ","$70,250.04 "
Nicolas,Benezet,Toronto FC,M-F,"$600,000.00 ","$600,000.00 "
Alex,Bono,Toronto FC,GK,"$350,000.04 ","$382,000.04 "
Michael,Bradley,Toronto FC,M,"$6,000,000.00 ","$6,500,000.00 "
Jay,Chapman,Toronto FC,M,"$120,000.00 ","$138,500.00 "
Laurent,Ciman,Toronto FC,D,"$399,999.96 ","$435,624.96 "
Aidan,Daniels,Toronto FC,M-F,"$57,225.00 ","$57,225.00 "
Nick,DeLeon,Toronto FC,D-M,"$159,528.00 ","$175,269.67 "
"Marco ""Marky""",Delgado,Toronto FC,M,"$252,999.96 ","$252,999.96 "
Griffin,Dorsey,Toronto FC,M-F,"$90,000.00 ","$134,000.00 "
Julian,Dunn,Toronto FC,D,"$57,225.00 ","$57,225.00 "
Tsubasa,Endoh,Toronto FC,M-F,"$70,250.04 ","$75,583.37 "
Liam,Fraser,Toronto FC,D-M,"$70,875.00 ","$75,875.00 "
Erickson,Gallardo,Toronto FC,M,"$275,004.00 ","$306,916.60 "
Omar,Gonzalez,Toronto FC,D,"$918,000.00 ","$1,193,935.50 "
Richie,Laryea,Toronto FC,D-M,"$56,250.00 ","$56,250.00 "
Chris,Mavinga,Toronto FC,D,"$600,000.00 ","$663,333.33 "
Drew,Moor,Toronto FC,D,"$375,000.00 ","$375,000.00 "
Ashtone,Morgan,Toronto FC,D,"$132,000.00 ","$133,500.00 "
Justin,Morrow,Toronto FC,D,"$330,000.00 ","$330,000.00 "
Patrick,Mullins,Toronto FC,F,"$260,004.00 ","$260,004.00 "
Noble,Okello,Toronto FC,M,"$56,244.60 ","$68,059.51 "
Jonathan,Osorio,Toronto FC,M,"$750,000.00 ","$776,250.00 "
Caleb,Patterson-Sewell,Toronto FC,GK,"$70,875.00 ","$70,875.00 "
Alejandro,Pozuelo,Toronto FC,M-F,"$3,800,000.04 ","$3,800,000.04 "
Jacob,Shaffelburg,Toronto FC,M-F,"$56,250.00 ","$62,750.00 "
Ryan,Telfer,Toronto FC,M-F,"$70,250.04 ","$70,250.04 "
Quentin,Westberg,Toronto FC,GK,"$100,000.08 ","$115,254.08 "
Eriq,Zavaleta,Toronto FC,D,"$275,004.00 ","$296,962.33 "
Ali,Adnan,Vancouver Whitecaps,D,"$1,200,000.00 ","$1,277,499.90 "
Joaqu�n,Ardaiz,Vancouver Whitecaps,F,"$272,727.12 ","$272,727.12 "
Thelonius,Bair,Vancouver Whitecaps,F,"$56,250.00 ","$76,250.00 "
Michael,Baldisimo,Vancouver Whitecaps,D-M,"$56,250.00 ","$83,012.80 "
"Alhassane ""Lass""",Bangoura,Vancouver Whitecaps,M-F,"$99,999.96 ","$99,999.96 "
Anthony,Blondell,Vancouver Whitecaps,F,"$262,500.00 ","$307,703.25 "
Michaell,Chirinos,Vancouver Whitecaps,M,"$360,000.00 ","$396,875.00 "
Simon,Colyn,Vancouver Whitecaps,M-F,"$56,250.00 ","$81,250.00 "
Derek,Cornelius,Vancouver Whitecaps,D,"$99,999.96 ","$111,912.46 "
Maxime,Crepeau,Vancouver Whitecaps,GK,"$90,000.00 ","$94,083.33 "
Jon Erice,Dominguez,Vancouver Whitecaps,M,"$654,545.52 ","$752,363.70 "
"Victor ""PC""",Giro,Vancouver Whitecaps,D-M,"$105,000.00 ","$110,312.50 "
Erik,Godoy,Vancouver Whitecaps,D,"$381,818.16 ","$449,318.16 "
Thomas,Hasal,Vancouver Whitecaps,GK,"$56,250.00 ","$66,250.00 "
Doneil,Henry,Vancouver Whitecaps,D,"$190,008.00 ","$204,241.71 "
Hwang,In-Beom,Vancouver Whitecaps,M,"$600,000.00 ","$655,000.00 "
Jasser,Khmiri,Vancouver Whitecaps,D,"$180,000.00 ","$180,000.00 "
Brett,Levis,Vancouver Whitecaps,D-M,"$71,662.56 ","$74,162.56 "
Zac,MacMath,Vancouver Whitecaps,GK,"$189,999.96 ","$189,999.96 "
Brendan,McDonough,Vancouver Whitecaps,D,"$56,250.00 ","$56,250.00 "
Sean,Melvin,Vancouver Whitecaps,GK,"$70,250.04 ","$70,250.04 "
Fredy,Montero,Vancouver Whitecaps,F,"$768,000.00 ","$968,000.00 "
Georges,Mukumbilwa,Vancouver Whitecaps,D-M,"$56,250.00 ","$56,250.00 "
Jake,Nerwinski,Vancouver Whitecaps,D,"$120,000.00 ","$124,125.00 "
David,Norman,Vancouver Whitecaps,M,"$57,225.00 ","$58,225.00 "
Yordy,Reyna,Vancouver Whitecaps,F,"$650,000.04 ","$713,140.04 "
Tosaint,Ricketts,Vancouver Whitecaps,F,"$70,250.04 ","$70,250.04 "
Andy,Rose,Vancouver Whitecaps,M,"$192,500.04 ","$192,500.04 "
Scott,Sutter,Vancouver Whitecaps,D,"$155,000.04 ","$170,177.04 "
Russell,Teibert,Vancouver Whitecaps,D-M,"$170,000.04 ","$190,000.04 "
