Rk,Player,Player_ID,Tm,2019-20,2020-21,2021-22,2022-23,2023-24,2024-25,Signed Using,Guaranteed
1,Stephen Curry,curryst01,GSW,"$40,231,758.00","$43,006,362.00","$45,780,966.00",,,,Bird Rights,"$129,019,086.00"
2,Chris Paul,paulch01,OKC,"$38,506,482.00","$41,358,814.00","$44,211,146.00",,,,Bird Rights,"$79,865,296.00"
3,Russell Westbrook,westbru01,HOU,"$38,178,000.00","$41,006,000.00","$43,848,000.00","$46,662,000.00",,,Bird Rights,"$123,032,000.00"
4,John Wall,walljo01,WAS,"$37,800,000.00","$40,824,000.00","$43,848,000.00","$46,872,000.00",,,Bird Rights,"$122,472,000.00"
5,James Harden,hardeja01,HOU,"$37,800,000.00","$40,824,000.00","$43,848,000.00","$46,872,000.00",,,Bird Rights,"$122,472,000.00"
6,LeBron James,jamesle01,LAL,"$37,436,858.00","$39,219,565.00","$41,002,273.00",,,,Cap Space,"$76,656,423.00"
7,Kevin Durant,duranke01,BRK,"$37,199,000.00","$39,058,950.00","$40,918,900.00","$42,778,850.00",,,Sign and Trade,"$117,176,850.00"
8,Blake Griffin,griffbl01,DET,"$34,234,964.00","$36,595,996.00","$38,957,028.00",,,,Bird Rights,"$70,830,960.00"
9,Kyle Lowry,lowryky01,TOR,"$33,296,296.00","$30,000,000.00",,,,,Bird Rights,"$63,296,296.00"
10,Paul George,georgpa01,LAC,"$33,005,556.00","$35,450,412.00","$37,895,268.00",,,,Maximum Salary,"$68,455,968.00"
11,Klay Thompson,thompkl01,GSW,"$32,742,000.00","$35,361,360.00","$37,980,720.00","$40,600,080.00","$43,219,440.00",,Bird Rights,"$189,903,600.00"
12,Jimmy Butler,butleji01,MIA,"$32,742,000.00","$34,379,100.00","$36,016,200.00","$37,653,300.00",,,Sign and Trade,"$103,137,300.00"
13,Kemba Walker,walkeke02,BOS,"$32,742,000.00","$34,379,100.00","$36,016,200.00","$37,653,300.00",,,Sign and Trade,"$103,137,300.00"
14,Kawhi Leonard,leonaka01,LAC,"$32,742,000.00","$34,379,100.00","$36,016,200.00",,,,Cap Space,"$67,121,100.00"
15,Gordon Hayward,haywago01,BOS,"$32,700,690.00","$34,187,085.00",,,,,Cap space,"$32,700,690.00"
16,Mike Conley,conlemi01,UTA,"$32,511,623.00","$34,504,132.00",,,,,Cap Space,"$54,938,006.00"
17,Kyrie Irving,irvinky01,BRK,"$31,742,000.00","$33,329,100.00","$34,916,200.00","$36,503,300.00",,,Cap space,"$136,490,600.00"
18,Tobias Harris,harrito02,PHI,"$31,034,483.00","$33,517,241.00","$36,000,000.00","$38,482,759.00","$40,965,517.00",,Bird Rights,"$180,000,000.00"
19,Khris Middleton,middlkh01,MIL,"$30,603,448.00","$33,051,724.00","$35,500,000.00","$37,948,276.00","$40,396,552.00",,Bird Rights,"$137,103,448.00"
20,Paul Millsap,millspa01,DEN,"$30,500,000.00",,,,,,Cap space,"$30,500,000.00"
21,Damian Lillard,lillada01,POR,"$29,802,321.00","$31,626,953.00","$43,750,000.00","$47,250,000.00","$50,750,000.00","$54,250,000.00",1st Round Pick,"$257,429,274.00"
22,Kevin Love,loveke01,CLE,"$28,900,000.00","$31,300,000.00","$31,300,000.00","$28,900,000.00",,,Bird Rights,"$120,400,000.00"
23,Nikola Vučević,vucevni01,ORL,"$28,000,000.00","$26,000,000.00","$24,000,000.00","$22,000,000.00",,,Bird Rights,"$100,000,000.00"
24,Al Horford,horfoal01,PHI,"$28,000,000.00","$27,500,000.00","$27,000,000.00","$26,500,000.00",,,Cap Space,"$97,000,000.00"
25,DeMar DeRozan,derozde01,SAS,"$27,739,975.00","$27,739,975.00",,,,,Cap Space,"$27,739,975.00"
26,CJ McCollum,mccolcj01,POR,"$27,556,959.00","$29,354,152.00","$30,864,198.00","$33,333,333.00","$35,802,469.00",,1st Round Pick,"$156,911,111.00"
27,Joel Embiid,embiijo01,PHI,"$27,504,630.00","$29,542,010.00","$31,579,390.00","$33,616,770.00",,,1st Round Pick,"$122,242,800.00"
28,Andrew Wiggins,wiggian01,GSW,"$27,504,630.00","$29,542,010.00","$31,579,390.00","$33,616,770.00",,,1st Round Pick,"$122,242,800.00"
29,Kristaps Porziņģis,porzikr01,DAL,"$27,285,000.00","$29,467,800.00","$31,650,600.00","$33,833,400.00","$36,016,200.00",,Bird Rights,"$122,236,800.00"
30,D'Angelo Russell,russeda01,MIN,"$27,285,000.00","$28,649,250.00","$30,013,500.00","$31,377,750.00",,,Sign and Trade,"$117,325,500.00"
31,Otto Porter,porteot01,CHI,"$27,250,576.00","$28,489,239.00",,,,,Bird Rights,"$27,250,576.00"
32,Devin Booker,bookede01,PHO,"$27,250,000.00","$29,430,000.00","$31,610,000.00","$33,790,000.00","$35,970,000.00",,1st round pick,"$158,050,000.00"
33,Karl-Anthony Towns,townska01,MIN,"$27,250,000.00","$29,430,000.00","$31,610,000.00","$33,790,000.00","$35,970,000.00",,1st Round Pick,"$155,870,000.00"
34,Bradley Beal,bealbr01,WAS,"$27,093,019.00","$28,751,775.00","$34,502,130.00","$37,262,300.00",,,Cap Space,"$90,346,924.00"
35,Anthony Davis,davisan02,LAL,"$27,093,019.00","$28,751,775.00",,,,,1st Round Pick,"$27,093,019.00"
36,Andre Drummond,drumman01,CLE,"$27,093,019.00","$28,751,775.00",,,,,Cap Space,"$27,093,019.00"
37,Hassan Whiteside,whiteha01,POR,"$27,093,018.00",,,,,,Cap Space,"$27,093,018.00"
38,Nikola Jokić,jokicni01,DEN,"$26,573,595.00","$28,542,009.00","$30,510,423.00","$32,478,837.00",,,Bird Rights,"$118,104,864.00"
39,Jrue Holiday,holidjr01,NOP,"$26,131,111.00","$26,131,111.00","$27,020,000.00",,,,Bird Rights,"$52,262,222.00"
40,LaMarcus Aldridge,aldrila01,SAS,"$26,000,000.00","$24,000,000.00",,,,,Cap Space,"$50,000,000.00"
41,Steven Adams,adamsst01,OKC,"$25,842,697.00","$27,528,090.00",,,,,1st Round Pick,"$53,370,787.00"
42,Giannis Antetokounmpo,antetgi01,MIL,"$25,842,697.00","$27,528,090.00",,,,,1st Round Pick,"$53,370,787.00"
43,Marc Gasol,gasolma01,TOR,"$25,595,700.00",,,,,,Bird Rights,"$25,595,700.00"
44,Nicolas Batum,batumni01,CHO,"$25,565,217.00","$27,130,434.00",,,,,Cap Space,"$25,565,217.00"
45,Chandler Parsons,parsoch01,ATL,"$25,102,511.00",,,,,,,"$25,102,511.00"
46,Rudy Gobert,goberru01,UTA,"$25,008,427.00","$26,525,281.00",,,,,1st Round Pick,"$51,533,708.00"
47,Harrison Barnes,barneha02,SAC,"$24,147,727.00","$22,215,909.00","$20,284,091.00","$18,352,273.00",,,Bird Rights,"$85,000,000.00"
48,Serge Ibaka,ibakase01,TOR,"$23,271,604.00",,,,,,Cap space,"$23,271,604.00"
49,Danilo Gallinari,gallida01,OKC,"$22,615,559.00",,,,,,Sign and Trade,"$22,615,559.00"
50,Victor Oladipo,oladivi01,IND,"$21,000,000.00","$21,000,000.00",,,,,1st Round Pick,"$42,000,000.00"
51,Malcolm Brogdon,brogdma01,IND,"$20,000,000.00","$20,700,000.00","$21,700,000.00","$22,600,000.00",,,Sign and Trade,"$85,000,000.00"
52,Terry Rozier,roziete01,CHO,"$19,894,737.00","$18,900,000.00","$17,905,263.00",,,,Sign and Trade,"$56,700,000.00"
53,Aaron Gordon,gordoaa01,ORL,"$19,863,636.00","$18,136,364.00","$16,409,091.00",,,,Bird Rights,"$54,409,091.00"
54,Zach LaVine,lavinza01,CHI,"$19,500,000.00","$19,500,000.00","$19,500,000.00",,,,Cap space,"$58,500,000.00"
55,Kent Bazemore,bazemke01,SAC,"$19,269,662.00",,,,,,Cap Space,"$19,269,662.00"
56,Tyler Johnson,johnsty01,PHO,"$19,245,370.00",,,,,,,"$19,245,370.00"
57,Goran Dragić,dragigo01,MIA,"$19,217,900.00",,,,,,Bird Rights,"$19,217,900.00"
58,Jeff Teague,teaguje01,ATL,"$19,000,000.00",,,,,,Cap space,"$19,000,000.00"
59,Evan Turner,turneev01,MIN,"$18,606,557.00",,,,,,Cap Space,"$18,606,557.00"
60,Draymond Green,greendr01,GSW,"$18,539,130.00","$22,246,956.00","$24,026,712.00","$25,806,469.00","$27,586,225.00",,Bird Rights,"$90,619,267.00"
61,Tristan Thompson,thomptr01,CLE,"$18,539,130.00",,,,,,Bird Rights,"$18,539,130.00"
62,Tim Hardaway,hardati02,DAL,"$18,150,000.00","$18,975,000.00",,,,,Cap space,"$18,150,000.00"
63,Myles Turner,turnemy01,IND,"$18,000,000.00","$18,000,000.00","$18,000,000.00","$18,000,000.00",,,1st Round pick,"$72,000,000.00"
64,Julius Randle,randlju01,NYK,"$18,000,000.00","$18,900,000.00","$19,800,000.00",,,,Cap Space,"$40,900,000.00"
65,Gary Harris,harriga01,DEN,"$17,839,286.00","$19,160,714.00","$20,482,143.00",,,,1st Round Pick,"$57,482,143.00"
66,Allen Crabbe,crabbal01,MIN,"$17,818,456.00",,,,,,,"$17,818,456.00"
67,Derrick Favors,favorde01,NOP,"$17,650,000.00",,,,,,Bird Rights,"$17,650,000.00"
68,Reggie Jackson,jacksre01,DET,"$17,286,956.00",,,,,,,"$17,286,956.00"
69,Andre Iguodala,iguodan01,MIA,"$17,185,185.00","$15,000,000.00","$15,000,000.00",,,,Bird Rights,"$32,185,185.00"
70,Bojan Bogdanović,bogdabo02,UTA,"$17,000,000.00","$17,850,000.00","$18,700,000.00","$19,550,000.00",,,Cap Space,"$73,100,000.00"
71,Evan Fournier,fournev01,ORL,"$17,000,000.00","$17,000,000.00",,,,,Cap Space,"$17,000,000.00"
72,Bismack Biyombo,biyombi01,CHO,"$17,000,000.00",,,,,,Cap Space,"$17,000,000.00"
73,Clint Capela,capelca01,ATL,"$16,456,522.00","$17,500,000.00","$18,543,478.00","$19,586,957.00",,,Bird Rights,"$72,086,957.00"
74,Gorgui Dieng,dienggo01,MEM,"$16,229,213.00","$17,287,640.00",,,,,1st Round Pick,"$33,516,853.00"
75,Ricky Rubio,rubiori01,PHO,"$16,190,476.00","$17,000,000.00","$17,809,524.00",,,,Cap Space,"$51,000,000.00"
76,Jonas Valančiūnas,valanjo01,MEM,"$16,000,000.00","$15,000,000.00","$14,000,000.00",,,,Bird Rights,"$45,000,000.00"
77,Brandon Knight,knighbr03,DET,"$15,643,750.00",,,,,,Bird Rights,"$15,643,750.00"
78,Eric Bledsoe,bledser01,MIL,"$15,625,000.00","$16,875,000.00","$18,125,000.00","$19,375,000.00",,,Bird Rights,"$54,525,000.00"
79,Kelly Oubre,oubreke01,PHO,"$15,625,000.00","$14,375,000.00",,,,,Bird Rights,"$30,000,000.00"
80,Dennis Schröder,schrode01,OKC,"$15,500,000.00","$15,500,000.00",,,,,1st Round Pick,"$31,000,000.00"
81,Ian Mahinmi,mahinia01,WAS,"$15,450,051.00",,,,,,Cap Space,"$15,450,051.00"
82,James Johnson,johnsja01,MIN,"$15,349,400.00","$16,047,100.00",,,,,Cap space,"$15,349,400.00"
83,Marvin Williams,willima02,CHO,"$15,006,250.00",,,,,,,"$15,006,250.00"
84,Bobby Portis,portibo01,NYK,"$15,000,000.00","$15,750,000.00",,,,,Cap Space,"$15,000,000.00"
85,Marcus Morris,morrima03,LAC,"$15,000,000.00",,,,,,Cap Space,"$15,000,000.00"
86,Danny Green,greenda02,LAL,"$14,634,146.00","$15,365,854.00",,,,,Cap Space,"$30,000,000.00"
87,Cody Zeller,zelleco01,CHO,"$14,471,910.00","$15,415,730.00",,,,,1st Round Pick,"$29,887,640.00"
88,Eric Gordon,gordoer01,HOU,"$14,057,730.00","$16,869,276.00","$18,218,818.00","$19,568,360.00","$20,917,902.00",,Cap Space,"$68,714,184.00"
89,Mason Plumlee,plumlma01,DEN,"$14,041,096.00",,,,,,Cap space,"$14,041,096.00"
90,Rudy Gay,gayru01,SAS,"$14,000,000.00","$14,000,000.00",,,,,Early Bird Rights,"$28,000,000.00"
91,J.J. Redick,redicjj01,NOP,"$13,486,300.00","$13,013,700.00",,,,,Cap Space,"$26,500,000.00"
92,Jordan Clarkson,clarkjo01,UTA,"$13,437,500.00",,,,,,Cap Space,"$13,437,500.00"
93,Dewayne Dedmon,dedmode01,ATL,"$13,333,334.00","$13,333,333.00","$13,333,333.00",,,,Cap space,"$40,000,000.00"
94,Solomon Hill,hillso01,MIA,"$13,258,781.00",,,,,,Cap Space,"$13,258,781.00"
95,Justise Winslow,winslju01,MEM,"$13,000,000.00","$13,000,000.00","$13,000,000.00",,,,1st Round Pick,"$26,000,000.00"
96,Michael Kidd-Gilchrist,kiddgmi01,CHO,"$13,000,000.00",,,,,,,"$13,000,000.00"
97,Will Barton,bartowi01,DEN,"$12,960,000.00","$13,920,000.00","$14,880,000.00",,,,Bird Rights,"$26,880,000.00"
98,Thaddeus Young,youngth01,CHI,"$12,900,000.00","$13,545,000.00","$14,190,000.00",,,,Cap space,"$32,445,000.00"
99,Courtney Lee,leeco01,DAL,"$12,759,670.00",,,,,,Cap Space,"$12,759,670.00"
100,Larry Nance,nancela02,CLE,"$12,727,273.00","$11,709,091.00","$10,690,909.00","$9,672,727.00",,,1st Round pick,"$44,800,000.00"
101,Marcus Smart,smartma01,BOS,"$12,553,471.00","$13,446,428.00","$14,339,285.00",,,,Bird Rights,"$40,339,184.00"
102,Terrence Ross,rosste01,ORL,"$12,500,000.00","$13,500,000.00","$12,500,000.00","$11,500,000.00",,,Bird Rights,"$50,000,000.00"
103,Miles Plumlee,plumlmi01,MEM,"$12,500,000.00",,,,,,,"$12,500,000.00"
104,Patty Mills,millspa02,SAS,"$12,428,571.00","$13,285,714.00",,,,,Bird Rights,"$25,714,285.00"
105,Patrick Beverley,beverpa01,LAC,"$12,345,679.00","$13,333,333.00","$14,320,988.00",,,,Bird Rights,"$40,000,000.00"
106,Trevor Ariza,arizatr01,POR,"$12,200,000.00","$12,800,000.00",,,,,Cap Space,"$14,000,000.00"
107,Dion Waiters,waitedi01,MEM,"$12,100,000.00","$12,650,000.00",,,,,,"$24,750,000.00"
108,Brook Lopez,lopezbr01,MIL,"$12,093,024.00","$12,697,675.00","$13,302,325.00","$13,906,976.00",,,Cap Space,"$52,000,000.00"
109,Jusuf Nurkić,nurkiju01,POR,"$12,000,000.00","$12,000,000.00","$12,000,000.00",,,,Bird Rights,"$28,000,000.00"
110,Cory Joseph,josepco01,SAC,"$12,000,000.00","$12,600,000.00","$12,600,000.00",,,,Cap Space,"$24,600,000.00"
111,Joe Ingles,inglejo01,UTA,"$11,954,546.00","$10,863,637.00","$14,000,000.00",,,,Bird Rights,"$36,818,183.00"
112,Kelly Olynyk,olynyke01,MIA,"$11,667,885.00","$12,198,243.00",,,,,Cap space,"$11,667,885.00"
113,Maurice Harkless,harklma01,NYK,"$11,511,234.00",,,,,,Cap Space,"$11,511,234.00"
114,Tony Snell,snellto01,DET,"$11,392,857.00","$12,178,571.00",,,,,Cap space,"$11,392,857.00"
115,Robert Covington,covinro01,HOU,"$11,301,219.00","$12,138,345.00","$12,975,471.00",,,,Cap Space,"$36,415,035.00"
116,Meyers Leonard,leoname01,MIA,"$11,286,515.00",,,,,,Cap Space,"$11,286,515.00"
117,T.J. Warren,warretj01,IND,"$10,810,000.00","$11,750,000.00","$12,690,000.00",,,,1st Round Pick,"$35,250,000.00"
118,Andre Roberson,roberan03,OKC,"$10,740,741.00",,,,,,Bird Rights,"$10,740,741.00"
119,Spencer Dinwiddie,dinwisp01,BRK,"$10,600,000.00","$11,400,000.00","$12,300,000.00",,,,Minimum Salary,"$22,000,000.00"
120,Jeremy Lamb,lambje01,IND,"$10,500,000.00","$10,500,000.00","$10,500,000.00",,,,Cap Space,"$31,500,000.00"
121,Dwight Powell,poweldw01,DAL,"$10,259,375.00","$10,185,185.00","$11,000,000.00","$11,814,815.00",,,Cap Space,"$43,259,375.00"
122,Norman Powell,powelno01,TOR,"$10,116,576.00","$10,865,952.00","$11,615,328.00",,,,Cap Space,"$20,982,528.00"
123,Josh Richardson,richajo01,PHI,"$10,100,000.00","$10,800,000.00","$11,600,000.00",,,,Minimum Salary,"$20,900,000.00"
124,Tomáš Satoranský,satorto01,CHI,"$10,000,000.00","$10,000,000.00","$10,000,000.00",,,,Sign and Trade,"$25,000,000.00"
125,DeAndre Jordan,jordade01,BRK,"$9,881,598.00","$10,375,678.00","$9,881,598.00","$9,821,842.00",,,Cap space,"$39,960,716.00"
126,Taj Gibson,gibsota01,NYK,"$9,800,000.00","$10,290,000.00",,,,,Cap Space,"$9,800,000.00"
127,Zion Williamson,willizi01,NOP,"$9,757,440.00","$10,245,480.00","$10,733,400.00","$13,534,817.00",,,1st Round Pick,"$20,002,920.00"
128,Markelle Fultz,fultzma01,ORL,"$9,745,200.00","$12,288,697.00",,,,,1st Round Pick,"$22,033,897.00"
129,John Henson,hensojo01,DET,"$9,732,396.00",,,,,,1st Round Pick,"$9,732,396.00"
130,Matthew Dellavedova,dellama01,CLE,"$9,607,500.00",,,,,,Cap Space,"$9,607,500.00"
131,Dante Exum,exumda01,CLE,"$9,600,000.00","$9,600,000.00",,,,,Cap Space,"$18,200,000.00"
132,Deandre Ayton,aytonde01,PHO,"$9,562,920.00","$10,018,200.00","$12,632,950.00",,,,1st Round Pick,"$19,581,120.00"
133,Delon Wright,wrighde01,DAL,"$9,473,684.00","$9,000,000.00","$8,526,316.00",,,,Sign and Trade,"$27,000,000.00"
134,Jerami Grant,grantje01,DEN,"$9,346,153.00","$9,346,153.00",,,,,Bird Rights,"$9,346,153.00"
135,Al-Farouq Aminu,aminual01,ORL,"$9,258,000.00","$9,720,900.00","$10,183,800.00",,,,MLE,"$29,162,700.00"
136,George Hill,hillge01,MIL,"$9,133,907.00","$9,590,602.00","$10,047,297.00",,,,Cap Space,"$21,000,000.00"
137,Kyle Anderson,anderky01,MEM,"$9,073,050.00","$9,505,100.00","$9,937,150.00",,,,MLE,"$28,515,300.00"
138,Fred VanVleet,vanvlfr01,TOR,"$9,000,000.00",,,,,,Bird Rights,"$9,000,000.00"
139,Ja Morant,moranja01,MEM,"$8,730,240.00","$9,166,800.00","$9,603,360.00","$12,119,440.00",,,1st Round Pick,"$17,897,040.00"
140,C.J. Miles,milescj01,WAS,"$8,730,158.00",,,,,,,"$8,730,158.00"
141,Lonzo Ball,balllo01,NOP,"$8,719,320.00","$11,003,782.00",,,,,1st Round Pick,"$19,723,102.00"
142,E'Twaun Moore,mooreet01,NOP,"$8,664,928.00",,,,,,Cap Space,"$8,664,928.00"
143,Marvin Bagley,baglema01,SAC,"$8,556,120.00","$8,963,640.00","$11,312,114.00",,,,1st Round Pick,"$17,519,760.00"
144,Bogdan Bogdanović,bogdabo01,SAC,"$8,529,386.00",,,,,,Cap space,"$8,529,386.00"
145,Tyus Jones,jonesty01,MEM,"$8,408,000.00","$7,965,100.00","$7,522,200.00",,,,MLE,"$23,895,300.00"
146,P.J. Tucker,tuckepj01,HOU,"$8,349,039.00","$7,969,537.00",,,,,MLE,"$16,318,576.00"
147,Cristiano Felício,feliccr01,CHI,"$8,156,500.00","$7,529,020.00",,,,,Cap space,"$15,685,520.00"
148,Ben Simmons,simmobe01,PHI,"$8,113,930.00","$29,250,000.00","$31,590,000.00","$33,930,000.00","$36,270,000.00","$38,610,000.00",1st Round pick,"$177,763,930.00"
149,Kentavious Caldwell-Pope,caldwke01,LAL,"$8,089,282.00","$8,493,746.00",,,,,Cap Space,"$8,089,282.00"
150,Maxi Kleber,klebima01,DAL,"$8,000,000.00","$8,250,000.00","$8,750,000.00","$9,000,000.00",,,Early Bird Rights,"$25,000,000.00"
151,Lou Williams,willilo02,LAC,"$8,000,000.00","$8,000,000.00",,,,,Cap Space,"$16,000,000.00"
152,Elfrid Payton,paytoel01,NYK,"$8,000,000.00","$8,000,000.00",,,,,Cap Space,"$9,000,000.00"
153,Thomas Bryant,bryanth01,WAS,"$7,936,508.00","$8,333,333.00","$8,730,159.00",,,,Early Bird Rights,"$25,000,000.00"
154,RJ Barrett,barrerj01,NYK,"$7,839,960.00","$8,231,760.00","$8,623,920.00","$10,900,635.00",,,1st Round Pick,"$16,071,720.00"
155,Jayson Tatum,tatumja01,BOS,"$7,830,000.00","$9,897,120.00",,,,,1st Round Pick,"$17,727,120.00"
156,Jae Crowder,crowdja01,MIA,"$7,815,533.00",,,,,,Bird Rights,"$7,815,533.00"
157,Wayne Ellington,ellinwa01,NYK,"$7,804,878.00","$8,195,122.00",,,,,Cap Space,"$7,804,878.00"
158,Luka Dončić,doncilu01,DAL,"$7,683,360.00","$8,049,360.00","$10,174,391.00",,,,1st Round Pick,"$15,732,720.00"
159,Joe Harris,harrijo01,BRK,"$7,670,000.00",,,,,,Early Bird Rights,"$7,670,000.00"
160,Seth Curry,curryse01,DAL,"$7,441,860.00","$7,813,953.00","$8,186,047.00","$8,558,140.00",,,MLE,"$32,000,000.00"
161,Doug McDermott,mcderdo01,IND,"$7,333,334.00","$7,333,333.00",,,,,Cap Space,"$14,666,667.00"
162,Langston Galloway,gallola01,DET,"$7,333,333.00",,,,,,MLE,"$7,333,333.00"
163,Derrick Rose,rosede01,DET,"$7,317,073.00","$7,682,927.00",,,,,MLE,"$15,000,000.00"
164,Brandon Ingram,ingrabr01,NOP,"$7,265,485.00",,,,,,1st Round pick,"$7,265,485.00"
165,D.J. Augustin,augusdj01,ORL,"$7,250,000.00",,,,,,Cap Space,"$7,250,000.00"
166,Darius Miller,milleda01,NOP,"$7,250,000.00","$7,000,000.00",,,,,Early Bird Rights,"$7,250,000.00"
167,De'Andre Hunter,huntede01,ATL,"$7,068,360.00","$7,422,000.00","$7,775,400.00","$9,835,881.00",,,1st Round Pick,"$14,490,360.00"
168,Josh Jackson,jacksjo02,MEM,"$7,059,480.00",,,,,,1st Round Pick,"$7,059,480.00"
169,Dāvis Bertāns,bertada01,WAS,"$7,000,000.00",,,,,,Early Bird Rights,"$7,000,000.00"
170,Ersan İlyasova,ilyaser01,MIL,"$7,000,000.00","$7,000,000.00",,,,,MLE,"$7,000,000.00"
171,Jaren Jackson,jacksja02,MEM,"$6,927,480.00","$7,257,360.00","$9,180,560.00",,,,1st Round Pick,"$14,184,840.00"
172,DeMarre Carroll,carrode01,SAS,"$6,842,307.00","$6,167,887.00","$1,252,127.00",,,,,"$14,262,321.00"
173,Nemanja Bjelica,bjeline01,SAC,"$6,825,000.00","$7,150,000.00",,,,,Cap Space,"$6,825,000.00"
174,Jaylen Brown,brownja02,BOS,"$6,534,829.00","$22,991,071.00","$24,830,357.00","$26,669,643.00","$28,508,929.00",,1st Round pick,"$109,534,829.00"
175,Jabari Parker,parkeja01,SAC,"$6,500,000.00","$6,500,000.00",,,,,Cap Space,"$6,500,000.00"
176,Ivica Zubac,zubaciv01,LAC,"$6,481,482.00","$7,000,000.00","$7,518,518.00","$7,518,518.00",,,Bird Rights,"$21,000,000.00"
177,Joakim Noah,noahjo01,NYK,"$6,431,666.00","$6,431,666.00","$6,431,666.00",,,,,"$19,294,998.00"
178,Darius Garland,garlada01,CLE,"$6,400,920.00","$6,720,720.00","$7,040,880.00","$8,920,795.00",,,1st Round Pick,"$13,121,640.00"
179,De'Aaron Fox,foxde01,SAC,"$6,392,760.00","$8,099,627.00",,,,,1st Round Pick,"$14,492,387.00"
180,Trae Young,youngtr01,ATL,"$6,273,000.00","$6,571,800.00","$8,326,471.00",,,,1st Round Pick,"$12,844,800.00"
181,Montrezl Harrell,harremo01,LAC,"$6,000,000.00",,,,,,Bird Rights,"$6,000,000.00"
182,Ish Smith,smithis01,WAS,"$5,853,659.00","$6,146,341.00",,,,,MLE,"$12,000,000.00"
183,Marco Belinelli,belinma01,SAS,"$5,846,154.00",,,,,,MLE,"$5,846,154.00"
184,Jarrett Culver,culveja01,MIN,"$5,813,640.00","$6,104,280.00","$6,395,160.00","$8,109,063.00",,,1st Round Pick,"$11,917,920.00"
185,Jonathan Isaac,isaacjo01,ORL,"$5,806,440.00","$7,362,566.00",,,,,1st Round Pick,"$13,169,006.00"
186,Rodney Hood,hoodro01,POR,"$5,718,000.00","$6,003,900.00",,,,,MLE,"$5,718,000.00"
187,Mohamed Bamba,bambamo01,ORL,"$5,697,600.00","$5,969,040.00","$7,568,742.00",,,,1st Round Pick,"$11,666,640.00"
188,Timofey Mozgov,mozgoti01,ORL,"$5,573,333.00","$5,573,333.00","$5,573,334.00",,,,,"$16,720,000.00"
189,Trey Lyles,lylestr01,SAS,"$5,500,000.00","$5,500,000.00",,,,,MLE,"$5,500,000.00"
190,Deron Williams,willide01,BRK,"$5,474,787.00",,,,,,,"$5,474,787.00"
191,Aron Baynes,baynear01,PHO,"$5,453,280.00",,,,,,Non-Bird Exception,"$5,453,280.00"
192,Kris Dunn,dunnkr01,CHI,"$5,348,007.00",,,,,,1st Round pick,"$5,348,007.00"
193,Josh Smith,smithjo03,DET,"$5,331,729.00",,,,,,,"$5,331,729.00"
194,Coby White,whiteco01,CHI,"$5,307,120.00","$5,572,680.00","$5,837,760.00","$7,413,955.00",,,1st Round Pick,"$10,879,800.00"
195,Lauri Markkanen,markkla01,CHI,"$5,300,400.00","$6,731,508.00",,,,,1st Round Pick,"$12,031,908.00"
196,Ryan Anderson,anderry01,MIA,"$5,214,583.00","$5,214,583.00","$5,214,584.00",,,,,"$15,643,750.00"
197,Wendell Carter,cartewe01,CHI,"$5,201,400.00","$5,448,840.00","$6,920,027.00",,,,1st Round Pick,"$10,650,240.00"
198,Pau Gasol,gasolpa01,SAS,"$5,100,000.00",,,,,,,"$5,100,000.00"
199,Daniel Theis,theisda01,BOS,"$5,000,000.00","$5,000,000.00",,,,,Early Bird Rights,"$5,000,000.00"
200,Luol Deng,denglu01,LAL,"$4,990,000.00","$4,990,000.00","$4,990,000.00",,,,,"$14,970,000.00"
201,Jaxson Hayes,hayesja02,NOP,"$4,862,040.00","$5,105,160.00","$5,348,280.00","$6,803,012.00",,,1st Round Pick,"$9,967,200.00"
202,Buddy Hield,hieldbu01,SAC,"$4,861,208.00","$24,431,818.00","$22,477,273.00","$20,522,727.00","$18,568,182.00",,1st Round pick,"$90,861,208.00"
203,Frank Ntilikina,ntilila01,NYK,"$4,855,800.00","$6,176,578.00",,,,,1st Round Pick,"$11,032,378.00"
204,Ed Davis,davised01,UTA,"$4,767,000.00","$5,005,350.00",,,,,Room Exception,"$9,772,350.00"
205,Richaun Holmes,holmeri01,SAC,"$4,767,000.00","$5,005,350.00",,,,,Room Exception,"$9,772,350.00"
206,Frank Kaminsky,kaminfr01,PHO,"$4,767,000.00","$5,005,350.00",,,,,Room Exception,"$9,772,350.00"
207,Mike Scott,scottmi01,PHI,"$4,767,000.00","$5,005,350.00",,,,,Room Exception,"$9,772,350.00"
208,Avery Bradley,bradlav01,LAL,"$4,767,000.00","$5,005,350.00",,,,,Room Exception,"$9,772,350.00"
209,Robin Lopez,lopezro01,MIL,"$4,767,000.00","$5,005,350.00",,,,,Room Exception,"$4,767,000.00"
210,JaMychal Green,greenja01,LAC,"$4,767,000.00","$5,005,350.00",,,,,Room Exception,"$4,767,000.00"
211,Justin Holiday,holidju01,IND,"$4,767,000.00",,,,,,Room Exception,"$4,767,000.00"
212,Garrett Temple,templga01,BRK,"$4,767,000.00","$5,005,350.00",,,,,Room Exception,"$4,767,000.00"
213,Enes Kanter,kanteen01,BOS,"$4,767,000.00","$5,005,350.00",,,,,Room Exception,"$4,767,000.00"
214,Collin Sexton,sextoco01,CLE,"$4,764,960.00","$4,991,880.00","$6,349,671.00",,,,1st Round Pick,"$9,756,840.00"
215,Rodney McGruder,mcgruro01,LAC,"$4,629,630.00","$5,000,000.00","$5,370,370.00",,,,Cap Space,"$15,000,000.00"
216,Rui Hachimura,hachiru01,WAS,"$4,469,160.00","$4,692,840.00","$4,916,160.00","$6,263,188.00",,,1st Round Pick,"$9,162,000.00"
217,Kevon Looney,looneke01,GSW,"$4,464,286.00","$4,821,429.00","$5,178,572.00",,,,Bird Rights,"$9,285,715.00"
218,Dennis Smith,smithde03,NYK,"$4,463,640.00","$5,686,677.00",,,,,1st Round Pick,"$10,150,317.00"
219,Jamal Murray,murraja01,DEN,"$4,444,746.00","$29,250,000.00","$31,590,000.00","$33,930,000.00","$36,270,000.00","$38,610,000.00",1st Round pick,"$174,094,746.00"
220,Kevin Knox,knoxke01,NYK,"$4,380,120.00","$4,588,680.00","$5,845,978.00",,,,1st Round Pick,"$8,968,800.00"
221,Cam Reddish,reddica01,ATL,"$4,245,720.00","$4,458,000.00","$4,670,160.00","$5,954,454.00",,,1st Round Pick,"$8,703,720.00"
222,Zach Collins,colliza01,POR,"$4,240,200.00","$5,406,255.00",,,,,1st Round Pick,"$9,646,455.00"
223,Mikal Bridges,bridgmi01,PHO,"$4,161,000.00","$4,359,000.00","$5,557,725.00",,,,1st Round Pick,"$8,520,000.00"
224,Alex Len,lenal01,SAC,"$4,160,000.00",,,,,,Room Exception,"$4,160,000.00"
225,Cameron Johnson,johnsca02,PHO,"$4,033,440.00","$4,235,160.00","$4,437,000.00","$5,887,899.00",,,1st Round Pick,"$8,268,600.00"
226,Malik Monk,monkma01,CHO,"$4,028,400.00","$5,345,687.00",,,,,1st Round Pick,"$9,374,087.00"
227,Dorian Finney-Smith,finnedo01,DAL,"$4,000,000.00","$4,000,000.00","$4,000,000.00",,,,Bird Rights,"$12,000,000.00"
228,JaVale McGee,mcgeeja01,LAL,"$4,000,000.00","$4,200,000.00",,,,,Cap Space,"$8,200,000.00"
229,Patrick McCaw,mccawpa01,TOR,"$4,000,000.00","$4,000,000.00",,,,,MLE,"$8,000,000.00"
230,Reggie Bullock,bullore01,NYK,"$4,000,000.00","$4,200,000.00",,,,,Room Exception,"$5,000,000.00"
231,Shai Gilgeous-Alexander,gilgesh01,OKC,"$3,952,920.00","$4,141,320.00","$5,495,532.00",,,,1st Round Pick,"$8,094,240.00"
232,Nicolò Melli,mellini01,NOP,"$3,902,439.00","$4,097,561.00",,,,,Room Exception,"$8,000,000.00"
233,P.J. Washington,washipj01,CHO,"$3,831,840.00","$4,023,600.00","$4,215,120.00","$5,808,435.00",,,1st Round Pick,"$7,855,440.00"
234,Luke Kennard,kennalu01,DET,"$3,827,160.00","$5,273,826.00",,,,,1st Round Pick,"$9,100,986.00"
235,Miles Bridges,bridgmi02,CHO,"$3,755,400.00","$3,934,320.00","$5,421,493.00",,,,1st Round Pick,"$7,689,720.00"
236,Jakob Poeltl,poeltja01,SAS,"$3,754,886.00",,,,,,1st Round pick,"$3,754,886.00"
237,Tyler Herro,herroty01,MIA,"$3,640,200.00","$3,822,240.00","$4,004,280.00","$5,722,116.00",,,1st Round Pick,"$7,462,440.00"
238,Donovan Mitchell,mitchdo01,UTA,"$3,635,760.00","$5,195,501.00",,,,,1st Round Pick,"$8,831,261.00"
239,Stanley Johnson,johnsst04,TOR,"$3,623,000.00","$3,801,000.00",,,,,Bi-annual Exception,"$3,623,000.00"
240,Jake Layman,laymaja01,MIN,"$3,581,986.00","$3,761,085.00","$3,940,184.00",,,,Sign and Trade,"$11,283,255.00"
241,Thon Maker,makerth01,DET,"$3,569,643.00",,,,,,1st Round pick,"$3,569,643.00"
242,Jerome Robinson,robinje01,WAS,"$3,567,720.00","$3,737,520.00","$5,340,916.00",,,,1st Round Pick,"$7,305,240.00"
243,Allonzo Trier,trieral01,NYK,"$3,551,100.00",,,,,,,"$3,551,100.00"
244,Danuel House,houseda01,HOU,"$3,540,000.00","$3,717,000.00","$3,894,000.00",,,,MLE,"$11,151,000.00"
245,Domantas Sabonis,sabondo01,IND,"$3,529,555.00","$17,187,500.00","$18,562,500.00","$19,937,500.00","$21,312,500.00",,1st Round pick,"$80,529,555.00"
246,Mirza Teletović,teletmi01,MIL,"$3,500,000.00","$3,500,000.00",,,,,,"$7,000,000.00"
247,Boban Marjanović,marjabo01,DAL,"$3,500,000.00","$3,500,000.00",,,,,Bi-Annual Exception,"$7,000,000.00"
248,T.J. McConnell,mccontj01,IND,"$3,500,000.00","$3,500,000.00",,,,,Cap Space,"$4,500,000.00"
249,DeMarcus Cousins,couside01,LAL,"$3,500,000.00",,,,,,,"$3,500,000.00"
250,Taurean Waller-Prince,princta02,BRK,"$3,481,986.00","$13,942,308.00","$15,057,692.00",,,,1st Round pick,"$32,481,986.00"
251,Dario Šarić,saricda01,PHO,"$3,481,986.00",,,,,,1st Round pick,"$3,481,986.00"
252,Romeo Langford,langfro01,BOS,"$3,458,400.00","$3,631,200.00","$3,804,360.00","$5,634,257.00",,,1st Round Pick,"$7,089,600.00"
253,Bam Adebayo,adebaba01,MIA,"$3,454,080.00","$5,115,492.00",,,,,1st Round Pick,"$8,569,572.00"
254,Kyle Korver,korveky01,PHO,"$3,440,000.00",,,,,,,"$3,440,000.00"
255,Michael Porter,portemi01,DEN,"$3,389,400.00","$3,550,800.00","$5,258,735.00",,,,1st Round Pick,"$6,940,200.00"
256,Denzel Valentine,valende01,CHI,"$3,377,569.00",,,,,,1st Round pick,"$3,377,569.00"
257,Juan Hernangómez,hernaju01,MIN,"$3,321,030.00",,,,,,1st Round pick,"$3,321,030.00"
258,Sekou Doumbouya,doumbse01,DET,"$3,285,120.00","$3,449,400.00","$3,613,680.00","$5,539,771.00",,,1st Round Pick,"$6,734,520.00"
259,Justin Jackson,jacksju01,DAL,"$3,280,920.00","$5,029,650.00",,,,,1st Round Pick,"$8,310,570.00"
260,Troy Brown,browntr01,WAS,"$3,219,480.00","$3,372,840.00","$5,170,564.00",,,,1st Round Pick,"$6,592,320.00"
261,Jon Leuer,leuerjo01,MIL,"$3,169,348.00","$3,169,348.00","$3,169,347.00",,,,,"$9,508,043.00"
262,Yogi Ferrell,ferreyo01,SAC,"$3,150,000.00",,,,,,Cap Space,"$3,150,000.00"
263,Guerschon Yabusele,yabusgu01,BOS,"$3,117,240.00",,,,,,,"$3,117,240.00"
264,Zhaire Smith,smithzh01,PHI,"$3,058,800.00","$3,204,600.00","$4,915,856.00",,,,1st Round Pick,"$6,263,400.00"
265,Dwight Howard,howardw01,MEM,"$3,039,097.00",,,,,,,"$3,039,097.00"
266,Khem Birch,birchkh01,ORL,"$3,000,000.00","$3,000,000.00",,,,,Early Bird Rights,"$6,000,000.00"
267,Ryan Arcidiacono,arcidry01,CHI,"$3,000,000.00","$3,000,000.00","$3,000,000.00",,,,Cap space,"$6,000,000.00"
268,Quinn Cook,cookqu01,LAL,"$3,000,000.00","$3,000,000.00",,,,,Cap Space,"$4,000,000.00"
269,Ömer Aşık,asikom01,CHI,"$3,000,000.00",,,,,,,"$3,000,000.00"
270,Nickeil Alexander-Walker,alexani01,NOP,"$2,964,840.00","$3,113,160.00","$3,261,480.00","$5,009,633.00",,,1st Round Pick,"$6,078,000.00"
271,D.J. Wilson,wilsodj01,MIL,"$2,961,120.00","$4,548,280.00",,,,,1st Round Pick,"$7,509,400.00"
272,Cedi Osman,osmande01,CLE,"$2,907,143.00","$8,750,000.00","$8,050,000.00","$7,350,000.00","$6,650,000.00",,MLE,"$27,057,143.00"
273,Donte DiVincenzo,divindo01,MIL,"$2,905,800.00","$3,044,160.00","$4,675,830.00",,,,1st Round Pick,"$5,949,960.00"
274,Bryn Forbes,forbebr01,SAS,"$2,875,000.00",,,,,,Early Bird Rights,"$2,875,000.00"
275,Andrew Nicholson,nichoan01,POR,"$2,844,429.00","$2,844,429.00","$2,844,429.00","$2,844,429.00","$2,844,429.00",,,"$14,222,145.00"
276,Goga Bitadze,bitadgo01,IND,"$2,816,760.00","$2,957,520.00","$3,098,400.00","$4,765,339.00",,,1st Round Pick,"$5,774,280.00"
277,T.J. Leaf,leaftj01,IND,"$2,813,280.00","$4,326,825.00",,,,,1st Round Pick,"$7,140,105.00"
278,Lonnie Walker,walkelo01,SAS,"$2,760,480.00","$2,892,000.00","$4,447,896.00",,,,1st Round Pick,"$5,652,480.00"
279,Alex Caruso,carusal01,LAL,"$2,750,000.00","$2,750,000.00",,,,,Room Exception,"$5,500,000.00"
280,Malik Beasley,beaslma01,MIN,"$2,731,714.00",,,,,,1st Round pick,"$2,731,714.00"
281,Luka Šamanić,samanlu01,SAS,"$2,689,920.00","$2,824,320.00","$2,959,080.00","$4,556,983.00",,,1st Round Pick,"$5,514,240.00"
282,John Collins,collijo01,ATL,"$2,686,560.00","$4,137,302.00",,,,,1st Round Pick,"$6,823,862.00"
283,Kevin Huerter,huertke01,ATL,"$2,636,280.00","$2,761,920.00","$4,253,357.00",,,,1st Round Pick,"$5,398,200.00"
284,Caris LeVert,leverca01,BRK,"$2,625,718.00","$16,203,704.00","$17,500,000.00","$18,796,296.00",,,1st Round pick,"$55,125,718.00"
285,Marko Guduric,gudurma01,MEM,"$2,625,000.00","$2,750,000.00",,,,,Bi-annual Exception,"$5,375,000.00"
286,DeAndre' Bembry,bembrde01,ATL,"$2,603,982.00",,,,,,1st Round pick,"$2,603,982.00"
287,Matisse Thybulle,thybuma01,PHI,"$2,582,160.00","$2,711,280.00","$2,840,160.00","$4,379,527.00",,,1st Round Pick,"$5,293,440.00"
288,Harry Giles,gilesha01,SAC,"$2,578,800.00",,,,,,1st Round Pick,"$2,578,800.00"
289,Jeff Green,greenje02,UTA,"$2,564,753.00",,,,,,,"$2,564,753.00"
290,Pau Gasol,gasolpa01,POR,"$2,564,753.00",,,,,,,"$2,564,753.00"
291,Wesley Matthews,matthwe02,MIL,"$2,564,753.00","$2,692,991.00",,,,,Minimum Salary,"$2,564,753.00"
292,Kyle Korver,korveky01,MIL,"$2,564,753.00",,,,,,Minimum Salary,"$2,564,753.00"
293,Udonis Haslem,hasleud01,MIA,"$2,564,753.00",,,,,,Minimum Salary,"$2,564,753.00"
294,Jared Dudley,dudleja01,LAL,"$2,564,753.00",,,,,,Minimum Salary,"$2,564,753.00"
295,Rajon Rondo,rondora01,LAL,"$2,564,753.00","$2,619,605.00",,,,,Minimum Salary,"$2,564,753.00"
296,Dwight Howard,howardw01,LAL,"$2,564,753.00",,,,,,Minimum Salary,"$2,564,753.00"
297,Thabo Sefolosha,sefolth01,HOU,"$2,564,753.00",,,,,,Minimum Salary,"$2,564,753.00"
298,Tyson Chandler,chandty01,HOU,"$2,564,753.00",,,,,,Minimum Salary,"$2,564,753.00"
299,Gerald Green,greenge01,DEN,"$2,564,753.00",,,,,,,"$2,564,753.00"
300,J.J. Barea,bareajo01,DAL,"$2,564,753.00",,,,,,Minimum Salary,"$2,564,753.00"
301,Wilson Chandler,chandwi01,BRK,"$2,564,753.00",,,,,,Minimum Salary,"$2,564,753.00"
302,Nenê Hilário,hilarne01,ATL,"$2,564,753.00",,,,,,,"$2,564,753.00"
303,Vince Carter,cartevi01,ATL,"$2,564,753.00",,,,,,Minimum Salary,"$2,564,753.00"
304,Josh Okogie,okogijo01,MIN,"$2,530,680.00","$2,651,040.00","$4,087,904.00",,,,1st Round Pick,"$5,181,720.00"
305,Vincent Poirier,poirivi01,BOS,"$2,505,793.00","$2,619,207.00",,,,,Minimum Salary,"$5,125,000.00"
306,Rondae Hollis-Jefferson,holliro01,TOR,"$2,500,000.00",,,,,,MLE,"$2,500,000.00"
307,Brandon Clarke,clarkbr01,MEM,"$2,478,840.00","$2,602,920.00","$2,726,880.00","$4,343,920.00",,,1st Round Pick,"$5,081,760.00"
308,Terrance Ferguson,fergute01,OKC,"$2,475,840.00","$3,944,013.00",,,,,1st Round Pick,"$6,419,853.00"
309,Grayson Allen,allengr01,MEM,"$2,429,400.00","$2,545,320.00","$4,054,695.00",,,,1st Round Pick,"$4,974,720.00"
310,Anthony Tolliver,tollian01,SAC,"$2,419,852.00",,,,,,,"$2,419,852.00"
311,Grant Williams,willigr01,BOS,"$2,379,840.00","$2,498,760.00","$2,617,800.00","$4,306,281.00",,,1st Round Pick,"$4,878,600.00"
312,Jarrett Allen,allenja01,BRK,"$2,376,840.00","$3,909,902.00",,,,,1st Round Pick,"$6,286,742.00"
313,Pascal Siakam,siakapa01,TOR,"$2,351,839.00","$29,000,000.00","$31,320,000.00","$33,640,000.00","$35,960,000.00",,1st Round pick,"$132,271,839.00"
314,Skal Labissière,labissk01,ATL,"$2,338,847.00",,,,,,1st Round pick,"$2,338,847.00"
315,Chandler Hutchison,hutchch01,CHI,"$2,332,320.00","$2,443,440.00","$4,019,459.00",,,,1st Round Pick,"$4,775,760.00"
316,Patrick Patterson,pattepa01,LAC,"$2,331,593.00",,,,,,Minimum Salary,"$2,331,593.00"
317,Dejounte Murray,murrade01,SAS,"$2,321,735.00","$14,285,714.00","$15,428,571.00","$16,571,429.00","$17,714,286.00",,1st Round pick,"$66,321,735.00"
318,Alec Burks,burksal01,PHI,"$2,320,044.00",,,,,,Minimum Salary,"$2,320,044.00"
319,Isaiah Thomas,thomais02,LAC,"$2,320,044.00",,,,,,,"$2,320,044.00"
320,Damian Jones,jonesda03,ATL,"$2,305,057.00",,,,,,1st Round pick,"$2,305,057.00"
321,Darius Bazley,bazleda01,OKC,"$2,284,800.00","$2,399,160.00","$2,513,040.00","$4,264,629.00",,,1st Round Pick,"$4,683,960.00"
322,OG Anunoby,anunoog01,TOR,"$2,281,800.00","$3,872,215.00",,,,,1st Round Pick,"$6,154,015.00"
323,Ante Žižić,zizican01,CLE,"$2,281,800.00",,,,,,1st Round Pick,"$2,281,800.00"
324,Monta Ellis,ellismo01,IND,"$2,245,400.00","$2,245,400.00","$2,245,400.00",,,,,"$6,736,200.00"
325,Markieff Morris,morrima02,DET,"$2,241,808.00",,,,,,,"$2,241,808.00"
326,Aaron Holiday,holidaa01,IND,"$2,239,200.00","$2,345,640.00","$3,980,551.00",,,,1st Round Pick,"$4,584,840.00"
327,Luke Kornet,kornelu01,CHI,"$2,195,122.00","$2,304,878.00",,,,,Room Exception,"$4,500,000.00"
328,Ty Jerome,jeromty01,PHO,"$2,193,480.00","$2,303,040.00","$2,412,840.00","$4,220,057.00",,,1st Round Pick,"$4,496,520.00"
329,Willie Cauley-Stein,caulewi01,DAL,"$2,177,483.00","$2,286,357.00",,,,,MLE,"$2,177,483.00"
330,Austin Rivers,riverau01,HOU,"$2,174,318.00","$2,369,663.00",,,,,Minimum Salary,"$2,174,318.00"
331,Carmelo Anthony,anthoca01,POR,"$2,159,029.00",,,,,,Minimum Salary,"$2,159,029.00"
332,Anfernee Simons,simonan01,POR,"$2,149,560.00","$2,252,040.00","$3,938,818.00",,,,1st Round Pick,"$4,401,600.00"
333,Matt Barnes,barnema02,SAC,"$2,133,541.00",,,,,,,"$2,133,541.00"
334,Nassir Little,littlna01,POR,"$2,105,520.00","$2,210,640.00","$2,316,240.00","$4,171,548.00",,,1st Round Pick,"$4,316,160.00"
335,Torrey Craig,craigto01,DEN,"$2,100,000.00",,,,,,Cap Space,"$2,100,000.00"
336,Moritz Wagner,wagnemo01,WAS,"$2,063,520.00","$2,161,920.00","$3,893,618.00",,,,1st Round Pick,"$4,225,440.00"
337,Dylan Windler,windldy01,CLE,"$2,035,800.00","$2,137,440.00","$2,239,200.00","$4,037,278.00",,,1st Round Pick,"$4,173,240.00"
338,Caleb Swanigan,swanica01,POR,"$2,033,160.00",,,,,,1st Round Pick,"$2,033,160.00"
339,Trey Burke,burketr01,PHI,"$2,028,594.00",,,,,,,"$2,028,594.00"
340,Kyle O'Quinn,oquinky01,PHI,"$2,028,594.00",,,,,,Minimum Salary,"$2,028,594.00"
341,Michael Carter-Williams,cartemi01,ORL,"$2,028,594.00",,,,,,Minimum Salary,"$2,028,594.00"
342,Mike Muscala,muscami01,OKC,"$2,028,594.00","$2,283,034.00",,,,,Minimum Salary,"$2,028,594.00"
343,Nerlens Noel,noelne01,OKC,"$2,028,594.00",,,,,,Minimum Salary,"$2,028,594.00"
344,Troy Daniels,danietr01,LAL,"$2,028,594.00",,,,,,,"$2,028,594.00"
345,Ben McLemore,mclembe01,HOU,"$2,028,594.00","$2,283,034.00",,,,,Minimum Salary,"$2,028,594.00"
346,Spencer Hawes,hawessp01,MIL,"$2,007,058.00",,,,,,,"$2,007,058.00"
347,Edmond Sumner,sumneed01,IND,"$2,000,000.00","$2,160,000.00","$2,320,000.00",,,,Cap Space,"$4,160,000.00"
348,Avery Bradley,bradlav01,MEM,"$2,000,000.00",,,,,,,"$2,000,000.00"
349,Noah Vonleh,vonleno01,DEN,"$2,000,000.00",,,,,,MLE,"$2,000,000.00"
350,Landry Shamet,shamela01,LAC,"$1,995,120.00","$2,090,040.00","$3,768,342.00",,,,1st Round Pick,"$4,085,160.00"
351,Mfiondu Kabengele,kabenmf01,LAC,"$1,977,000.00","$2,075,880.00","$2,174,880.00","$3,923,484.00",,,1st Round Pick,"$4,052,880.00"
352,Kyle Kuzma,kuzmaky01,LAL,"$1,974,600.00","$3,562,178.00",,,,,1st Round Pick,"$5,536,778.00"
353,Jordan Poole,poolejo01,GSW,"$1,964,760.00","$2,063,280.00","$2,161,440.00","$3,901,399.00",,,1st Round Pick,"$4,028,040.00"
354,Tony Bradley,bradlto01,UTA,"$1,962,360.00","$3,542,060.00",,,,,1st Round Pick,"$5,504,420.00"
355,Keldon Johnson,johnske04,SAS,"$1,950,600.00","$2,048,040.00","$2,145,720.00","$3,873,025.00",,,1st Round Pick,"$3,998,640.00"
356,Derrick White,whitede01,SAS,"$1,948,080.00","$3,516,284.00",,,,,1st Round Pick,"$5,464,364.00"
357,Robert Williams,williro04,BOS,"$1,937,520.00","$2,029,920.00","$3,661,976.00",,,,1st Round Pick,"$3,967,440.00"
358,Josh Hart,hartjo01,NOP,"$1,934,160.00","$3,491,159.00",,,,,1st Round Pick,"$5,425,319.00"
359,Jacob Evans,evansja02,MIN,"$1,925,880.00","$2,017,320.00","$3,641,263.00",,,,1st Round Pick,"$3,943,200.00"
360,Anderson Varejão,varejan01,POR,"$1,913,345.00","$1,913,345.00",,,,,,"$3,826,690.00"
361,Džanan Musa,musadz01,BRK,"$1,911,600.00","$2,002,800.00","$3,615,054.00",,,,1st Round Pick,"$3,914,400.00"
362,Omari Spellman,spellom01,MIN,"$1,897,800.00","$1,988,280.00","$3,588,845.00",,,,1st Round Pick,"$3,886,080.00"
363,Shabazz Napier,napiesh01,WAS,"$1,882,867.00",,,,,,Cap Space,"$1,882,867.00"
364,Glenn Robinson,robingl02,PHI,"$1,882,867.00","$2,071,978.00",,,,,Minimum Salary,"$1,882,867.00"
365,James Ennis,ennisja01,ORL,"$1,882,867.00","$2,071,978.00",,,,,Minimum Salary,"$1,882,867.00"
366,Tim Frazier,fraziti01,DET,"$1,882,867.00",,,,,,,"$1,882,867.00"
367,Larry Sanders,sandela01,MIL,"$1,865,547.00","$1,865,547.00","$1,865,547.00",,,,,"$5,596,641.00"
368,Bruno Caboclo,cabocbr01,HOU,"$1,845,301.00",,,,,,Minimum Salary,"$1,845,301.00"
369,Markieff Morris,morrima02,LAL,"$1,750,000.00",,,,,,DPE,"$1,750,000.00"
370,Mario Hezonja,hezonma01,POR,"$1,737,145.00","$1,882,867.00",,,,,Minimum Salary,"$3,620,012.00"
371,Emmanuel Mudiay,mudiaem01,UTA,"$1,737,145.00",,,,,,Minimum Salary,"$1,737,145.00"
372,Raul Neto,netora01,PHI,"$1,737,145.00",,,,,,Minimum Salary,"$1,737,145.00"
373,JaKarr Sampson,sampsja02,IND,"$1,737,145.00",,,,,,Minimum Salary,"$1,737,145.00"
374,Pat Connaughton,connapa01,MIL,"$1,723,050.00",,,,,,MLE,"$1,723,050.00"
375,Jahlil Okafor,okafoja01,NOP,"$1,702,486.00",,,,,,Minimum Salary,"$1,702,486.00"
376,Rodions Kurucs,kurucro01,BRK,"$1,699,236.00","$1,780,152.00","$1,861,068.00",,,,Cap space,"$3,479,388.00"
377,Jonah Bolden,boldejo01,PHI,"$1,698,450.00",,,,,,,"$1,698,450.00"
378,Georges Niang,niangge01,UTA,"$1,678,854.00","$1,783,557.00",,,,,Non-Bird Exception,"$1,678,854.00"
379,Cheick Diallo,diallch01,PHO,"$1,678,854.00","$1,824,003.00",,,,,Minimum Salary,"$1,678,854.00"
380,Dragan Bender,bendedr01,MIL,"$1,678,854.00",,,,,,,"$1,678,854.00"
381,David Nwaba,nwabada01,BRK,"$1,678,854.00",,,,,,,"$1,678,854.00"
382,Treveon Graham,grahatr01,ATL,"$1,678,854.00",,,,,,Minimum Salary,"$1,678,854.00"
383,Willy Hernangómez,hernawi01,CHO,"$1,676,735.00",,,,,,Cap Space,"$1,676,735.00"
384,Derrick Jones,jonesde02,MIA,"$1,645,357.00",,,,,,Minimum Salary,"$1,645,357.00"
385,Jordan McRae,mcraejo01,DET,"$1,645,357.00",,,,,,Minimum Salary,"$1,645,357.00"
386,Christian Wood,woodch01,DET,"$1,645,357.00",,,,,,Minimum Salary,"$1,645,357.00"
387,Furkan Korkmaz,korkmfu01,PHI,"$1,620,564.00","$1,762,796.00",,,,,Minimum Salary,"$1,620,564.00"
388,Jordan Bell,belljo01,MEM,"$1,620,564.00",,,,,,,"$1,620,564.00"
389,Justin Patton,pattoju01,DAL,"$1,620,564.00",,,,,,,"$1,620,564.00"
390,Royce O'Neale,onealro01,UTA,"$1,618,520.00","$8,035,714.00","$8,678,571.00","$9,321,429.00","$9,964,286.00",,Cap space,"$37,618,520.00"
391,Dillon Brooks,brookdi01,MEM,"$1,618,520.00","$11,400,000.00","$12,200,000.00","$11,400,000.00",,,MLE,"$36,618,520.00"
392,Wesley Iwundu,iwundwe01,ORL,"$1,618,520.00",,,,,,Cap Space,"$1,618,520.00"
393,Abdel Nader,naderab01,OKC,"$1,618,520.00","$1,752,950.00",,,,,Cap Space,"$1,618,520.00"
394,Damyean Dotson,dotsoda01,NYK,"$1,618,520.00",,,,,,Minimum Salary,"$1,618,520.00"
395,Frank Jackson,jacksfr01,NOP,"$1,618,520.00",,,,,,MLE,"$1,618,520.00"
396,Sterling Brown,brownst02,MIL,"$1,618,520.00",,,,,,MLE,"$1,618,520.00"
397,Dwayne Bacon,bacondw01,CHO,"$1,618,520.00",,,,,,MLE,"$1,618,520.00"
398,Semi Ojeleye,ojelese01,BOS,"$1,618,520.00","$1,752,950.00",,,,,Cap space,"$1,618,520.00"
399,Chris Boucher,bouchch01,TOR,"$1,588,231.00",,,,,,Minimum Salary,"$1,588,231.00"
400,Malcolm Miller,millema01,TOR,"$1,588,231.00",,,,,,Minimum Salary,"$1,588,231.00"
401,Monte Morris,morrimo01,DEN,"$1,588,231.00","$1,663,861.00",,,,,Minimum Salary,"$1,588,231.00"
402,Mitchell Robinson,robinmi01,NYK,"$1,559,712.00","$1,663,861.00","$1,802,057.00",,,,MLE,"$1,559,712.00"
403,Vlatko Čančar,cancavl01,DEN,"$1,517,981.00","$898,310.00","$1,782,621.00",,,,MLE,"$2,416,291.00"
404,Isaiah Roby,robyis01,OKC,"$1,500,000.00","$1,517,981.00","$1,782,621.00","$1,930,681.00",,,MLE,"$3,017,981.00"
405,Nigel Williams-Goss,willini01,UTA,"$1,500,000.00","$1,517,981.00","$1,782,621.00",,,,Cap Space,"$1,500,000.00"
406,J.R. Smith,smithjr01,CLE,"$1,456,667.00","$1,456,667.00","$1,456,666.00",,,,,"$4,370,000.00"
407,Shake Milton,miltosh01,PHI,"$1,445,697.00","$1,701,593.00","$1,846,738.00","$1,997,718.00",,,Cap Space,"$4,994,028.00"
408,Thanasis Antetokounmpo,antetth01,MIL,"$1,445,697.00","$1,701,593.00",,,,,Minimum Salary,"$3,147,290.00"
409,Amile Jefferson,jeffeam01,ORL,"$1,445,697.00",,,,,,,"$1,445,697.00"
410,Theo Pinson,pinsoth01,NYK,"$1,445,697.00","$1,701,593.00",,,,,Minimum Salary,"$1,445,697.00"
411,Brad Wanamaker,wanambr01,BOS,"$1,445,697.00",,,,,,Minimum Salary,"$1,445,697.00"
412,Derrick Walton,waltode01,ATL,"$1,445,697.00",,,,,,,"$1,445,697.00"
413,Ryan Broekhoff,broekry01,DAL,"$1,443,842.00",,,,,,,"$1,443,842.00"
414,Gary Trent,trentga02,POR,"$1,416,852.00","$1,663,861.00",,,,,MLE,"$3,080,713.00"
415,Isaac Bonga,bongais01,WAS,"$1,416,852.00","$1,663,861.00",,,,,Cap Space,"$1,416,852.00"
416,Chimezie Metu,metuch01,SAS,"$1,416,852.00","$1,663,861.00",,,,,MLE,"$1,416,852.00"
417,Jevon Carter,carteje01,PHO,"$1,416,852.00",,,,,,MInimum Salary,"$1,416,852.00"
418,Elie Okobo,okoboel01,PHO,"$1,416,852.00","$1,663,861.00","$1,802,057.00",,,,Cap Space,"$1,416,852.00"
419,Melvin Frazier,frazime01,ORL,"$1,416,852.00","$1,663,861.00",,,,,MLE,"$1,416,852.00"
420,Deonte Burton,burtode02,OKC,"$1,416,852.00","$1,663,861.00",,,,,Minimum Salary,"$1,416,852.00"
421,Hamidou Diallo,diallha01,OKC,"$1,416,852.00","$1,663,861.00",,,,,MLE,"$1,416,852.00"
422,Kenrich Williams,willike04,NOP,"$1,416,852.00",,,,,,Minimum Salary,"$1,416,852.00"
423,Jarred Vanderbilt,vandeja01,MIN,"$1,416,852.00","$1,663,861.00",,,,,Cap Space,"$1,416,852.00"
424,Duncan Robinson,robindu01,MIA,"$1,416,852.00","$1,663,861.00",,,,,MLE,"$1,416,852.00"
425,Kendrick Nunn,nunnke01,MIA,"$1,416,852.00","$1,663,861.00",,,,,Minimum Salary,"$1,416,852.00"
426,De'Anthony Melton,meltode01,MEM,"$1,416,852.00",,,,,,Cap Space,"$1,416,852.00"
427,Alize Johnson,johnsal02,IND,"$1,416,852.00",,,,,,Minimum Salary,"$1,416,852.00"
428,Isaiah Hartenstein,harteis01,HOU,"$1,416,852.00",,,,,,,"$1,416,852.00"
429,Sviatoslav Mykhailiuk,mykhasv01,DET,"$1,416,852.00","$1,663,861.00",,,,,Cap Space,"$1,416,852.00"
430,Bruce Brown,brownbr01,DET,"$1,416,852.00","$1,663,861.00",,,,,MLE,"$1,416,852.00"
431,Keita Bates-Diop,bateske01,DEN,"$1,416,852.00","$1,663,861.00",,,,,MLE,"$1,416,852.00"
432,Devonte' Graham,grahade01,CHO,"$1,416,852.00","$1,663,861.00",,,,,MLE,"$1,416,852.00"
433,Jalen Brunson,brunsja01,DAL,"$1,416,582.00","$1,663,861.00","$1,802,057.00",,,,Cap Space,"$3,080,443.00"
434,Bruno Fernando,fernabr01,ATL,"$1,400,000.00","$1,517,981.00","$1,782,621.00",,,,Cap space,"$4,700,602.00"
435,Jaylen Nowell,nowelja01,MIN,"$1,400,000.00","$1,517,981.00","$1,782,621.00","$1,930,681.00",,,MLE,"$1,400,000.00"
436,Alfonzo McKinnie,mckinal01,CLE,"$1,361,046.00","$1,762,796.00","$1,910,860.00","$2,165,298.00",,,MLE,"$2,253,031.00"
437,Kevin Porter,porteke02,CLE,"$1,290,960.00","$2,033,160.00","$2,130,240.00","$3,845,083.00",,,1st Round Pick,"$3,324,120.00"
438,Carsen Edwards,edwarca01,BOS,"$1,228,026.00","$1,517,981.00","$1,782,621.00","$1,930,681.00",,,Cap space,"$4,528,628.00"
439,Cody Martin,martico01,CHO,"$1,173,310.00","$1,517,981.00","$1,782,621.00",,,,MLE,"$4,473,912.00"
440,Gary Payton,paytoga02,WAS,"$1,090,781.00",,,,,,Minimum Salary,"$1,090,781.00"
441,George Hill,hillge01,MIL,"$1,000,000.00",,,,,,,"$21,000,000.00"
442,Terance Mann,mannte01,LAC,"$1,000,000.00","$1,517,984.00","$1,782,621.00","$1,930,681.00",,,Minimum Salary,"$2,517,984.00"
443,Jonathon Simmons,simmojo02,WAS,"$1,000,000.00",,,,,,,"$1,000,000.00"
444,Justin Hamilton,hamilju01,TOR,"$1,000,000.00",,,,,,,"$1,000,000.00"
445,Kyle Singler,singlky01,OKC,"$999,200.00","$999,200.00","$999,200.00","$999,200.00",,,,"$3,996,800.00"
446,Marvin Williams,willima02,MIL,"$956,349.00",,,,,,Minimum Salary,"$956,349.00"
447,David Nwaba,nwabada01,HOU,"$903,111.00","$1,862,250.00",,,,,MLE,"$903,111.00"
448,Admiral Schofield,schofad01,WAS,"$898,310.00","$1,517,981.00","$1,782,621.00",,,,MLE,"$4,198,912.00"
449,KZ Okpala,okpalkz01,MIA,"$898,310.00","$1,517,981.00","$1,782,621.00",,,,MLE,"$4,198,912.00"
450,Eric Paschall,pascher01,GSW,"$898,310.00","$1,517,981.00","$1,782,621.00",,,,MLE,"$4,198,912.00"
451,Nicolas Claxton,claxtni01,BRK,"$898,310.00","$1,517,981.00","$1,782,621.00",,,,Minimum Salary,"$4,198,912.00"
452,Justin James,jamesju01,SAC,"$898,310.00","$1,517,981.00","$1,782,621.00",,,,Minimum Salary,"$2,416,291.00"
453,Jalen Lecque,lecquja01,PHO,"$898,310.00","$1,517,981.00","$1,782,621.00","$1,930,681.00",,,Cap Space,"$2,416,291.00"
454,Ignas Brazdeikis,brazdig01,NYK,"$898,310.00","$1,517,981.00","$1,782,621.00",,,,Minimum Salary,"$2,416,291.00"
455,Talen Horton-Tucker,hortota01,LAL,"$898,310.00","$1,517,981.00",,,,,Minimum Salary,"$2,416,291.00"
456,Daniel Gafford,gaffoda01,CHI,"$898,310.00","$1,517,981.00","$1,782,621.00","$1,930,681.00",,,Minimum Salary,"$2,416,291.00"
457,Alen Smailagić,smailal01,GSW,"$898,310.00","$1,517,981.00","$1,782,621.00","$1,930,681.00",,,MLE,"$2,415,891.00"
458,Matt Thomas,thomama02,TOR,"$898,310.00","$1,517,981.00","$1,782,621.00",,,,MLE,"$1,623,310.00"
459,Miye Oni,onimi01,UTA,"$898,310.00","$1,517,981.00","$1,782,621.00",,,,Minimum Salary,"$898,310.00"
460,Dewan Hernandez,hernade01,TOR,"$898,310.00","$1,517,981.00","$1,782,621.00",,,,MLE,"$898,310.00"
461,Terence Davis,daviste02,TOR,"$898,310.00","$1,517,981.00",,,,,Minimum Salary,"$898,310.00"
462,Wenyen Gabriel,gabriwe01,POR,"$898,310.00",,,,,,Minimum Salary,"$898,310.00"
463,Naz Reid,reidna01,MIN,"$898,310.00","$1,517,981.00","$1,782,621.00","$1,930,681.00",,,MLE,"$898,310.00"
464,Jalen McDaniels,mcdanja01,CHO,"$898,310.00","$1,517,981.00","$1,782,621.00","$1,930,681.00",,,Minimum Salary,"$898,310.00"
465,Caleb Martin,martica02,CHO,"$898,310.00","$1,517,981.00","$1,782,621.00",,,,Minimum Salary,"$898,310.00"
466,Shaquille Harrison,harrish01,CHI,"$898,310.00",,,,,,Minimum Salary,"$898,310.00"
467,Javonte Green,greenja02,BOS,"$898,310.00","$1,517,981.00",,,,,Minimum Salary,"$898,310.00"
468,Damion Lee,leeda03,GSW,"$842,327.00","$1,762,796.00","$1,910,860.00",,,,MLE,"$1,442,327.00"
469,Khyri Thomas,thomakh01,DET,"$838,464.00","$1,663,861.00",,,,,MLE,"$838,464.00"
470,DeMarre Carroll,carrode01,HOU,"$811,447.00",,,,,,Minimum Salary,"$811,447.00"
471,Michael Kidd-Gilchrist,kiddgmi01,DAL,"$810,763.00",,,,,,Minimum Salary,"$810,763.00"
472,Marquese Chriss,chrisma01,GSW,"$758,804.00",,,,,,,"$2,213,272.00"
473,Juwan Morgan,morgaju01,UTA,"$746,054.00",,,,,,Minimum Salary,"$746,054.00"
474,Patrick Patterson,pattepa01,OKC,"$737,067.00","$737,067.00","$737,066.00",,,,,"$2,211,200.00"
475,Reggie Jackson,jacksre01,LAC,"$734,025.00",,,,,,Minimum Salary,"$734,025.00"
476,Alfonzo McKinnie,mckinal01,CLE,"$708,871.00",,,,,,,"$2,253,031.00"
477,Gary Clark,clarkga01,HOU,"$708,426.00",,,,,,,"$708,426.00"
478,Jeff Green,greenje02,HOU,"$695,526.00",,,,,,Minimum Salary,"$840,427.00"
479,Cole Aldrich,aldrico01,MIN,"$685,340.00","$685,340.00",,,,,,"$1,370,680.00"
480,Shaun Livingston,livinsh01,GSW,"$666,667.00","$666,667.00","$666,666.00",,,,,"$2,666,666.00"
481,Marquese Chriss,chrisma01,GSW,"$654,468.00","$1,824,003.00",,,,,Minimum Salary,"$2,213,272.00"
482,Timothé Luwawu-Cabarrot,luwawti01,BRK,"$654,468.00","$1,824,003.00",,,,,Minimum Salary,"$844,170.00"
483,Rayjon Tucker,tuckera01,UTA,"$578,573.00","$1,517,981.00",,,,,Minimum Salary,"$578,574.00"
484,Chris Clemons,clemoch01,HOU,"$568,422.00","$1,517,981.00","$1,782,621.00",,,,MLE,"$568,422.00"
485,Gary Clark,clarkga01,ORL,"$555,409.00",,,,,,Minimum Salary,"$718,765.00"
486,Brandon Goodwin,goodwbr01,ATL,"$522,738.00","$1,701,593.00",,,,,Minimum Salary,"$522,738.00"
487,Dion Waiters,waitedi01,LAL,"$503,656.00",,,,,,Minimum Salary,"$503,656.00"
488,Ryan Anderson,anderry01,HOU,"$500,000.00",,,,,,,"$500,000.00"
489,Anžejs Pasečņiks,pasecan01,WAS,"$482,144.00",,,,,,Minimum Salary,"$482,144.00"
490,Troy Daniels,danietr01,DEN,"$481,000.00",,,,,,Minimum Salary,"$481,000.00"
491,Chris Silva,silvach01,MIA,"$466,918.00","$1,517,981.00","$1,782,621.00",,,,MLE,"$1,984,899.00"
492,Dakari Johnson,johnsda04,MEM,"$459,414.00","$459,414.00",,,,,,"$918,828.00"
493,Iman Shumpert,shumpim01,BRK,"$419,443.00",,,,,,,"$419,443.00"
494,Max Strus,strusma01,BOS,"$415,414.00",,,,,,,"$415,414.00"
495,Justin Robinson,robinju01,WAS,"$395,866.00",,,,,,,"$395,866.00"
496,Dean Wade,wadede01,CLE,"$375,000.00","$1,517,981.00","$1,782,621.00","$1,930,681.00",,,MLE,"$375,000.00"
497,Ivan Rabb,rabbiv01,MEM,"$371,758.00",,,,,,,"$371,758.00"
498,Norvel Pelle,pelleno01,PHI,"$350,189.00",,,,,,Minimum Salary,"$350,189.00"
499,Ky Bowman,bowmaky01,GSW,"$350,189.00","$1,517,981.00","$1,782,621.00",,,,MLE,"$350,189.00"
500,Juan Toscano-Anderson,toscaju01,GSW,"$350,189.00","$1,517,981.00","$1,782,621.00",,,,MLE,"$350,189.00"
501,A.J. Hammons,hammoaj01,MIA,"$350,087.00","$350,087.00",,,,,,"$700,174.00"
502,Festus Ezeli,ezelife01,POR,"$333,333.00",,,,,,,"$333,333.00"
503,C.J. Watson,watsocj01,ORL,"$333,333.00",,,,,,,"$333,333.00"
504,Anthony Tolliver,tollian01,MEM,"$289,803.00",,,,,,Minimum Salary,"$434,704.00"
505,Joakim Noah,noahjo01,LAC,"$289,803.00","$1,737,274.00",,,,,Minimum Salary,"$434,704.00"
506,Corey Brewer,breweco01,SAC,"$289,803.00",,,,,,Minimum Salary,"$289,803.00"
507,J.R. Smith,smithjr01,LAL,"$289,803.00",,,,,,Minimum Salary,"$289,803.00"
508,Luc Mbah a Moute,mbahalu01,HOU,"$289,803.00",,,,,,Minimum Salary,"$289,803.00"
509,Jamal Crawford,crawfja01,BRK,"$289,803.00",,,,,,Minimum Salary,"$289,803.00"
510,Lance Thomas,thomala01,BRK,"$262,152.00",,,,,,Minimum Salary,"$262,152.00"
511,Stanton Kidd,kiddst01,UTA,"$250,000.00",,,,,,,"$250,000.00"
512,Jordan Bell,belljo01,CLE,"$250,000.00",,,,,,MLE,"$250,000.00"
513,Tyler Zeller,zellety01,SAS,"$245,686.00","$2,436,046.00",,,,,Minimum Salary,"$245,686.00"
514,Trey Burke,burketr01,DAL,"$229,220.00",,,,,,Minimum Salary,"$229,220.00"
515,Joe Johnson,johnsjo02,DET,"$220,000.00",,,,,,,"$220,000.00"
516,Tyler Johnson,johnsty01,BRK,"$212,753.00",,,,,,Minimum Salary,"$212,753.00"
517,Jemerrio Jones,jonesje01,WAS,"$199,000.00",,,,,,,"$199,000.00"
518,Jontay Porter,portejo01,MEM,"$197,933.00","$1,517,981.00",,,,,Minimum Salary,"$197,933.00"
519,Justin Anderson,anderju01,BRK,"$196,288.00",,,,,,Minimum Salary,"$294,432.00"
520,Jerian Grant,grantje02,WAS,"$196,288.00",,,,,,Minimum Salary,"$196,288.00"
521,Cameron Payne,payneca01,PHO,"$196,288.00","$1,977,011.00",,,,,Minimum Salary,"$196,288.00"
522,Timothé Luwawu-Cabarrot,luwawti01,BRK,"$189,702.00",,,,,,,"$844,170.00"
523,Dragan Bender,bendedr01,GSW,"$189,702.00",,,,,,,"$189,702.00"
524,Mychal Mulder,muldemy01,GSW,"$187,782.00","$1,517,981.00","$1,782,621.00",,,,Minimum Salary,"$238,534.00"
525,Sindarius Thornwell,thornsi01,NOP,"$183,115.00",,,,,,Minimum Salary,"$183,115.00"
526,Justin Patton,pattoju01,DET,"$183,115.00","$1,762,796.00",,,,,Minimum Salary,"$183,115.00"
527,PJ Dozier,doziepj01,DEN,"$183,115.00",,,,,,MLE,"$183,115.00"
528,Alfonzo McKinnie,mckinal01,CLE,"$183,114.00",,,,,,,"$2,253,031.00"
529,Gary Clark,clarkga01,ORL,"$163,356.00",,,,,,,"$718,765.00"
530,Jarrod Uthoff,uthofja01,WAS,"$163,356.00",,,,,,Minimum Salary,"$163,356.00"
531,Jaylen Adams,adamsja01,POR,"$163,356.00",,,,,,Minimum Salary,"$163,356.00"
532,Joe Chealey,chealjo01,CHO,"$163,356.00",,,,,,,"$163,356.00"
533,Luguentz Dort,dortlu01,OKC,"$155,647.00","$1,517,981.00","$1,782,621.00","$1,930,681.00",,,Minimum Salary,"$2,298,628.00"
534,Cameron Payne,payneca01,TOR,"$150,000.00",,,,,,,"$150,000.00"
535,Jeff Green,greenje02,HOU,"$144,901.00",,,,,,,"$840,427.00"
536,Anthony Tolliver,tollian01,MEM,"$144,901.00",,,,,,,"$434,704.00"
537,Joakim Noah,noahjo01,LAC,"$144,901.00",,,,,,,"$434,704.00"
538,Troy Williams,willitr02,HOU,"$122,741.00","$122,741.00","$122,741.00","$122,741.00",,,,"$490,964.00"
539,Johnathan Williams,willijo04,WAS,"$106,181.00",,,,,,,"$106,181.00"
540,Tyler Cook,cookty01,CLE,"$101,504.00",,,,,,,"$151,504.00"
541,Donta Hall,halldo01,DET,"$101,504.00",,,,,,,"$101,504.00"
542,Donta Hall,halldo01,BRK,"$101,504.00",,,,,,Minimum Salary,"$101,504.00"
543,Yante Maten,matenya01,MIA,"$100,000.00",,,,,,,"$100,000.00"
544,Jaylen Adams,adamsja01,ATL,"$100,000.00",,,,,,,"$100,000.00"
545,Justin Anderson,anderju01,BRK,"$98,144.00",,,,,,,"$294,432.00"
546,Demetrius Jackson,jacksde01,BOS,"$92,857.00","$92,857.00","$92,857.00","$92,857.00","$92,857.00",,,"$464,285.00"
547,Chasson Randle,randlch01,GSW,"$91,557.00",,,,,,,"$91,557.00"
548,Jeremy Pargo,pargoje01,GSW,"$91,557.00",,,,,,,"$91,557.00"
549,Jonah Bolden,boldejo01,PHO,"$81,678.00",,,,,,,"$81,678.00"
550,Josh Magette,magetjo01,ORL,"$81,678.00",,,,,,,"$81,678.00"
551,Jarrod Uthoff,uthofja01,MEM,"$81,678.00",,,,,,,"$81,678.00"
552,Dusty Hannahs,hannadu01,MEM,"$81,678.00",,,,,,,"$81,678.00"
553,Derrick Walton,waltode01,DET,"$81,678.00",,,,,,,"$81,678.00"
554,Sheldon Mac,mcclesh01,CLE,"$81,678.00",,,,,,,"$81,678.00"
555,J.P. Macura,macurjp01,CLE,"$81,678.00",,,,,,,"$81,678.00"
556,Mychal Mulder,muldemy01,GSW,"$50,752.00",,,,,,,"$238,534.00"
557,Eric Mika,mikaer01,SAC,"$50,752.00",,,,,,,"$50,752.00"
558,Zach Norvell,norveza01,GSW,"$50,752.00",,,,,,,"$50,752.00"
559,Malik Newman,newmama01,CLE,"$50,752.00",,,,,,,"$50,752.00"
560,Marques Bolden,boldema01,CLE,"$50,752.00",,,,,,,"$50,752.00"
561,Sir'Dominic Pointer,pointsi01,CLE,"$50,752.00",,,,,,,"$50,752.00"
562,Paul Watson,watsopa01,ATL,"$50,752.00",,,,,,,"$50,752.00"
563,Tyler Cook,cookty01,CLE,"$50,000.00",,,,,,,"$151,504.00"
564,William Howard,howarwi01,UTA,"$50,000.00",,,,,,,"$50,000.00"
565,Isaiah Taylor,taylois01,TOR,"$50,000.00",,,,,,,"$50,000.00"
566,Tyler Lydon,lydonty01,SAC,"$50,000.00",,,,,,,"$50,000.00"
567,Hollis Thompson,thompho01,SAC,"$50,000.00",,,,,,,"$50,000.00"
568,Tyler Ulis,ulisty01,SAC,"$50,000.00",,,,,,,"$50,000.00"
