Rk,Player,Player_ID,Pos,Tm,Salary
1,Kirk Cousins,CousKi00,QB,MIN,"$27,500,000.00"
2,Jameis Winston,WinsJa00,QB,TAM,"$20,922,000.00"
,Marcus Mariota,MariMa01,QB,TEN,"$20,922,000.00"
4,Derek Carr,CarrDe02,QB,OAK,"$19,900,000.00"
5,Joe Flacco,FlacJo00,QB,DEN,"$18,500,000.00"
6,Jimmy Garoppolo,GaroJi00,QB,SFO,"$17,200,000.00"
7,Melvin Ingram,IngrMe00,DE,LAC,"$17,000,000.00"
,Mike Evans,EvanMi00,WR,TAM,"$17,000,000.00"
,Von Miller,MillVo00,LB,DEN,"$17,000,000.00"
10,Odell Beckham Jr.,BeckOd00,WR,CLE,"$16,750,000.00"
11,Chandler Jones,JoneCh03,DE,ARI,"$16,500,000.00"
12,Cam Newton,NewtCa00,QB,CAR,"$16,200,000.00"
13,Andy Dalton,DaltAn00,QB,CIN,"$16,000,000.00"
14,Jadeveon Clowney,ClowJa00,DE,SEA,"$15,967,200.00"
15,Olivier Vernon,VernOl00,DE,CLE,"$15,250,000.00"
16,Grady Jarrett,JarrGr00,DT,ATL,"$15,209,000.00"
17,Antonio Brown,BrowAn04,WR,NWE,"$14,625,000.00"
18,Taylor Lewan,LewaTa00,OT,TEN,"$14,500,000.00"
19,Leonard Williams,WillLe02,DT,2TM,"$14,200,000.00"
20,Tom Brady,BradTo00,QB,NWE,"$14,000,000.00"
21,Amari Cooper,CoopAm00,WR,DAL,"$13,924,000.00"
22,Jason Pierre-Paul,PierJa99,DE,TAM,"$13,650,000.00"
23,Matthew Stafford,StafMa00,QB,DET,"$13,500,000.00"
24,Reshad Jones,JoneRe99,DB,MIA,"$13,015,000.00"
25,A.J. Bouye,BouyA.00,CB,JAX,"$13,000,000.00"
,Andrew Norwell,NorwAn01,G,JAX,"$13,000,000.00"
,J.J. Watt,WattJ.00,DE,HOU,"$13,000,000.00"
,Russell Okung,OkunRu20,T,LAC,"$13,000,000.00"
,T.Y. Hilton,HiltT.00,WR,IND,"$13,000,000.00"
30,Nate Solder,SoldNa00,T,NYG,"$12,900,000.00"
31,Vic Beasley,BeasVi00,OLB,ATL,"$12,810,000.00"
32,Darius Slay,SlayDa00,CB,DET,"$12,550,000.00"
33,Brandon Scherff,ScheBr00,G,WAS,"$12,525,000.00"
34,DeAndre Hopkins,HopkDe00,WR,HOU,"$12,500,000.00"
,Kawann Short,ShorKa00,DT,CAR,"$12,500,000.00"
,Jarvis Landry,LandJa00,WR,CLE,"$12,500,000.00"
37,Calais Campbell,CampCa99,DE,JAX,"$12,000,000.00"
38,Sammy Watkins,WatkSa00,WR,KAN,"$11,950,000.00"
39,Alshon Jeffery,JeffAl00,WR,PHI,"$11,750,000.00"
40,Eli Manning,MannEl00,QB,NYG,"$11,500,000.00"
41,Philip Rivers,RivePh00,QB,LAC,"$11,000,000.00"
,Larry Fitzgerald,FitzLa00,WR,ARI,"$11,000,000.00"
,Josh Norman,NormJo01,CB,WAS,"$11,000,000.00"
,Patrick Peterson,PetePa00,CB,ARI,"$11,000,000.00"
45,Terron Armstead,ArmsTe00,OT,NOR,"$10,700,000.00"
46,Jurrell Casey,CaseJu00,DL,TEN,"$10,550,000.00"
47,Bobby Wagner,WagnBo00,ILB,SEA,"$10,500,000.00"
,Ryan Kerrigan,KerrRy00,DE,WAS,"$10,500,000.00"
,Malcolm Butler,ButlMa01,CB,TEN,"$10,500,000.00"
50,Xavier Rhodes,RhodXa00,CB,MIN,"$10,400,000.00"
51,Eric Fisher,FishEr00,OT,KAN,"$10,350,000.00"
52,Andrew Whitworth,WhitAn20,T,LAR,"$10,250,000.00"
,Emmanuel Sanders,SandEm00,WR,2TM,"$10,250,000.00"
54,Janoris Jenkins,JenkJa03,CB,2TM,"$10,150,000.00"
55,Luke Kuechly,KuecLu00,ILB,CAR,"$10,000,059.00"
56,Zack Martin,MartZa00,G,DAL,"$10,000,000.00"
,Joe Haden,HadeJo99,DB,PIT,"$10,000,000.00"
,Tyron Smith,SmitTy00,OT,DAL,"$10,000,000.00"
,Ryan Jensen,JensRy00,T,TAM,"$10,000,000.00"
,Kevin Zeitler,ZeitKe00,G,NYG,"$10,000,000.00"
,Keenan Allen,AlleKe00,WR,LAC,"$10,000,000.00"
62,Allen Robinson,RobiAl02,WR,CHI,"$9,900,000.00"
63,Lavonte David,DaviLa00,OLB,TAM,"$9,750,000.00"
64,Kelechi Osemele,OsemKe00,T,NYJ,"$9,700,000.00"
65,Andrus Peat,PeatAn00,OT,NOR,"$9,625,000.00"
,D.J. Humphries,HumpD.00,OT,ARI,"$9,625,000.00"
67,Julio Jones,JoneJu02,WR,ATL,"$9,600,000.00"
68,Desmond Trufant,TrufDe00,CB,ATL,"$9,500,000.00"
,Logan Ryan,RyanLo00,CB,TEN,"$9,500,000.00"
,Jimmy Smith,SmitJi03,CB,BAL,"$9,500,000.00"
71,Danielle Hunter,HuntDa01,DE,MIN,"$9,400,000.00"
,Riley Reiff,ReifRi00,OT,MIN,"$9,400,000.00"
73,Nelson Agholor,AghoNe00,WR,PHI,"$9,387,000.00"
74,Brandon Williams,WillBr02,DT,BAL,"$9,250,000.00"
75,Bud Dupree,DuprAl00,DE,PIT,"$9,232,000.00"
,Shaq Thompson,ThomSh01,OLB,CAR,"$9,232,000.00"
77,Dre Kirkpatrick,KirkDr00,CB,CIN,"$9,150,000.00"
78,Aaron Donald,DonaAa00,DT,LAR,"$9,108,000.00"
79,Trae Waynes,WaynTr00,CB,MIN,"$9,069,000.00"
,Damarious Randall,RandDa00,FS,CLE,"$9,069,000.00"
,Marcus Peters,PeteMa00,CB,2TM,"$9,069,000.00"
82,Arik Armstead,ArmsAr01,DE,SFO,"$9,046,000.00"
83,Devin McCourty,McCoDe99,DB,NWE,"$9,000,000.00"
,Ricky Wagner,WagnRi00,OT,DET,"$9,000,000.00"
85,Stefon Diggs,DiggSt00,WR,MIN,"$8,900,000.00"
,Linval Joseph,JoseLi99,DT,MIN,"$8,900,000.00"
87,Cameron Heyward,HeywCa01,DE,PIT,"$8,750,000.00"
88,Prince Amukamara,AmukPr00,CB,CHI,"$8,500,000.00"
,Alex Mack,MackAl20,C,ATL,"$8,500,000.00"
,David Bakhtiari,BakhDa00,OT,GNB,"$8,500,000.00"
91,Harrison Smith,SmitHa00,FS,MIN,"$8,350,000.00"
92,Rodney Hudson,HudsRo00,OL,OAK,"$8,250,000.00"
93,Ronald Leary,LearRo00,G,DEN,"$8,150,000.00"
94,Malcolm Jenkins,JenkMa99,DB,PHI,"$8,100,000.00"
95,Joe Staley,StalJo20,T,SFO,"$8,050,000.00"
96,Derek Wolfe,WolfDe00,DT,DEN,"$8,000,000.00"
,Zach Ertz,ErtzZa00,TE,PHI,"$8,000,000.00"
,Sheldon Richardson,RichSh00,DT,CLE,"$8,000,000.00"
,Aqib Talib,TaliAq99,DB,LAR,"$8,000,000.00"
,Tony Jefferson,JeffTo00,FS,BAL,"$8,000,000.00"
,Duane Brown,BrowDu20,T,SEA,"$8,000,000.00"
,Cameron Jordan,JordCa00,DE,NOR,"$8,000,000.00"
,Casey Hayward,HaywCa00,DB,LAC,"$8,000,000.00"
,Trumaine Johnson,JohnTr05,CB,NYJ,"$8,000,000.00"
,Brandon Brooks,BrooBr00,G,PHI,"$8,000,000.00"
,Geno Atkins,AtkiGe99,DT,CIN,"$8,000,000.00"
,Kelvin Beachum,BeacKe00,T,NYJ,"$8,000,000.00"
,Akiem Hicks,HickAk00,DE,CHI,"$8,000,000.00"
109,Kenny Stills,StilKe00,WR,HOU,"$7,975,000.00"
110,Charles Leno Jr.,LenoCh00,OG,CHI,"$7,900,000.00"
111,Chris Harris Jr.,HarrCh01,CB,DEN,"$7,800,000.00"
,Mike Daniels,DaniMi00,DT,DET,"$7,800,000.00"
113,Michael Brockers,BrocMi00,DT,LAR,"$7,777,777.00"
114,Larry Warford,WarfLa00,OG,NOR,"$7,650,000.00"
115,T.J. Carrie,CarrTr00,CB,CLE,"$7,500,000.00"
,Jabaal Sheard,SheaJa00,DL,IND,"$7,500,000.00"
,Aaron Colvin,ColvAa00,CB,2TM,"$7,500,000.00"
,Travis Kelce,KelcTr00,TE,KAN,"$7,500,000.00"
119,Kyle Rudolph,RudoKy00,TE,MIN,"$7,275,000.00"
120,Cordy Glenn,GlenCo00,T,CIN,"$7,250,000.00"
,Marqise Lee,LeexMa00,WR,JAX,"$7,250,000.00"
122,Star Lotulelei,LotuSt00,DT,BUF,"$7,150,000.00"
123,David DeCastro,DeCaDa00,G,PIT,"$7,070,000.00"
124,Cameron Brate,BratCa00,TE,TAM,"$7,000,000.00"
,Tyrone Crawford,CrawTy00,DE,DAL,"$7,000,000.00"
,Marshal Yanda,YandMa20,G,BAL,"$7,000,000.00"
,Dont'a Hightower,HighDo01,ILB,NWE,"$7,000,000.00"
,Christian Kirksey,KirkCh00,OLB,CLE,"$7,000,000.00"
,Donovan Smith,SmitDo02,OT,TAM,"$7,000,000.00"
,Richard Sherman,SherRi00,DB,SFO,"$7,000,000.00"
131,Albert Wilson,WilsAl02,WR,MIA,"$6,975,000.00"
132,Jerry Hughes,HughJe99,DE,BUF,"$6,800,000.00"
133,Gabe Jackson,JackGa00,OG,OAK,"$6,750,000.00"
,Damon Harrison,HarrDa03,DT,DET,"$6,750,000.00"
135,Trey Burton,BurtTr01,TE,CHI,"$6,700,000.00"
136,La'el Collins,CollLa01,OT,DAL,"$6,516,750.00"
137,Jake Matthews,MattJa00,OT,ATL,"$6,500,000.00"
,Mario Addison,AddiMa00,DE,CAR,"$6,500,000.00"
,Anthony Hitchens,HitcAn00,OLB,KAN,"$6,500,000.00"
,Marvin Jones,JoneMa02,WR,DET,"$6,500,000.00"
,Joel Bitonio,BitoJo00,OT,CLE,"$6,500,000.00"
,Zach Fulton,FultZa00,OG,HOU,"$6,500,000.00"
143,Kiko Alonso,AlonKi00,ILB,NOR,"$6,485,000.00"
144,Everson Griffen,GrifEv99,DE,MIN,"$6,400,000.00"
145,Byron Jones,JoneBy00,CB,DAL,"$6,266,000.00"
146,Anthony Castonzo,CastAn00,LT,IND,"$6,250,000.00"
147,Laurent Duvernay-Tardif,DuveLa00,OT,KAN,"$6,203,000.00"
148,LeSean McCoy,McCoLe01,RB,KAN,"$6,175,000.00"
149,Chris Hubbard,HubbCh00,G,CLE,"$6,150,000.00"
150,Stephon Tuitt,TuitSt00,DT,PIT,"$6,000,000.00"
,Robert Quinn,QuinRo00,DE,DAL,"$6,000,000.00"
,Robert Woods,WoodRo02,WR,LAR,"$6,000,000.00"
,Travis Frederick,FredTr00,C,DAL,"$6,000,000.00"
,Benardrick McKinney,McKiBe00,ILB,HOU,"$6,000,000.00"
,Mike Pouncey,PounMi00,C,LAC,"$6,000,000.00"
,Mitchell Schwartz,SchwMi00,T,KAN,"$6,000,000.00"
,DaQuan Jones,JoneDa04,DT,TEN,"$6,000,000.00"
,Mohamed Sanu,SanuMo00,WR,2TM,"$6,000,000.00"
,Brian Winters,WintBr00,OG,NYJ,"$6,000,000.00"
160,Demario Davis,DaviDe00,OLB,NOR,"$5,950,000.00"
161,Adam Thielen,ThieAd00,WR,MIN,"$5,850,000.00"
162,Bryan Bulaga,BulaBr20,T,GNB,"$5,800,000.00"
,Trent Murphy,MurpTr00,DE,BUF,"$5,800,000.00"
,Danny Trevathan,TrevDa00,OLB,CHI,"$5,800,000.00"
165,Whitney Mercilus,MercWh00,DE,HOU,"$5,750,000.00"
,D.J. Hayden,HaydDJ00,CB,JAX,"$5,750,000.00"
167,David Johnson,JohnDa08,RB,ARI,"$5,700,000.00"
168,Melvin Gordon,GordMe00,RB,LAC,"$5,605,000.00"
169,Bobby McCain,McCaBo01,CB,MIA,"$5,600,000.00"
170,Weston Richburg,RichWe00,C,SFO,"$5,500,000.00"
,J.C. Tretter,TretJC00,OG,CLE,"$5,500,000.00"
,Brandon Linder,LindBr00,OG,JAX,"$5,500,000.00"
,Taylor Gabriel,GabrTa00,WR,CHI,"$5,500,000.00"
,Greg Robinson,RobiGr01,OT,CLE,"$5,500,000.00"
,Marcus Cannon,CannMa00,OL,NWE,"$5,500,000.00"
176,Trai Turner,TurnTr01,OG,CAR,"$5,297,000.00"
177,Ndamukong Suh,SuhxNd99,DT,TAM,"$5,250,000.00"
,Travis Benjamin,BenjTr00,WR,LAC,"$5,250,000.00"
,Eric Ebron,EbroEr00,TE,IND,"$5,250,000.00"
180,Jack Doyle,DoylJa00,TE,IND,"$5,150,000.00"
181,Bradley Roby,RobyBr00,CB,HOU,"$5,000,000.00"
,Justin Pugh,PughJu00,OG,ARI,"$5,000,000.00"
,Russell Wilson,WilsRu00,QB,SEA,"$5,000,000.00"
,Paul Richardson,RichPa01,WR,WAS,"$5,000,000.00"
,Alejandro Villanueva,VillAl00,T,PIT,"$5,000,000.00"
,Trent Brown,BrowTr02,OT,OAK,"$5,000,000.00"
,Todd Gurley,GurlTo01,RB,LAR,"$5,000,000.00"
,Ja'Wuan James,JameJa01,OT,DEN,"$5,000,000.00"
,Nick Foles,FoleNi00,QB,JAX,"$5,000,000.00"
,Tyrell Williams,WillTy00,WR,OAK,"$5,000,000.00"
191,Robbie Gould,gouldrob01,K,SFO,"$4,971,000.00"
192,Morgan Moses,MoseMo00,OT,WAS,"$4,750,000.00"
,Dee Ford,FordDe00,DE,SFO,"$4,750,000.00"
,Vernon Davis,DaviVe00,TE,WAS,"$4,750,000.00"
195,Lamarcus Joyner,JoynLa00,CB,OAK,"$4,700,000.00"
196,Justin Britt,BritJu00,OT,SEA,"$4,500,000.00"
,Ben Jones,JoneBe01,C,TEN,"$4,500,000.00"
,Dontari Poe,PoexDo00,DT,CAR,"$4,500,000.00"
,Brandon Carr,CarrBr99,DB,BAL,"$4,500,000.00"
200,Rhett Ellison,ElliRh00,FB,NYG,"$4,475,000.00"
201,Mitch Morse,MorsMi00,OT,BUF,"$4,400,000.00"
202,Corey Linsley,LinsCo00,C,GNB,"$4,300,000.00"
203,Jared Goff,GoffJa00,QB,LAR,"$4,259,683.00"
204,Eric Weddle,WeddEr99,DB,LAR,"$4,250,524.00"
205,D.J. Swearinger,SweaDJ00,FS,3TM,"$4,250,000.00"
,Danny Amendola,AmenDa00,WR,DET,"$4,250,000.00"
,Kyle Van Noy,VanNKy00,OLB,NWE,"$4,250,000.00"
208,Kyle Juszczyk,JuszKy00,FB,SFO,"$4,200,000.00"
,Vance McDonald,McDoVa00,TE,PIT,"$4,200,000.00"
210,Eric Kendricks,KendEr00,ILB,MIN,"$4,150,000.00"
211,A.J. Klein,KleiAJ00,ILB,NOR,"$4,100,000.00"
212,Delanie Walker,WalkHu00,TE,TEN,"$4,080,000.00"
213,Patrick Robinson,RobiPa99,DB,NOR,"$4,000,000.00"
,Alec Ogletree,OgleAl00,OLB,NYG,"$4,000,000.00"
,Todd Davis,DaviTo01,LB,DEN,"$4,000,000.00"
,Allen Hurns,HurnAl01,WR,MIA,"$4,000,000.00"
,Chase Daniel,DaniCh00,QB,CHI,"$4,000,000.00"
,Shaq Mason,MasoSh01,G,NWE,"$4,000,000.00"
,Dion Lewis,LewiDi00,RB,TEN,"$4,000,000.00"
220,Demar Dotson,DotsDe00,T,TAM,"$3,975,000.00"
221,Micah Hyde,HydeMi00,CB,BUF,"$3,950,000.00"
,Rashan Gary,GaryRa00,DL,GNB,"$3,950,000.00"
223,Tyler Lockett,LockTy00,WR,SEA,"$3,907,000.00"
224,Ezekiel Elliott,ElliEz00,RB,DAL,"$3,853,137.00"
225,John Brown,BrowJo02,WR,BUF,"$3,800,000.00"
226,Devonta Freeman,FreeDe00,RB,ATL,"$3,750,000.00"
,William Gholston,GholWi00,DE,TAM,"$3,750,000.00"
228,Jalen Ramsey,RamsJa00,CB,2TM,"$3,634,227.00"
229,Daniel Sorensen,SoreDa01,S,KAN,"$3,600,000.00"
230,Denico Autry,AutrDe00,DE,IND,"$3,500,000.00"
,James Hurst,HursJa00,OT,BAL,"$3,500,000.00"
,Ricardo Allen,AlleRi00,CB,ATL,"$3,500,000.00"
,Case Keenum,KeenCa00,QB,WAS,"$3,500,000.00"
,Rodger Saffold,SaffRo20,T,TEN,"$3,500,000.00"
,Shawn Williams,WillSh02,SS,CIN,"$3,500,000.00"
,DeVante Parker,ParkDe01,WR,MIA,"$3,500,000.00"
,Jason Peters,PeteJa21,T,PHI,"$3,500,000.00"
,Devon Kennard,KennDe00,OLB,DET,"$3,500,000.00"
239,Jimmy Graham,GrahJi00,TE,GNB,"$3,450,000.00"
240,Abry Jones,JoneAb00,DT,JAX,"$3,400,000.00"
,Barkevious Mingo,MingBa00,OLB,HOU,"$3,400,000.00"
,Giovani Bernard,BernGi00,RB,CIN,"$3,400,000.00"
243,Nickell Robey-Coleman,RobeNi00,CB,LAR,"$3,300,000.00"
244,Corey Peters,PeteCo00,DT,ARI,"$3,250,000.00"
,Tramon Williams,WillTr99,DB,GNB,"$3,250,000.00"
,Johnny Hekker,HekkJo00,P,LAR,"$3,250,000.00"
,Cameron Wake,WakeCa00,LB,TEN,"$3,250,000.00"
,Kareem Martin,MartKa00,DE,NYG,"$3,250,000.00"
249,Ronnie Stanley,StanRo00,OT,BAL,"$3,243,318.00"
250,Myles Garrett,GarrMy00,DE,CLE,"$3,229,750.00"
251,Ty Nsekhe,NsekTy00,T,BUF,"$3,200,000.00"
,Mason Crosby,CrosMa20,K,GNB,"$3,200,000.00"
253,Sam Koch,KochSa20,P,BAL,"$3,150,000.00"
254,Ali Marpet,MarpAl00,C,TAM,"$3,125,000.00"
255,Darnell Savage Jr.,SavaDa00,S,GNB,"$3,120,000.00"
256,Carlos Dunlap,DunlCa99,DE,CIN,"$3,100,000.00"
257,Shelby Harris,HarrSh00,DE,DEN,"$3,095,000.00"
,Daryl Worley,WorlDa00,CB,OAK,"$3,095,000.00"
,Jonathan Jones,JoneJo03,DB,NWE,"$3,095,000.00"
,Chester Rogers,RogeCh02,WR,IND,"$3,095,000.00"
,George Fant,FantGe00,T,SEA,"$3,095,000.00"
,Michael Pierce,PierMi00,DT,BAL,"$3,095,000.00"
,Evan Boehm,BoehEv00,C,MIA,"$3,095,000.00"
,Anthony Harris,HarrAn01,DB,MIN,"$3,095,000.00"
,Patrick Onwuasor,OnwuPa00,LB,BAL,"$3,095,000.00"
,Jalen Richard,RichJa01,RB,OAK,"$3,095,000.00"
,Robby Anderson,AndeRo04,WR,NYJ,"$3,095,000.00"
,Ka'imi Fairbairn,FairKa01,K,HOU,"$3,095,000.00"
,Cory Littleton,LittCo01,LB,LAR,"$3,095,000.00"
,B.J. Finney,FinnB.01,C,PIT,"$3,095,000.00"
,Trey Hopkins,HopkTr01,G,CIN,"$3,095,000.00"
,Matthias Farley,FarlMa00,DB,NYJ,"$3,095,000.00"
273,Michael Bennett,BennMi99,DE,2TM,"$3,000,000.00"
,Terrell Suggs,SuggTe99,LB-DE,2TM,"$3,000,000.00"
,Clay Matthews,MattCl99,LB,LAR,"$3,000,000.00"
,Kareem Jackson,JackKa99,DB,DEN,"$3,000,000.00"
,Colt McCoy,McCoCo00,QB,WAS,"$3,000,000.00"
,Ben Watson,WatsBe00,TE,NWE,"$3,000,000.00"
,Devin Funchess,FuncDe00,WR,IND,"$3,000,000.00"
,Quinton Dunbar,DunbQu00,CB,WAS,"$3,000,000.00"
,Cordarrelle Patterson,PattCo00,WR,CHI,"$3,000,000.00"
,Willie Snead,SneaWi00,WR,BAL,"$3,000,000.00"
,Jaquiski Tartt,TartJa00,SS,SFO,"$3,000,000.00"
,Gerald McCoy,McCoGe99,DT,CAR,"$3,000,000.00"
285,Tahir Whitehead,WhitTa00,OLB,OAK,"$2,950,000.00"
,Jordan Poyer,PoyeJo00,CB,BUF,"$2,950,000.00"
,Thomas Morstead,MorsTh00,P,NOR,"$2,950,000.00"
,Wesley Woodyard,WoodWe20,LB,TEN,"$2,950,000.00"
,Marquise Goodwin,GoodMa00,WR,SFO,"$2,950,000.00"
290,Leonard Fournette,FourLe00,RB,JAX,"$2,933,258.00"
291,Anthony Barr,BarrAn00,OLB,MIN,"$2,900,000.00"
,Johnathan Joseph,JoseJo20,DB,HOU,"$2,900,000.00"
,Akeem Spence,SpenAk00,DT,2TM,"$2,900,000.00"
,Bradley McDougald,McDoBr01,FS,SEA,"$2,900,000.00"
295,Marcell Dareus,DareMa00,DT,JAX,"$2,835,000.00"
296,Brian Hoyer,HoyeBr00,QB,IND,"$2,800,000.00"
297,Jaron Brown,BrowJa03,WR,SEA,"$2,750,000.00"
,Allen Bailey,BailAl00,DL,ATL,"$2,750,000.00"
,Davante Adams,AdamDa01,WR,GNB,"$2,750,000.00"
,Matt Ryan,RyanMa00,QB,ATL,"$2,750,000.00"
,Chris Thompson,ThomCh03,RB,WAS,"$2,750,000.00"
,Brandon McManus,McMaBr01,K,DEN,"$2,750,000.00"
,Senio Kelemete,KeleSe00,T,HOU,"$2,750,000.00"
,Chris Smith,SmitCh03,DE,CLE,"$2,750,000.00"
305,Britton Colquitt,ColqBr00,P,MIN,"$2,700,000.00"
306,Quandre Diggs,DiggQu00,CB,2TM,"$2,657,000.00"
307,Jack Conklin,ConkJa00,OT,TEN,"$2,617,862.00"
308,Leonard Floyd,FloyLe00,OLB,CHI,"$2,602,208.00"
309,Lane Taylor,TaylLa01,G,GNB,"$2,600,000.00"
310,Jack Crawford,CrawJa00,DE,ATL,"$2,550,000.00"
311,Matthew Bosher,BoshMa00,P,ATL,"$2,545,000.00"
312,Eli Apple,ApplEl00,CB,NOR,"$2,516,225.00"
313,Virgil Green,GreeVi00,TE,LAC,"$2,500,000.00"
,Rob Havenstein,HaveRo00,OT,LAR,"$2,500,000.00"
,Tashaun Gipson,GipsTa00,DB,HOU,"$2,500,000.00"
,Ryan Succop,SuccRy44,K,TEN,"$2,500,000.00"
,Ben Roethlisberger,RoetBe00,QB,PIT,"$2,500,000.00"
,Ted Ginn Jr.,GinnTe00,WR,NOR,"$2,500,000.00"
,Kyle Long,LongKy00,OT,CHI,"$2,500,000.00"
,James White,WhitJa02,RB,NWE,"$2,500,000.00"
,Duron Harmon,HarmDu00,FS,NWE,"$2,500,000.00"
,Johnson Bademosi,BadeJo00,DB,2TM,"$2,500,000.00"
,Kenny Wiggins,WiggKe00,T,DET,"$2,500,000.00"
,Ezekiel Ansah,AnsaEz00,DE,SEA,"$2,500,000.00"
,Jamon Brown,BrowJa04,OT,ATL,"$2,500,000.00"
,Terrance Mitchell,MitcTe00,CB,CLE,"$2,500,000.00"
327,Christian Jones,JoneCh05,ILB,DET,"$2,450,000.00"
,Dustin Colquitt,ColqDu20,P,KAN,"$2,450,000.00"
329,Ryan Kalil,KaliRy20,C,NYJ,"$2,400,000.00"
,Sam Martin,MartSa01,P,DET,"$2,400,000.00"
,Lawrence Guy,GuyxLa00,DT,NWE,"$2,400,000.00"
,Jon Feliciano,FeliJo00,OG,BUF,"$2,400,000.00"
,Bobby Massie,MassBo00,T,CHI,"$2,400,000.00"
334,Vernon Hargreaves III,HargVe00,CB,2TM,"$2,383,317.00"
335,Kevin Huber,HubeKe20,P,CIN,"$2,350,000.00"
336,Greg Zuerlein,ZuerGr00,K,LAR,"$2,325,000.00"
337,Khalil Mack,MackKh00,OLB,CHI,"$2,300,000.00"
,Ross Cockrell,CockRo00,CB,CAR,"$2,300,000.00"
339,Dustin Hopkins,HopkDu00,K,WAS,"$2,275,000.00"
340,Mike Williams,WillMi07,WR,LAC,"$2,260,448.00"
341,Xavier Williams,WillXa00,DT,KAN,"$2,257,000.00"
342,Justin Ellis,ElliJu01,DT,BAL,"$2,250,000.00"
,Daryl Williams,WillDa06,OT,CAR,"$2,250,000.00"
,Ryan Griffin,GrifRy00,TE,NYJ,"$2,250,000.00"
,Buster Skrine,SkriBu00,DB,CHI,"$2,250,000.00"
,Eddie Goldman,GoldEd00,DT,CHI,"$2,250,000.00"
,Jordan Phillips,PhilJo01,DT,BUF,"$2,250,000.00"
348,Daniel Kilgore,KilgDa00,G,MIA,"$2,225,000.00"
349,Matt Prater,PratMa20,K,DET,"$2,200,000.00"
,Cole Beasley,BeasCo00,WR,BUF,"$2,200,000.00"
351,Sheldon Rankins,RankSh00,DT,NOR,"$2,195,680.00"
352,Laremy Tunsil,TunsLa00,OT,HOU,"$2,148,770.00"
353,Karl Joseph,JoseKa00,SS,OAK,"$2,070,589.00"
354,Daren Bates,BateDa00,LB,TEN,"$2,050,000.00"
355,Christian McCaffrey,McCaCh01,RB,CAR,"$2,032,390.00"
356,Jordan Lucas,LucaJo00,SS,KAN,"$2,025,000.00"
,Anthony Brown,BrowAn02,CB,DAL,"$2,025,000.00"
,Xavier Grimble,GrimXa00,TE,PIT,"$2,025,000.00"
,Kendall Fuller,FullKe00,CB,KAN,"$2,025,000.00"
,Troy Hill,HillTr01,CB,LAR,"$2,025,000.00"
,Alex Lewis,LewiAl01,OT,NYJ,"$2,025,000.00"
,Maliek Collins,CollMa00,DT,DAL,"$2,025,000.00"
,Brandon Shell,ShelBr00,OT,NYJ,"$2,025,000.00"
,Nick Kwiatkoski,KwiaNi00,ILB,CHI,"$2,025,000.00"
,Austin Hooper,HoopAu00,TE,ATL,"$2,025,000.00"
,Joe Schobert,SchoJo00,OLB,CLE,"$2,025,000.00"
,Blake Countess,CounBl00,CB,NYJ,"$2,025,000.00"
,Brandon Dunn,DunnBr00,DT,HOU,"$2,025,000.00"
,Caleb Benenoch,BeneCa00,OT,TAM,"$2,025,000.00"
,David Onyemata,OnyeDa00,DT,NOR,"$2,025,000.00"
,Trevor Williams,WillTr05,CB,ARI,"$2,025,000.00"
,Dean Lowry,LowrDe00,DE,GNB,"$2,025,000.00"
,Ken Crawley,CrawKe02,DB,2TM,"$2,025,000.00"
,Halapoulivaati Vaitai,VaitHa00,OT,PHI,"$2,025,000.00"
,Rashod Hill,HillRa01,T,MIN,"$2,025,000.00"
,Quinton Jefferson,JeffQu00,DT,SEA,"$2,025,000.00"
,Will Parks,ParkWi01,S,DEN,"$2,025,000.00"
,Jordan Howard,HowaJo00,RB,PHI,"$2,025,000.00"
,De'Vondre Campbell,CampDe00,OLB,ATL,"$2,025,000.00"
,Josh Gordon,GordJo02,WR,2TM,"$2,025,000.00"
,Elandon Roberts,RobeEl00,ILB,NWE,"$2,025,000.00"
,Rashard Higgins,HiggRa00,WR,CLE,"$2,025,000.00"
,Matt Judon,JudoMa00,DE,BAL,"$2,025,000.00"
,Kevin Byard,ByarKe01,S,TEN,"$2,025,000.00"
,Ryan Smith,SmitRy00,CB,TAM,"$2,025,000.00"
,Wes Schweitzer,SchwWe00,OT,ATL,"$2,025,000.00"
,Tajae Sharpe,SharTa00,WR,TEN,"$2,025,000.00"
,Jalen Mills,MillJa02,CB,PHI,"$2,025,000.00"
,Tyler Higbee,HigbTy00,TE,LAR,"$2,025,000.00"
,Carl Nassib,NassCa00,DE,TAM,"$2,025,000.00"
,Yannick Ngakoue,NgakYa00,OLB,JAX,"$2,025,000.00"
,Peyton Barber,BarbPe01,RB,TAM,"$2,025,000.00"
,Kenyan Drake,DrakKe00,RB,2TM,"$2,025,000.00"
,Matthew Ioannidis,IoanMa01,DT,WAS,"$2,025,000.00"
,Blake Martinez,MartBl01,ILB,GNB,"$2,025,000.00"
,Jatavis Brown,BrowJa05,OLB,LAC,"$2,025,000.00"
,Justin Simmons,SimmJu00,FS,DEN,"$2,025,000.00"
,Austin Blythe,BlytAu00,C,LAR,"$2,025,000.00"
,D.J. Reader,ReadD.00,DT,HOU,"$2,025,000.00"
,Jordan Jenkins,JenkJo01,OLB,NYJ,"$2,025,000.00"
,Dak Prescott,PresDa01,QB,DAL,"$2,025,000.00"
,Joe Haeg,HaegJo00,OT,IND,"$2,025,000.00"
,Javon Hargrave,HargJa00,DT,PIT,"$2,025,000.00"
,Brennan Scarlett,ScarBr00,LB,HOU,"$2,025,000.00"
,Connor McGovern,McGoCo00,OG,DEN,"$2,025,000.00"
,Graham Glasgow,GlasGr00,OG,DET,"$2,025,000.00"
407,John Ross,RossJo00,WR,CIN,"$2,020,988.00"
408,Eric Murray,MurrEr00,CB,CLE,"$2,015,500.00"
,Demarcus Robinson,RobiDe01,WR,KAN,"$2,015,500.00"
410,Kyler Fackrell,FackKy00,OLB,GNB,"$2,010,000.00"
411,James Carpenter,CarpJa00,LG,ATL,"$2,000,000.00"
,Randall Cobb,CobbRa00,WR,DAL,"$2,000,000.00"
,Mychal Kendricks,KendMy00,ILB,SEA,"$2,000,000.00"
,Michael Schofield,SchoMi00,OT,LAC,"$2,000,000.00"
,Jacoby Brissett,BrisJa00,QB,IND,"$2,000,000.00"
,Mark Ingram,IngrMa01,RB,BAL,"$2,000,000.00"
,Lerentee McCray,McCrLe01,LB,JAX,"$2,000,000.00"
,Jared Cook,CookJa02,TE,NOR,"$2,000,000.00"
,Stephen Hauschka,HausSt00,K,BUF,"$2,000,000.00"
,Jason Witten,WittJa00,TE,DAL,"$2,000,000.00"
,Lorenzo Alexander,AlexLo99,LB,BUF,"$2,000,000.00"
,Jeff Heuerman,HeueJe00,TE,DEN,"$2,000,000.00"
,Ha Ha Clinton-Dix,ClinHa00,FS,CHI,"$2,000,000.00"
,Andy Lee,LeexAn20,P,ARI,"$2,000,000.00"
,Ty Sambrailo,SambTy00,OT,ATL,"$2,000,000.00"
,Nick Vigil,VigiNi00,ILB,CIN,"$2,000,000.00"
,Angelo Blackson,BlacAn00,DT,HOU,"$2,000,000.00"
,Adam Humphries,HumpAd00,WR,TEN,"$2,000,000.00"
,Jeff Heath,HeatJe00,S,DAL,"$2,000,000.00"
,Nate Ebner,EbneNa00,DB,NWE,"$2,000,000.00"
,Josh McCown,McCoJo01,QB,PHI,"$2,000,000.00"
,Earl Thomas,ThomEa99,DB,BAL,"$2,000,000.00"
,Breshad Perriman,PerrBr02,WR,TAM,"$2,000,000.00"
,Ereck Flowers,FlowEr00,OT,WAS,"$2,000,000.00"
,Nick Easton,EastNi00,C,NOR,"$2,000,000.00"
,Le'Veon Bell,BellLe00,RB,NYJ,"$2,000,000.00"
,Henry Anderson,AndeHe00,DE,NYJ,"$2,000,000.00"
,Sean Lee,LeexSe99,LB,DAL,"$2,000,000.00"
,Jason McCourty,McCoJa99,DB,NWE,"$2,000,000.00"
,Laken Tomlinson,TomlLa01,OG,SFO,"$2,000,000.00"
,Kevin Johnson,JohnKe04,CB,BUF,"$2,000,000.00"
,Beau Allen,AlleBe00,DT,TAM,"$2,000,000.00"
,Jordan Hicks,HickJo00,OLB,ARI,"$2,000,000.00"
,Andre Roberts,RobeAn00,WR,BUF,"$2,000,000.00"
,Jimmie Ward,WardJi01,SS,SFO,"$2,000,000.00"
446,Joe Thuney,ThunJo00,OG,NWE,"$1,995,000.00"
447,Golden Tate,TateGo00,WR,NYG,"$1,975,000.00"
448,Tyreek Hill,HillTy00,WR,KAN,"$1,965,036.00"
449,Taylor Decker,DeckTa00,OT,DET,"$1,945,498.00"
450,Keanu Neal,NealKe01,FS,ATL,"$1,914,224.00"
451,Rontez Miles,MileRo00,FS,NYJ,"$1,907,000.00"
452,Greg Olsen,OlseGr00,TE,CAR,"$1,900,000.00"
,Lee Smith,SmitLe00,TE,BUF,"$1,900,000.00"
,Patrick Chung,ChunPa99,DB,NWE,"$1,900,000.00"
,Michael Thomas,ThomMi02,S,NYG,"$1,900,000.00"
456,Saquon Barkley,BarkSa00,RB,NYG,"$1,897,943.00"
457,Ryan Kelly,KellRy00,C,IND,"$1,875,134.00"
458,Adam Vinatieri,vinatada01,K,IND,"$1,875,000.00"
459,Marshon Lattimore,LattMa01,CB,NOR,"$1,861,324.00"
460,Shaq Lawson,LawsSh00,DE,BUF,"$1,851,679.00"
461,Darron Lee,LeexDa00,OLB,KAN,"$1,843,861.00"
462,Will Fuller,FullWi01,WR,HOU,"$1,836,043.00"
463,Josh Doctson,DoctJo00,WR,MIN,"$1,820,405.00"
464,Denzel Ward,WardDe02,CB,CLE,"$1,805,698.00"
465,Laquon Treadwell,TreaLa00,WR,MIN,"$1,804,770.00"
466,Duke Johnson,JohnDu00,RB,HOU,"$1,800,000.00"
,Jonathan Bostic,BostJo00,LB,WAS,"$1,800,000.00"
,Chris Jones,JoneCh02,P,DAL,"$1,800,000.00"
,Brett Kern,KernBr20,P,TEN,"$1,800,000.00"
,Tyler Kroft,KrofTy00,TE,BUF,"$1,800,000.00"
471,William Jackson III,JackWi02,CB,CIN,"$1,773,497.00"
472,Artie Burns,BurnAr00,CB,PIT,"$1,757,861.00"
473,Joe Thomas,ThomJo04,LB,DAL,"$1,750,000.00"
,Cody Davis,DaviCo02,S,JAX,"$1,750,000.00"
,Kwon Alexander,AlexKw00,OLB,SFO,"$1,750,000.00"
,Rex Burkhead,BurkRe00,RB,NWE,"$1,750,000.00"
,Ryan Tannehill,TannRy00,QB,TEN,"$1,750,000.00"
,Quinton Spain,SpaiQu00,OG,BUF,"$1,750,000.00"
479,Kenny Clark,ClarKe01,DT,GNB,"$1,726,588.00"
480,Antoine Bethea,BethAn20,DB,NYG,"$1,725,000.00"
481,Deshaun Watson,WatsDe00,QB,HOU,"$1,724,480.00"
482,Seth Roberts,RobeSe00,WR,BAL,"$1,700,000.00"
,Jordan Mills,MillJo02,OT,ARI,"$1,700,000.00"
,Garrett Celek,CeleGa00,TE,SFO,"$1,700,000.00"
485,Haason Reddick,ReddHa00,OLB,ARI,"$1,690,270.00"
486,Derek Barnett,BarnDe01,DE,PHI,"$1,633,252.00"
487,Malik Hooker,HookMa00,FS,IND,"$1,610,446.00"
488,Matthew Slater,SlatMa00,WR,NWE,"$1,600,000.00"
,Derek Carrier,CarrDe00,WR,OAK,"$1,600,000.00"
,Patrick DiMarco,DiMaPa00,FB,BUF,"$1,600,000.00"
491,Germain Ifedi,IfedGe00,OT,SEA,"$1,577,060.00"
492,K'Waun Williams,WillKW00,DB,SFO,"$1,550,000.00"
,Tevin Coleman,ColeTe01,RB,SFO,"$1,550,000.00"
494,Marlon Humphrey,HumpMa00,CB,BAL,"$1,542,044.00"
495,Jonathan Allen,AlleJo01,DT,WAS,"$1,519,216.00"
496,Steven Nelson,NelsSt01,CB,PIT,"$1,500,000.00"
,Tress Way,WayxTr00,P,WAS,"$1,500,000.00"
,Ryan Fitzpatrick,FitzRy00,QB,MIA,"$1,500,000.00"
,Justin Bethel,BethJu00,CB,2TM,"$1,500,000.00"
,Adrian Phillips,PhilAd00,DB,LAC,"$1,500,000.00"
,K.J. Wright,WrigK.00,LB,SEA,"$1,500,000.00"
,Geoff Swaim,SwaiGe00,TE,JAX,"$1,500,000.00"
,Anthony Levine,LeviAn00,S,BAL,"$1,500,000.00"
,Jarius Wright,WrigJa02,WR,CAR,"$1,500,000.00"
,Darqueze Dennard,DennDa00,CB,CIN,"$1,500,000.00"
,Mark Glowinski,GlowMa00,OG,IND,"$1,500,000.00"
,Jamison Crowder,CrowJa00,WR,NYJ,"$1,500,000.00"
,Carl Davis,DaviCa01,DT,2TM,"$1,500,000.00"
,Zach Kerr,KerrZa00,NT,ARI,"$1,500,000.00"
,Sherrick McManis,McMaSh99,DB,CHI,"$1,500,000.00"
,Phillip Dorsett,DorsPh00,WR,NWE,"$1,500,000.00"
,C.J. Uzomah,UzomC.00,TE,CIN,"$1,500,000.00"
,Donte Moncrief,MoncDo00,WR,2TM,"$1,500,000.00"
,Brandon Copeland,CopeBr00,LB,NYJ,"$1,500,000.00"
,Jonotthan Harrison,HarrJo03,C,NYJ,"$1,500,000.00"
,DeMarcus Lawrence,LawrDe00,DE,DAL,"$1,500,000.00"
,J.R. Sweezy,SweeJ.00,G,ARI,"$1,500,000.00"
,Steve McLendon,McLeSt00,DT,NYJ,"$1,500,000.00"
,Damion Square,SquaDa00,DE,LAC,"$1,500,000.00"
,Seantrel Henderson,HendSe00,OT,HOU,"$1,500,000.00"
,Greg Mancz,MancGr00,C,HOU,"$1,500,000.00"
,A.J. McCarron,McCaA.00,QB,HOU,"$1,500,000.00"
,Jason Myers,MyerJa00,K,SEA,"$1,500,000.00"
,Eric Reid,ReidEr00,FS,CAR,"$1,500,000.00"
,Rodney McLeod,McLeRo00,S,PHI,"$1,500,000.00"
526,Adoree' Jackson,JackAd00,CB,TEN,"$1,490,708.00"
527,Ben Banogu,BanoBe00,EDGE,IND,"$1,482,500.00"
528,Randy Bullock,BullRa00,K,CIN,"$1,475,000.00"
529,O.J. Howard,HowaO.00,TE,TAM,"$1,473,602.00"
530,Garett Bolles,BollGa00,OT,DEN,"$1,467,900.00"
531,Jarrad Davis,DaviJa01,ILB,DET,"$1,462,198.00"
532,Charles Harris,HarrCh03,DE,MIA,"$1,450,794.00"
533,Dekoda Watson,WatsDe99,LB,SEA,"$1,450,000.00"
,Bradley Sowell,SoweBr00,T,CHI,"$1,450,000.00"
,Michael Person,PersMi00,T,SFO,"$1,450,000.00"
,Josh Kline,KlinJo01,OL,MIN,"$1,450,000.00"
,Jarrod Wilson,WilsJa00,S,JAX,"$1,450,000.00"
,Geronimo Allison,AlliGe01,WR,GNB,"$1,450,000.00"
,Cameron Erving,ErviCa00,OT,KAN,"$1,450,000.00"
540,Irv Smith Jr.,SmitIr01,TE,MIN,"$1,447,500.00"
541,Evan Engram,EngrEv00,TE,NYG,"$1,439,391.00"
542,Gareon Conley,ConlGa00,CB,2TM,"$1,416,584.00"
543,Tom Compton,CompTo00,T,NYJ,"$1,410,000.00"
544,Jabrill Peppers,PeppJa00,SS,NYG,"$1,405,181.00"
545,Luke Stocker,StocLu00,TE,ATL,"$1,400,000.00"
,Alex Erickson,EricAl01,WR,CIN,"$1,400,000.00"
,Keith Smith,SmitKe03,LB,ATL,"$1,400,000.00"
,Raheem Mostert,MostRa00,RB,SFO,"$1,400,000.00"
,Drew Brees,BreeDr00,QB,NOR,"$1,400,000.00"
,Carlos Hyde,HydeCa00,RB,HOU,"$1,400,000.00"
,Walt Aikens,AikeWa00,CB,MIA,"$1,400,000.00"
552,Takkarist McKinley,McKiTa00,OLB,ATL,"$1,393,775.00"
553,Tre'Davious White,WhitTr01,CB,BUF,"$1,382,374.00"
554,Taco Charlton,CharTa00,DE,MIA,"$1,376,672.00"
555,Eric Rowe,RoweEr00,CB,MIA,"$1,375,000.00"
,Nick Dzubnar,DzubNi00,LB,LAC,"$1,375,000.00"
557,Emmanuel Ogbah,OgbaEm00,DE,KAN,"$1,351,315.00"
558,Adarius Taylor,GlanAd00,LB,CLE,"$1,350,000.00"
,Spencer Long,LongSp00,OG,BUF,"$1,350,000.00"
,Billy Turner,TurnBi00,OT,GNB,"$1,350,000.00"
,Dennis Kelly,KellDe00,OT,TEN,"$1,350,000.00"
562,Jaylon Smith,SmitJa05,OLB,DAL,"$1,335,678.00"
563,David Njoku,NjokDa00,TE,CLE,"$1,330,918.00"
564,Roquan Smith,SmitRo07,ILB,CHI,"$1,319,871.00"
565,Myles Jack,JackMy00,OLB,JAX,"$1,313,787.00"
566,T.J. Watt,WattT.00,OLB,PIT,"$1,306,688.00"
567,Rashaan Melvin,MelvRa00,CB,DET,"$1,300,000.00"
568,Xavien Howard,HowaXa00,CB,MIA,"$1,285,642.00"
569,Erik Harris,HarrEr00,DB,OAK,"$1,275,000.00"
570,Ryan Ramczyk,RamcRy00,OT,NOR,"$1,273,323.00"
571,Noah Spence,SpenNo00,DE,WAS,"$1,273,132.00"
572,Sterling Shepard,ShepSt00,WR,NYG,"$1,260,623.00"
573,Clayton Geathers,GeatCl00,SS,IND,"$1,250,000.00"
,Adrian Amos,AmosAd00,FS,GNB,"$1,250,000.00"
,Beau Brinkley,BrinBe00,LS,TEN,"$1,250,000.00"
,Frank Gore,GoreFr00,RB,BUF,"$1,250,000.00"
,Julian Stanford,StanJu00,LB,BUF,"$1,250,000.00"
,Teddy Bridgewater,BridTe00,QB,NOR,"$1,250,000.00"
,Thomas Davis,DaviTh20,LB,LAC,"$1,250,000.00"
,Demetrius Harris,HarrDe03,TE,CLE,"$1,250,000.00"
,Stefen Wisniewski,WisnSt01,LG,KAN,"$1,250,000.00"
,Kenny Vaccaro,VaccKe00,FS,TEN,"$1,250,000.00"
,Tyson Alualu,AluaTy99,DT,PIT,"$1,250,000.00"
,Matt Barkley,BarkMa00,QB,BUF,"$1,250,000.00"
,Bruce Irvin,IrviBr00,DE,CAR,"$1,250,000.00"
,Pat O'Donnell,ODonPa00,P,CHI,"$1,250,000.00"
,Roosevelt Nix,NixxRo01,FB,PIT,"$1,250,000.00"
,Al Woods,WoodAl99,DT,SEA,"$1,250,000.00"
589,Kamalei Correa,CorrKa00,OLB,TEN,"$1,234,043.00"
590,Minkah Fitzpatrick,FitzMi00,FS,2TM,"$1,227,626.00"
591,Deshazor Everett,EverDe01,CB,WAS,"$1,225,000.00"
592,Austin Johnson,JohnAu01,DT,TEN,"$1,222,122.00"
593,Kendall Lamm,LammKe00,T,CLE,"$1,200,000.00"
,Malcolm Smith,SmitMa02,OLB,2TM,"$1,200,000.00"
,Demaryius Thomas,ThomDe03,WR,NYJ,"$1,200,000.00"
596,Chris Jones,JoneCh09,DT,KAN,"$1,199,714.00"
597,Reggie Ragland,RaglRe00,ILB,KAN,"$1,196,551.00"
598,Derrick Henry,HenrDe00,RB,TEN,"$1,187,445.00"
599,Hunter Henry,HenrHu00,TE,LAC,"$1,170,042.00"
600,A'Shawn Robinson,RobiAS00,DT,DET,"$1,163,678.00"
601,Vita Vea,VeaxVi00,DT,TAM,"$1,153,829.00"
602,Jordan Berry,BerrJo00,P,PIT,"$1,150,000.00"
,Kyle Wilber,WilbKy00,OLB,OAK,"$1,150,000.00"
,Charles Clay,ClayCh00,TE,ARI,"$1,150,000.00"
,Vontaze Burfict,BurfVo00,LB,OAK,"$1,150,000.00"
606,Michael Thomas,ThomMi05,WR,NOR,"$1,148,041.00"
607,Vernon Butler,ButlVe00,DT,CAR,"$1,144,980.00"
608,Da'Ron Payne,PaynDa00,DT,WAS,"$1,135,380.00"
609,Brett Hundley,HundBr00,QB,ARI,"$1,125,000.00"
,Tre Boston,BostTr00,FS,CAR,"$1,125,000.00"
,Mike Remmers,RemmMi00,T,NYG,"$1,125,000.00"
,Brooks Reed,ReedBr00,DL,ARI,"$1,125,000.00"
613,Robert Nkemdiche,NkemRo00,DT,MIA,"$1,122,808.00"
614,Jarran Reed,ReedJa02,DT,SEA,"$1,116,769.00"
615,Kevin King,KingKe01,CB,GNB,"$1,108,717.00"
616,Cam Robinson,RobiCa00,OT,JAX,"$1,103,015.00"
617,Nick Martin,MartNi00,C,HOU,"$1,101,133.00"
618,Stephen Gostkowski,GostSt20,K,NWE,"$1,100,000.00"
,Eric Kush,KushEr00,C,CLE,"$1,100,000.00"
,Max Garcia,GarcMa00,C,ARI,"$1,100,000.00"
,Jason Verrett,VerrJa00,CB,SFO,"$1,100,000.00"
,Mark Nzeocha,NzeoMa00,OLB,SFO,"$1,100,000.00"
,Ramon Foster,FostRa21,T,PIT,"$1,100,000.00"
,Aaron Rodgers,RodgAa00,QB,GNB,"$1,100,000.00"
625,Kolton Miller,MillKo00,OT,OAK,"$1,092,333.00"
626,Budda Baker,BakeBu00,FS,ARI,"$1,085,910.00"
627,Zay Jones,JoneZa00,WR,2TM,"$1,081,348.00"
628,Morris Claiborne,ClaiMo00,CB,KAN,"$1,080,000.00"
629,Forrest Lamp,LampFo00,OG,LAC,"$1,071,084.00"
630,Deion Jones,JoneDe01,OLB,ATL,"$1,069,860.00"
631,Marcus Maye,MayeMa00,FS,NYJ,"$1,060,822.00"
632,Tremaine Edmunds,EdmuTr01,ILB,BUF,"$1,055,434.00"
633,Curtis Samuel,SamuCu00,WR,CAR,"$1,051,698.00"
634,Brandon Mebane,MebaBr99,DT,LAC,"$1,050,000.00"
,Damien Williams,WillDa05,RB,KAN,"$1,050,000.00"
,Deone Bucannon,BucaDe00,SS,2TM,"$1,050,000.00"
,Marcedes Lewis,LewiMa00,TE,GNB,"$1,050,000.00"
638,Derwin James,JameDe00,SS,LAC,"$1,043,134.00"
639,Dalvin Cook,CookDa01,RB,MIN,"$1,042,576.00"
640,Mackensie Alexander,AlexMa01,CB,MIN,"$1,038,587.00"
641,Marcus Williams,WillMa06,FS,NOR,"$1,032,313.00"
642,Darren Sproles,SproDa00,RB,PHI,"$1,030,000.00"
,J.J. Jansen,JansJ.00,C,CAR,"$1,030,000.00"
,Adrian Peterson,PeteAd01,RB,WAS,"$1,030,000.00"
,DeSean Jackson,JackDe00,WR,PHI,"$1,030,000.00"
,Orlando Scandrick,ScanOr99,DB,PHI,"$1,030,000.00"
,Andre Smith,SmitAn23,T,CIN,"$1,030,000.00"
,Don Muhlbach,MuhlDo20,C,DET,"$1,030,000.00"
,Zak DeOssie,DeOsZa99,LB,NYG,"$1,030,000.00"
,Richie Incognito,IncoRi20,G,OAK,"$1,030,000.00"
,L.P. Ladouceur,LadoL.20,LS,DAL,"$1,030,000.00"
,Dominique Rodgers-Cromartie,RodgDo99,DB,WAS,"$1,030,000.00"
,Matt Schaub,SchaMa00,QB,ATL,"$1,030,000.00"
,Sam Young,YounSa21,T,SFO,"$1,030,000.00"
,Donald Penn,PennDo20,T,WAS,"$1,030,000.00"
,Clark Harris,HarrCl20,TE,CIN,"$1,030,000.00"
657,Jaire Alexander,AlexJa00,CB,GNB,"$1,027,761.00"
658,Cody Whitehair,WhitCo03,OG,CHI,"$1,026,077.00"
659,L.J. Fort,FortL.00,LB,2TM,"$1,025,000.00"
660,Sidney Jones,JoneSi00,CB,PHI,"$1,023,190.00"
661,Leighton Vander Esch,VandLe00,OLB,DAL,"$1,018,535.00"
662,Frank Ragnow,RagnFr00,C,DET,"$1,015,461.00"
663,Gerald Everett,EverGe00,TE,LAR,"$1,014,497.00"
664,Billy Price,PricBi01,C,CIN,"$1,012,386.00"
665,Sean Davis,DaviSe00,FS,PIT,"$1,007,314.00"
666,Rashaan Evans,EvanRa01,ILB,TEN,"$1,006,236.00"
667,Adam Shaheen,ShahAd00,TE,CHI,"$1,002,322.00"
668,Isaiah Wynn,WynnIs00,OT,NWE,"$1,000,087.00"
669,Oday Aboushi,AbouOd00,OT,DET,"$1,000,000.00"
,Casey Kreiter,KreiCa00,LS,DEN,"$1,000,000.00"
,Mark Barron,BarrMa00,LB,PIT,"$1,000,000.00"
,Trevor Siemian,SiemTr00,QB,NYJ,"$1,000,000.00"
,Mike Iupati,IupaMi20,G,SEA,"$1,000,000.00"
,Brian Poole,PoolBr01,S,NYJ,"$1,000,000.00"
,Blake Bortles,BortBl00,QB,LAR,"$1,000,000.00"
,Latavius Murray,MurrLa00,RB,NOR,"$1,000,000.00"
,Timmy Jernigan,JernTi00,DT,PHI,"$1,000,000.00"
,Joe Looney,LoonJo01,G,DAL,"$1,000,000.00"
,Julian Edelman,EdelJu00,WR,NWE,"$1,000,000.00"
,Neville Hewitt,HewiNe00,LB,NYJ,"$1,000,000.00"
,Dante Fowler,FowlDa00,OLB,LAR,"$1,000,000.00"
,T.J. Yeldon,YeldT.00,RB,BUF,"$1,000,000.00"
,Ronald Darby,DarbRo00,CB,PHI,"$1,000,000.00"
,Jamize Olawale,OlawJa00,FB,DAL,"$1,000,000.00"
,Brent Qvale,QvalBr01,T,NYJ,"$1,000,000.00"
,Pierre Desir,DesiPi00,CB,IND,"$1,000,000.00"
,Tavon Austin,AustTa00,WR,DAL,"$1,000,000.00"
,Dan Bailey,BailDa00,K,MIN,"$1,000,000.00"
,Josh Lambo,LambJo00,K,JAX,"$1,000,000.00"
,Malcolm Brown,BrowMa03,RB,LAR,"$1,000,000.00"
,Nevin Lawson,LawsNe00,CB,OAK,"$1,000,000.00"
,Zach Brown,BrowZa00,OLB,PHI,"$1,000,000.00"
,Mike Davis,DaviMi01,RB,2TM,"$1,000,000.00"
,Chris Boswell,BoswCh00,K,PIT,"$1,000,000.00"
,Aaron Lynch,LyncAa00,DE,CHI,"$1,000,000.00"
,Justin Tucker,TuckJu00,K,BAL,"$1,000,000.00"
,Malcom Brown,BrowMa01,DT,NOR,"$1,000,000.00"
,Tyler Eifert,EifeTy00,TE,CIN,"$1,000,000.00"
,Quincy Enunwa,EnunQu00,WR,NYJ,"$1,000,000.00"
,Landon Collins,CollLa00,SS,WAS,"$1,000,000.00"
,Johnathan Hankins,HankJo00,DT,OAK,"$1,000,000.00"
,Ray-Ray Armstrong,ArmsRa01,LB,2TM,"$1,000,000.00"
,Brandin Cooks,CookBr00,WR,LAR,"$1,000,000.00"
,Stephon Gilmore,GilmSt00,CB,NWE,"$1,000,000.00"
,Nick Boyle,BoylNi00,TE,BAL,"$1,000,000.00"
,Rodney Gunter,GuntRo00,DT,ARI,"$1,000,000.00"
,Tyrod Taylor,TaylTy00,QB,LAC,"$1,000,000.00"
,Justin Houston,HousJu00,LB,IND,"$1,000,000.00"
,Mike Pennel,PennMi00,DT,KAN,"$1,000,000.00"
,Mike Glennon,GlenMi00,QB,OAK,"$1,000,000.00"
,B.W. Webb,WebbBW00,CB,CIN,"$1,000,000.00"
,Margus Hunt,HuntMa00,DE,IND,"$1,000,000.00"
,Darryl Roberts,RobeDa00,CB,NYJ,"$1,000,000.00"
,Brandon Graham,GrahBr99,DE,PHI,"$1,000,000.00"
,Robert Griffin III,GrifRo01,QB,BAL,"$1,000,000.00"
,Cameron Fleming,FlemCa00,OT,DAL,"$1,000,000.00"
,Tramaine Brock,BrocTr00,DB,2TM,"$1,000,000.00"
,Craig Robertson,RobeCr00,LB,NOR,"$1,000,000.00"
,Vinny Curry,CurrVi00,DE,PHI,"$1,000,000.00"
,Maurkice Pouncey,PounMa20,C,PIT,"$1,000,000.00"
,Jake Ryan,RyanJa00,OLB,JAX,"$1,000,000.00"
,C.J. Anderson,AndeC.00,RB,DET,"$1,000,000.00"
,Chris Reed,ReedCh00,G,2TM,"$1,000,000.00"
,Christian Covington,CoviCh00,DT,DAL,"$1,000,000.00"
,Morgan Cox,CoxxMo00,C,BAL,"$1,000,000.00"
,Denzelle Good,GoodDe01,OT,OAK,"$1,000,000.00"
,Shaquil Barrett,BarrSh00,OLB,TAM,"$1,000,000.00"
,Nick O'Leary,OLeaNi00,TE,2TM,"$1,000,000.00"
,Kyle Fuller,FullKy00,CB,CHI,"$1,000,000.00"
,Jordan Matthews,MattJo00,WR,2TM,"$1,000,000.00"
,Malik Jackson,JackMa02,DT,PHI,"$1,000,000.00"
,C.J. Mosley,MoslC.00,ILB,NYJ,"$1,000,000.00"
,Morgan Burnett,BurnMo99,DB,CLE,"$1,000,000.00"
,Brandon Bolden,BoldBr00,RB,NWE,"$1,000,000.00"
,Matt Paradis,ParaMa00,C,CAR,"$1,000,000.00"
,Daniel McCullers,McCuDa00,DT,PIT,"$1,000,000.00"
,James Develin,DeveJa00,RB,NWE,"$1,000,000.00"
,Za'Darius Smith,SmitZa00,DE,GNB,"$1,000,000.00"
,Tavon Wilson,WilsTa00,FS,DET,"$1,000,000.00"
740,Cyrus Jones,JoneCy00,CB,BAL,"$996,000.00"
741,Vonn Bell,BellVo00,SS,NOR,"$991,677.00"
742,Quincy Wilson,WilsQu01,CB,IND,"$989,207.00"
743,D.J. Moore,MoorD.00,WR,CAR,"$987,787.00"
744,Adam Gotsis,GotsAd00,DT,DEN,"$986,987.00"
745,Hayden Hurst,HursHa00,TE,BAL,"$981,638.00"
746,Tyler Boyd,BoydTy00,WR,CIN,"$980,769.00"
747,Calvin Ridley,RidlCa00,WR,ATL,"$975,487.00"
748,Russell Shepard,ShepRu00,WR,NYG,"$975,000.00"
,Austin Reiter,ReitAu00,C,KAN,"$975,000.00"
,Markus Golden,GoldMa00,OLB,NYG,"$975,000.00"
,Spencer Pulley,PullSp00,C,NYG,"$975,000.00"
752,Tyus Bowser,BowsTy00,OLB,BAL,"$971,874.00"
753,Rashaad Penny,PennRa00,RB,SEA,"$969,338.00"
754,Terrell Edmunds,EdmuTe00,S,PIT,"$966,263.00"
755,Joe Mixon,MixoJo00,RB,CIN,"$960,470.00"
756,Ryan Anderson,AndeRy00,OLB,WAS,"$949,066.00"
757,Taven Bryan,BryaTa00,DT,JAX,"$941,589.00"
758,James Bradberry,BradJa00,CB,CAR,"$940,114.00"
759,Mario Edwards,EdwaMa01,DE,NOR,"$935,000.00"
760,Jake McQuaide,McQuJa00,LS,LAR,"$930,000.00"
,Fletcher Cox,CoxxFl00,DT,PHI,"$930,000.00"
,Anthony Sherman,SherAn00,RB,KAN,"$930,000.00"
,Chris Clark,ClarCh21,T,HOU,"$930,000.00"
,Jason Kelce,KelcJa00,C,PHI,"$930,000.00"
,Dwayne Harris,HarrDw00,WR,OAK,"$930,000.00"
,Pernell McPhee,McPhPe00,DL,BAL,"$930,000.00"
,Colin Jones,JoneCo01,DB,CAR,"$930,000.00"
,Kurt Coleman,ColeKu99,LB,BUF,"$930,000.00"
,Lance Kendricks,KendLa00,TE,LAC,"$930,000.00"
,Andrew Sendejo,SendAn00,DB,2TM,"$930,000.00"
,Ted Larsen,LarsTe20,C,CHI,"$930,000.00"
,Terrell McClain,McClTe00,DL,2TM,"$930,000.00"
,Corey Liuget,LiugCo00,DT,2TM,"$930,000.00"
,Bilal Powell,PoweBi00,RB,NYJ,"$930,000.00"
,Kyle Love,LoveKy00,DT,CAR,"$930,000.00"
,Nigel Bradham,BradNi00,OLB,PHI,"$930,000.00"
,J'Marcus Webb,WebbJM20,T,MIA,"$930,000.00"
,Aaron Brewer,BrewAa00,LS,ARI,"$930,000.00"
,Nick Bellore,BellNi01,LB,SEA,"$930,000.00"
,Nick Sundberg,SundNi00,C,WAS,"$930,000.00"
,Adrian Clayborn,ClayAd00,DL,ATL,"$930,000.00"
,Sam Acho,AchoSa00,OLB,TAM,"$930,000.00"
,Darian Stewart,StewDa00,DB,TAM,"$930,000.00"
,Josh Bellamy,BellJo02,WR,NYJ,"$930,000.00"
,Alfred Morris,MorrAl00,RB,ARI,"$930,000.00"
,Josh Harris,HarrJo02,LS,ATL,"$930,000.00"
,Jon Weeks,WeekJo00,C,HOU,"$930,000.00"
,Marcus Sherels,SherMa20,DB,2TM,"$930,000.00"
,Taiwan Jones,JoneTa00,RB,HOU,"$930,000.00"
,Bryan Anger,AngeBr00,P,HOU,"$930,000.00"
,John Jerry,JerrJo20,G,CIN,"$930,000.00"
792,Mike Hughes,HughMi00,CB,MIN,"$928,522.00"
793,DeMarcus Walker,WalkDe03,DE,DEN,"$926,260.00"
794,Cody Latimer,LatiCo00,WR,NYG,"$925,000.00"
795,Sony Michel,MichSo00,RB,NWE,"$917,577.00"
796,Lamar Jackson,JackLa00,QB,BAL,"$910,529.00"
797,Foster Moreau,MoreFo00,TE,OAK,"$910,000.00"
798,Shamar Stephen,StepSh00,DT,MIN,"$900,000.00"
,Tyler Larsen,LarsTy00,C,CAR,"$900,000.00"
,Ryan Allen,AlleRy01,P,ATL,"$900,000.00"
,Darren Fells,FellDa01,TE,HOU,"$900,000.00"
,John Miller,MillJo04,OG,CIN,"$900,000.00"
,Christopher Milton,MiltCh00,CB,TEN,"$900,000.00"
,Jamie Collins,CollJa00,OLB,NWE,"$900,000.00"
,Bobby Hart,HartBo00,OG,CIN,"$900,000.00"
,John Simon,SimoJo01,DE,NWE,"$900,000.00"
,Preston Brown,BrowPr00,ILB,2TM,"$900,000.00"
,Josh Mauro,MaurJo00,DE,OAK,"$900,000.00"
,Kerry Wynn,WynnKe00,DE,CIN,"$900,000.00"
810,Raekwon McMillan,McMiRa02,ILB,MIA,"$892,049.00"
811,Dalvin Tomlinson,TomlDa00,DT,NYG,"$880,646.00"
812,Zach Cunningham,CunnZa00,OLB,HOU,"$871,522.00"
813,Ethan Pocic,PociEt00,C,SEA,"$865,821.00"
814,Chidobe Awuzie,AwuzCh00,CB,DAL,"$854,417.00"
815,D.J. Fluker,FlukDJ00,OT,SEA,"$850,000.00"
,Cassius Marsh,MarsCa00,DE,ARI,"$850,000.00"
,P.J. Williams,WillP.00,CB,NOR,"$850,000.00"
,Chris Banjo,BanjCh00,S,ARI,"$850,000.00"
,Maurice Alexander,AlexMa00,SS,BUF,"$850,000.00"
,David Mayo,MayoDa00,ILB,NYG,"$850,000.00"
,Tyrann Mathieu,MathTy00,CB,KAN,"$850,000.00"
,Denzel Perryman,PerrDe00,ILB,LAC,"$850,000.00"
,Neiko Thorpe,ThorNe00,DB,SEA,"$850,000.00"
,Wil Lutz,LutzWi00,K,NOR,"$850,000.00"
,Josh Hill,HillJo02,TE,NOR,"$850,000.00"
,Zach Line,LineZa01,FB,NOR,"$850,000.00"
,Brent Urban,UrbaBr00,DE,2TM,"$850,000.00"
,Preston Smith,SmitPr00,DE,GNB,"$850,000.00"
829,Josh Jones,JoneJo06,S,DAL,"$849,856.00"
830,JuJu Smith-Schuster,SmitJu00,WR,PIT,"$846,434.00"
831,Dion Dawkins,DawkDi00,OG,BUF,"$845,294.00"
832,Taylor Moton,MotoTa00,OT,CAR,"$843,014.00"
833,Tanoh Kpassagnon,KpasTa00,DE,KAN,"$832,838.00"
834,Chris Hogan,HogaCh00,WR,CAR,"$825,000.00"
,Olsen Pierre,PierOl00,DT,NYG,"$825,000.00"
836,Maxx Crosby,CrosMa00,EDGE,OAK,"$822,500.00"
837,Austin Corbett,CorbAu00,C,2TM,"$821,745.00"
838,Larry Ogunjobi,OgunLa00,DT,CLE,"$820,200.00"
839,Jonathan Bullard,BullJo00,DE,ARI,"$820,000.00"
,James Winchester,WincJa00,LS,KAN,"$820,000.00"
841,Will Hernandez,HernWi00,OG,NYG,"$818,670.00"
842,Nick Chubb,ChubNi00,RB,CLE,"$815,595.00"
843,Ahkello Witherspoon,WithAh00,CB,SFO,"$815,375.00"
844,Dru Samia,SamiDr00,OL,MIN,"$812,500.00"
,Justice Hill,HillJu00,RB,BAL,"$812,500.00"
,Dawuane Smoot,SmooDa00,DE,JAX,"$812,500.00"
847,Cooper Kupp,KuppCo00,WR,LAR,"$811,000.00"
848,Pat Elflein,ElflPa00,C,MIN,"$809,500.00"
849,Darius Leonard,LeonDa00,LB,IND,"$809,446.00"
850,Alvin Kamara,KamaAl00,RB,NOR,"$807,500.00"
851,Braden Smith,SmitBr06,OG,IND,"$806,986.00"
852,Anthony Chickillo,ChicAn00,DE,PIT,"$806,000.00"
853,LaRoy Reynolds,ReynLa00,LB,CIN,"$805,000.00"
,Ryan Grant,GranRy01,WR,OAK,"$805,000.00"
,Michael Ola,OlaxMi00,T,NOR,"$805,000.00"
,T.J. Jones,JoneT.00,WR,NYG,"$805,000.00"
,Ben Garland,GarlBe00,DL,SFO,"$805,000.00"
,Tyeler Davison,DaviTy01,DT,ATL,"$805,000.00"
,Cairo Santos,SantCa01,K,TEN,"$805,000.00"
,Caraun Reid,ReidCa00,DT,ARI,"$805,000.00"
,Cornelius Lucas,LucaCo01,T,CHI,"$805,000.00"
,Kevin Minter,MintKe00,ILB,TAM,"$805,000.00"
,Greg Van Roten,VanRGr00,G,CAR,"$805,000.00"
,Nate Orchard,OrchNa00,OLB,WAS,"$805,000.00"
,Nick Williams,WillNi01,DT,CHI,"$805,000.00"
,T.Y. McGill,McGiT.00,DT,LAC,"$805,000.00"
,Ramik Wilson,WilsRa00,ILB,ARI,"$805,000.00"
,Levine Toilolo,ToilLe00,TE,SFO,"$805,000.00"
,Joe Cardona,CardJo00,LS,NWE,"$805,000.00"
,Brynden Trawick,TrawBr00,S,BAL,"$805,000.00"
,Kenjon Barner,BarnKe00,RB,ATL,"$805,000.00"
,Kemal Ishmael,IshmKe00,DB,ATL,"$805,000.00"
,Josh Robinson,RobiJo01,CB,JAX,"$805,000.00"
,Javorius Allen,AlleJa01,RB,NYG,"$805,000.00"
,Bennie Fowler,FowlBe00,WR,NYG,"$805,000.00"
,Ty Montgomery,MontTy01,RB-WR,NYJ,"$805,000.00"
,Benson Mayowa,MayoBe00,DE,OAK,"$805,000.00"
,Jamar Taylor,TaylJa01,CB,2TM,"$805,000.00"
,Justin Hardy,HardJu00,WR,ATL,"$805,000.00"
,William Compton,CompWi00,LB,OAK,"$805,000.00"
,Jordan Richards,RichJo00,SS,2TM,"$805,000.00"
,Kayvon Webster,WebsKa00,CB,WAS,"$805,000.00"
,Lane Johnson,JohnLa01,OT,PHI,"$805,000.00"
,Kevin Pierre-Louis,PierKe00,OLB,CHI,"$805,000.00"
,Xavier Su'a-Filo,Sua-Xa00,OG,DAL,"$805,000.00"
,Cedric Ogbuehi,OgbuCe00,OT,JAX,"$805,000.00"
,Richard Rodgers,RodgRi00,TE,PHI,"$805,000.00"
,Ryan Griffin,GrifRy01,QB,TAM,"$805,000.00"
,Justin Coleman,ColeJu01,CB,DET,"$805,000.00"
,David Fales,FaleDa00,QB,NYJ,"$805,000.00"
,Tyler Shatley,ShatTy00,OG,JAX,"$805,000.00"
,Trey Flowers,FlowTr00,DE,DET,"$805,000.00"
,Terrence Brooks,BrooTe00,FS,NWE,"$805,000.00"
,James O'Shaughnessy,O'ShJa00,TE,JAX,"$805,000.00"
,Johnathan Cyprien,CyprJo00,SS,2TM,"$805,000.00"
,Nathan Stupar,StupNa01,OLB,NYG,"$805,000.00"
,A.Q. Shipley,ShipA.20,C,ARI,"$805,000.00"
,Scott Simonson,SimoSc00,TE,NYG,"$805,000.00"
,Maxx Williams,WillMa04,TE,ARI,"$805,000.00"
,Albert McClellan,McClAl00,DE,NYJ,"$805,000.00"
,Jesse James,JameJe00,TE,DET,"$805,000.00"
,Stephone Anthony,AnthSt00,ILB,NOR,"$805,000.00"
,Jeremiah Attaochu,AttaJe00,OLB,DEN,"$805,000.00"
,Jaylen Watkins,WatkJa01,CB,LAC,"$805,000.00"
,JJ Nelson,NelsJJ00,WR,OAK,"$805,000.00"
,Dontae Johnson,JohnDo02,FS,2TM,"$805,000.00"
,Tank Carradine,CarrCo00,DE,MIA,"$805,000.00"
,Jahleel Addae,AddaJa00,S,HOU,"$805,000.00"
,Najee Goode,GoodNa00,ILB,JAX,"$805,000.00"
,D.J. Alexander,AlexD.00,OLB,JAX,"$805,000.00"
,Blidi Wreh-Wilson,WrehBl00,CB,ATL,"$805,000.00"
,Sean Mannion,MannSe00,QB,MIN,"$805,000.00"
,Daniel Brown,BrowDa04,TE,NYJ,"$805,000.00"
,Tony Bergstrom,BergTo00,OT,WAS,"$805,000.00"
,Luke Willson,WillLu00,TE,SEA,"$805,000.00"
,Spencer Ware,WareSp00,RB,KAN,"$805,000.00"
,Corey Nelson,NelsCo00,OLB,DEN,"$805,000.00"
,Andrew Donnal,DonnAn00,OT,MIA,"$805,000.00"
,Josh Wells,WellJo02,T,TAM,"$805,000.00"
,Danny Shelton,ShelDa01,DT,NWE,"$805,000.00"
,Paul Worrilow,WorrPa00,LB,NYJ,"$805,000.00"
,Bradley Pinion,PiniBr00,P,TAM,"$805,000.00"
,Damontre Moore,MoorDa01,DE,SFO,"$805,000.00"
,Bryce Hager,HageBr00,ILB,LAR,"$805,000.00"
,Patrick Omameh,OmamPa00,G,NOR,"$805,000.00"
,Phillip Gaines,GainPh00,CB,HOU,"$805,000.00"
,Vince Williams,WillVi01,ILB,PIT,"$805,000.00"
,De'Anthony Thomas,ThomDe05,RB,2TM,"$805,000.00"
,Rod Smith,SmitRo06,RB,2TM,"$805,000.00"
,Jordan Devey,DeveJo00,T,OAK,"$805,000.00"
,Earl Watford,WatfEa00,OG,TAM,"$805,000.00"
,A.J. Cann,CannA.00,OG,JAX,"$805,000.00"
,Charley Hughlett,HughCh01,LS,CLE,"$805,000.00"
,Bashaud Breeland,BreeBa00,CB,KAN,"$805,000.00"
,Dakota Dozier,DoziDa00,OT,MIN,"$805,000.00"
,Rakeem Nunez-Roches,NuneRa00,DT,TAM,"$805,000.00"
,Dontrelle Inman,InmaDo00,WR,2TM,"$805,000.00"
,Blake Bell,BellBl00,TE,KAN,"$805,000.00"
,Alex Okafor,OkafAl00,DE,KAN,"$805,000.00"
,Frank Clark,ClarFr01,DE,KAN,"$805,000.00"
,Ryan Groy,GroyRy00,OG,LAC,"$805,000.00"
,Geremy Davis,DaviGe00,WR,LAC,"$805,000.00"
,Antone Exum,ExumAn00,CB,SFO,"$805,000.00"
,Chris Conley,ConlCh00,WR,JAX,"$805,000.00"
,John Jenkins,JenkJo00,DT,MIA,"$805,000.00"
,Logan Thomas,ThomLo00,QB/TE,DET,"$805,000.00"
947,Ben Powers,PoweBe00,OL,BAL,"$802,500.00"
948,Ronald Jones II,JoneRo01,RB,TAM,"$801,450.00"
949,Sheldrick Redwine,RedwSh00,S,CLE,"$800,000.00"
,Michael Palardy,PalaMi00,P,CAR,"$800,000.00"
951,James Daniels,DaniJa01,C,CHI,"$795,916.00"
952,Dan Feeney,FeenDa00,OG,LAC,"$793,000.00"
953,Isaiah Johnson,JohnIs02,CB,OAK,"$792,500.00"
954,Courtland Sutton,SuttCo00,WR,DEN,"$790,996.00"
955,Harold Landry,LandHa00,OLB,TEN,"$786,077.00"
956,Mike Gesicki,GesiMi00,TE,MIA,"$780,542.00"
957,Marcus Davenport,DaveMa00,DE,NOR,"$779,632.00"
958,Kerryon Johnson,JohnKe06,RB,DET,"$775,622.00"
959,Alex Tanney,TannAl00,QB,NYG,"$775,000.00"
960,Taywan Taylor,TaylTa00,WR,CLE,"$773,500.00"
961,Dante Pettis,PettDa00,WR,SFO,"$770,934.00"
962,Josh Jackson,JackJo01,CB,GNB,"$764,368.00"
963,Jordan Willis,WillJo09,DE,NYJ,"$754,750.00"
964,Ben Braunecker,BrauBe00,TE,CHI,"$750,000.00"
,Eric Tomlinson,TomlEr01,TE,3TM,"$750,000.00"
,Akeem King,KingAk00,DB,SEA,"$750,000.00"
967,Isaac Seumalo,SeumIs00,OG,PHI,"$749,000.00"
968,Christian Kirk,KirkCh01,WR,ARI,"$747,948.00"
969,C.J. Prosise,ProsC.00,RB,SEA,"$745,000.00"
970,Uchenna Nwosu,NwosUc00,OLB,LAC,"$741,799.00"
971,Nick Vannett,VannNi00,TE,2TM,"$736,000.00"
,Chris Wormley,WormCh00,DT,BAL,"$736,000.00"
973,Dallas Goedert,GoedDa00,TE,PHI,"$735,649.00"
974,Connor Williams,WillCo00,OT,DAL,"$729,500.00"
975,Duke Riley,RileDu00,OLB,2TM,"$726,500.00"
976,Anthony Miller,MillAn02,WR,CHI,"$723,350.00"
977,Jerald Hawkins,HawkJe00,OT,TAM,"$720,000.00"
,C.J. Goodwin,GoodC.00,WR,DAL,"$720,000.00"
,Brett Jones,JoneBr04,C,MIN,"$720,000.00"
,Chris Moore,MoorCh00,WR,BAL,"$720,000.00"
,Seth Devalve,DevaSe00,TE,JAX,"$720,000.00"
,Dwayne Washington,WashDw00,RB,NOR,"$720,000.00"
,Shilique Calhoun,CalhSh00,DE,NWE,"$720,000.00"
,Miles Killebrew,KillMi00,SS,DET,"$720,000.00"
,Kameron Canaday,CanaKa00,LS,PIT,"$720,000.00"
,Ameer Abdullah,AbduAm00,RB,MIN,"$720,000.00"
,B.J. Goodson,GoodB.00,OLB,GNB,"$720,000.00"
,Bryan Witzmann,WitzBr00,T,CAR,"$720,000.00"
,David Fluellen,FlueDa00,RB,TEN,"$720,000.00"
,Jakeem Grant,GranJa00,WR,MIA,"$720,000.00"
,Marqui Christian,ChriMa00,SS,LAR,"$720,000.00"
,T.J. Green,GreeT.00,FS,2TM,"$720,000.00"
,Lac Edwards,EdwaLa01,P,NYJ,"$720,000.00"
,Ronald Blair,BlaiRo00,DE,SFO,"$720,000.00"
,Josh Andrews,AndrJo01,G,IND,"$720,000.00"
,Trevor Davis,DaviTr03,WR,3TM,"$720,000.00"
,Andy Janovich,JanoAn00,FB,DEN,"$720,000.00"
,Darian Thompson,ThomDa05,FS,DAL,"$720,000.00"
,Damien Wilson,WilsDa02,ILB,KAN,"$720,000.00"
,DeAndre Washington,WashDe00,RB,OAK,"$720,000.00"
,Riley Dixon,DixoRi00,P,NYG,"$720,000.00"
,Ben Koyack,KoyaBe00,TE,JAX,"$720,000.00"
,John Wetzel,WetzJo00,T,ATL,"$720,000.00"
,LeShaun Sims,SimsLe00,CB,TEN,"$720,000.00"
,Romeo Okwara,OkwaRo01,DE,DET,"$720,000.00"
,MyCole Pruitt,PruiMy00,TE,TEN,"$720,000.00"
,Jayrone Elliott,ElliJa02,LB,PIT,"$720,000.00"
,Clive Walford,WalfCl00,TE,MIA,"$720,000.00"
,Deon Bush,BushDe00,FS,CHI,"$720,000.00"
,Patrick Scales,ScalPa00,LS,CHI,"$720,000.00"
,Ibraheim Campbell,CampIb00,SS,GNB,"$720,000.00"
,Senorise Perry,PerrSe00,RB,BUF,"$720,000.00"
,Jamie Meder,MedeJa00,DT,DET,"$720,000.00"
,Curtis Riley,RileCu00,CB,OAK,"$720,000.00"
,Joel Heath,HeatJo00,DT,HOU,"$720,000.00"
,Kentrell Brothers,BrotKe00,ILB,MIN,"$720,000.00"
,Joe Dahl,DahlJo00,OG,DET,"$720,000.00"
,Anthony Zettel,ZettAn00,DE,2TM,"$720,000.00"
,Javien Elliott,ElliJa01,CB,CAR,"$720,000.00"
,Jonathan Williams,WillJo07,RB,IND,"$720,000.00"
,Briean Boddy-Calhoun,BoddBr01,DB,2TM,"$720,000.00"
,Sheldon Day,DayxSh00,DT,SFO,"$720,000.00"
,Jayron Kearse,KearJa00,SS,MIN,"$720,000.00"
,Devontae Booker,BookDe00,RB,DEN,"$720,000.00"
,Damiere Byrd,ByrdDa00,WR,ARI,"$720,000.00"
,Darius Jennings,JennDa00,WR,TEN,"$720,000.00"
,Clayton Fejedelem,FejeCl00,FS,CIN,"$720,000.00"
,Cody Core,CoreCo00,WR,NYG,"$720,000.00"
,Derek Watt,WattDe00,FB,LAC,"$720,000.00"
,Justin March-Lillard,MarcJu00,LB,DAL,"$720,000.00"
,Parker Ehinger,EhinPa00,OG,BAL,"$720,000.00"
,Tyler Matakevich,MataTy00,ILB,PIT,"$720,000.00"
,Cre'von LeBlanc,LeBlCr01,DB,PHI,"$720,000.00"
,DeForest Buckner,BuckDe00,DT,SFO,"$720,000.00"
,Darren Waller,WallDa01,WR,OAK,"$720,000.00"
,Andrew Adams,AdamAn00,FS,TAM,"$720,000.00"
,Jeff Driskel,DrisJe00,QB,DET,"$720,000.00"
,Carson Wentz,WentCa00,QB,PHI,"$720,000.00"
,Kavon Frazier,FrazKa00,FS,DAL,"$720,000.00"
,Wendell Smallwood,SmalWe00,RB,WAS,"$720,000.00"
,Andrew Billings,BillAn00,DT,CIN,"$720,000.00"
,DeAndre Houston-Carson,HousDe00,FS,CHI,"$720,000.00"
,Mike Thomas,ThomMi04,WR,LAR,"$720,000.00"
,Paul Perkins,PerkPa00,RB,DET,"$720,000.00"
,Stephen Weatherly,WeatSt00,OLB,MIN,"$720,000.00"
,Hassan Ridgeway,RidgHa00,DT,PHI,"$720,000.00"
,Tyrell Adams,AdamTy00,LB,HOU,"$720,000.00"
,Kamu Grugier-Hill,GrugKa00,OLB,PHI,"$720,000.00"
,Tyler Ervin,ErviTy00,RB,2TM,"$720,000.00"
,Ted Karras,KarrTe00,OG,NWE,"$720,000.00"
,Jihad Ward,WardJi02,DE,2TM,"$720,000.00"
,Pharoh Cooper,CoopPh00,WR,2TM,"$720,000.00"
,Rick Lovato,LovaRi00,LS,PHI,"$720,000.00"
,Luke Rhodes,RhodLu00,LB,IND,"$720,000.00"
,Hroniss Grasu,GrasHr00,C,BAL,"$720,000.00"
,Danny Vitale,VitaDa00,FB,GNB,"$720,000.00"
,Joey Bosa,BosaJo00,DE,LAC,"$720,000.00"
,Sharrod Neasman,NeasSh00,S,ATL,"$720,000.00"
,James Ferentz,FereJa00,C,NWE,"$720,000.00"
,Maurice Canady,CanaMa00,CB,2TM,"$720,000.00"
1061,Kemoko Turay,TuraKe00,OLB,IND,"$717,200.00"
1062,Alex Anzalone,AnzaAl00,OLB,NOR,"$717,000.00"
1063,Zach Gentry,GentZa00,TE,PIT,"$715,000.00"
1064,M.J. Stewart,StewM.00,CB,TAM,"$711,051.00"
1065,Dre Greenlaw,GreeDr00,LB,SFO,"$710,000.00"
1066,Hunter Renfrow,RenfHu00,WR,OAK,"$707,500.00"
1067,Jessie Bates III,BateJe00,FS,CIN,"$704,901.00"
1068,Daylon Mack,MackDa00,DL,BAL,"$704,500.00"
1069,Cameron Smith,SmitCa01,LB,MIN,"$702,500.00"
1070,Reid Ferguson,FergRe00,LS,BUF,"$700,000.00"
,E.J. Speed,SpeeEJ00,LB,IND,"$700,000.00"
,Kerry Hyder,HydeKe01,DT,DAL,"$700,000.00"
,Matt LaCosse,LaCoMa00,TE,NWE,"$700,000.00"
1074,Donte Jackson,JackDo02,CB,CAR,"$698,751.00"
1075,Duke Dawson,DawsDu00,CB,DEN,"$695,676.00"
1076,P.J. Hall,HallP.00,DT,OAK,"$693,830.00"
1077,Isaiah Oliver,OlivIs00,CB,ATL,"$690,757.00"
1078,Tim Williams,WillTi00,OLB,2TM,"$690,000.00"
1079,Tarell Basham,BashTa00,DE,NYJ,"$687,500.00"
1080,Derrius Guice,GuicDe00,RB,WAS,"$686,452.00"
1081,James Washington,WashJa00,WR,PIT,"$684,607.00"
1082,Fabian Moreau,MoreFa00,CB,WAS,"$684,000.00"
1083,DJ Chark,CharDJ00,WR,JAX,"$682,147.00"
1084,Brian O'Neill,ONeiBr00,OT,MIN,"$680,302.00"
1085,Shaquill Griffin,GrifSh00,DB,SEA,"$680,000.00"
1086,Kaden Smith,SmitKa00,TE,NYG,"$679,750.00"
1087,Carlton Davis,DaviCa02,CB,TAM,"$679,687.00"
1088,Eddie Vanderdoes,VandEd00,DT,HOU,"$679,000.00"
1089,Tyquan Lewis,LewiTy00,DE,IND,"$678,457.00"
1090,Delano Hill,HillDe02,FS,SEA,"$678,000.00"
1091,Cameron Sutton,SuttCa00,CB,PIT,"$677,400.00"
1092,Chris Godwin,GodwCh00,WR,TAM,"$677,000.00"
,John Johnson,JohnJo10,S,LAR,"$677,000.00"
1094,Kenny Golladay,GollKe00,WR,DET,"$676,000.00"
1095,Jourdan Lewis,LewiJo01,CB,DAL,"$675,000.00"
1096,Ka'dar Hollman,HollKa00,CB,GNB,"$672,500.00"
,Justin Skule,SkulJu00,OT,SFO,"$672,500.00"
1098,Chad Williams,WillCh05,WR,IND,"$671,500.00"
1099,Montravius Adams,AdamMo00,DT,GNB,"$671,000.00"
1100,Rasul Douglas,DougRa00,CB,PHI,"$670,000.00"
,Marcus Epps,EppsMa00,S,2TM,"$670,000.00"
,Armon Watts,WattAr01,DL,MIN,"$670,000.00"
,Dexter Williams,WillDe07,RB,GNB,"$670,000.00"
1104,Jonnu Smith,SmitJo01,TE,TEN,"$669,000.00"
1105,James Conner,ConnJa00,RB,PIT,"$668,000.00"
,Trey Hendrickson,HendTr00,DE,NOR,"$668,000.00"
1107,Brandon Parker,ParkBr01,OT,OAK,"$666,152.00"
1108,Lorenzo Carter,CartLo01,DE,NYG,"$665,613.00"
1109,Sam Beal,BealSa00,,NYG,"$665,559.00"
1110,Chad Thomas,ThomCh06,DE,CLE,"$665,000.00"
1111,Justin Reid,ReidJu00,FS,HOU,"$664,979.00"
1112,B.J. Hill,HillB.00,DT,NYG,"$664,345.00"
1113,Fred Warner,WarnFr00,OLB,SFO,"$663,137.00"
1114,Ulysees Gilbert,GilbUl00,LB,PIT,"$661,750.00"
1115,Royce Freeman,FreeRo00,RB,DEN,"$661,000.00"
1116,Mason Rudolph,RudoMa00,QB,PIT,"$658,267.00"
1117,Nathan Shepherd,ShepNa00,DT,NYJ,"$656,000.00"
1118,Jerome Baker,BakeJe00,OLB,MIA,"$654,000.00"
1119,Ty Summers,SummTy00,LB,GNB,"$652,500.00"
1120,Olabisi Johnson,JohnOl00,WR,MIN,"$647,500.00"
1121,Geron Christian,ChriGe01,OT,WAS,"$647,000.00"
1122,Samaje Perine,PeriSa00,RB,2TM,"$645,000.00"
,George Kittle,KittGe00,TE,SFO,"$645,000.00"
,Zach Banner,BannZa00,OG,PIT,"$645,000.00"
,Jamal Agnew,AgneJa00,CB,DET,"$645,000.00"
,Josh Malone,MaloJo00,WR,NYJ,"$645,000.00"
,Deon Lacey,LaceDe00,LB,MIA,"$645,000.00"
,Rudy Ford,FordRu00,S,PHI,"$645,000.00"
,Jordan Dangerfield,DangJo00,FS,PIT,"$645,000.00"
,Morgan Fox,FoxxMo00,DL,LAR,"$645,000.00"
,Joseph Jones,JoneJo05,OLB,DEN,"$645,000.00"
,Corn Elder,EldeCo00,CB,CAR,"$645,000.00"
,Cooper Rush,RushCo00,QB,DAL,"$645,000.00"
,Elijah Lee,LeexEl00,OLB,SFO,"$645,000.00"
,Mack Hollins,HollMa00,WR,2TM,"$645,000.00"
,Adam Pankey,PankAd00,OG,MIA,"$645,000.00"
,Harrison Butker,ButkHa00,K,KAN,"$645,000.00"
,Maurice Smith,SmitMa04,FS,WAS,"$645,000.00"
,Lucas Patrick,PatrLu00,G,GNB,"$645,000.00"
,Jeremy Sprinkle,SpriJe00,TE,WAS,"$645,000.00"
,Jaleel Johnson,JohnJa09,DT,MIN,"$645,000.00"
,Chris Carson,CarsCh00,RB,SEA,"$645,000.00"
,Carroll Phillips,PhilCa00,OLB,WAS,"$645,000.00"
,Zach Wood,WoodZa00,DE,NOR,"$645,000.00"
,Patrick Mahomes,MahoPa00,QB,KAN,"$645,000.00"
,Jerome Cunningham,CunnJe00,TE,WAS,"$645,000.00"
,Roy Robertson-Harris,RobeRo00,LB,CHI,"$645,000.00"
,Danny Isidora,IsidDa00,OG,MIA,"$645,000.00"
,Elijah Wilkinson,WilkEl00,OT,DEN,"$645,000.00"
,Tanner Vallejo,VallTa00,ILB,2TM,"$645,000.00"
,Chuck Clark,ClarCh00,FS,BAL,"$645,000.00"
,Brian Hill,HillBr02,RB,ATL,"$645,000.00"
,Corey Davis,DaviCo03,WR,TEN,"$645,000.00"
,Matt Haack,HaacMa00,P,MIA,"$645,000.00"
,Jake Elliott,ElliJa03,K,PHI,"$645,000.00"
,Michael Davis,DaviMi03,,LAC,"$645,000.00"
,Marvin Hall,HallMa02,WR,DET,"$645,000.00"
,Anthony Walker,WalkAn01,LB,IND,"$645,000.00"
,Justin Hardee,HardJu01,WR,NOR,"$645,000.00"
,Donte Deayon,DeayDo01,DB,LAR,"$645,000.00"
,Kendrick Bourne,BourKe00,WR,SFO,"$645,000.00"
,Jalen Reeves-Maybin,ReevJa00,OLB,DET,"$645,000.00"
,Solomon Thomas,ThomSo00,DE,SFO,"$645,000.00"
,Josh Reynolds,ReynJo00,WR,LAR,"$645,000.00"
,Jeremy McNichols,McNiJe00,RB,JAX,"$645,000.00"
,Shalom Luani,LuanSh00,SS,LAC,"$645,000.00"
,Bryan Cox Jr.,CoxxBr01,DE,2TM,"$645,000.00"
,Caleb Brantley,BranCa00,DT,WAS,"$645,000.00"
,Jerell Adams,AdamJe01,TE,HOU,"$645,000.00"
,Zane Gonzalez,GonzZa00,K,ARI,"$645,000.00"
,Greg Mabin,MabiGr00,CB,CIN,"$645,000.00"
,Xavier Woods,WoodXa00,SS,DAL,"$645,000.00"
,Matt Milano,MilaMa00,OLB,BUF,"$645,000.00"
,Sean Culkin,CulkSe00,TE,LAC,"$645,000.00"
,De'Vante Bausby,BausDe00,DB,DEN,"$645,000.00"
,Samson Ebukam,EbukSa00,OLB,LAR,"$645,000.00"
,Dean Marlowe,MarlDe00,S,BUF,"$645,000.00"
,Branden Jackson,JackBr04,DE,SEA,"$645,000.00"
,Austin Ekeler,EkelAu00,RB,LAC,"$645,000.00"
,Matt Skura,SkurMa01,C,BAL,"$645,000.00"
,Taysom Hill,HillTa00,QB,NOR,"$645,000.00"
,Keelan Cole,ColeKe00,WR,JAX,"$645,000.00"
,Stephen Anderson,AndeSt01,TE,LAC,"$645,000.00"
,Daeshon Hall,HallDa01,DE,PHI,"$645,000.00"
,Justin McCray,McCrJu00,G,CLE,"$645,000.00"
,Charles Washington,WashCh01,DB,ARI,"$645,000.00"
,Donald Payne,PaynDo00,LB,JAX,"$645,000.00"
,J.D. McKissic,McKiJ.00,WR,DET,"$645,000.00"
,Davon Godchaux,GodcDa00,DT,MIA,"$645,000.00"
,Rashaad Coward,CowaRa00,DT,CHI,"$645,000.00"
,Jamal Adams,AdamJa00,SS,NYJ,"$645,000.00"
,Hardy Nickerson,NickHa02,ILB,CIN,"$645,000.00"
,Ross Travis,TravRo00,TE,IND,"$645,000.00"
,Dede Westbrook,WestDe00,WR,JAX,"$645,000.00"
,Erik Magnuson,MagnEr00,OT,OAK,"$645,000.00"
,Aaron Jones,JoneAa00,RB,GNB,"$645,000.00"
,Jermaine Whitehead,WhitJe02,DB,CLE,"$645,000.00"
,Treyvon Hester,HestTr00,DT,WAS,"$645,000.00"
,Matt Wile,WileMa01,P,ATL,"$645,000.00"
,Carl Lawson,LawsCa00,DE,CIN,"$645,000.00"
,Corey Clement,ClemCo00,RB,PHI,"$645,000.00"
,Vincent Taylor,TaylVi00,DT,BUF,"$645,000.00"
,Jacob Hollister,HollJa03,TE,SEA,"$645,000.00"
,Al-Quadin Muhammad,MuhaAl00,DE,IND,"$645,000.00"
,Brandon Wilson,WilsBr01,CB,CIN,"$645,000.00"
,Antony Auclair,AuclAn00,TE,TAM,"$645,000.00"
,Josh Harvey-Clemons,HarvJo01,SS,WAS,"$645,000.00"
,Montae Nicholson,NichMo00,SS,WAS,"$645,000.00"
,Jaydon Mickens,MickJa01,WR,TAM,"$645,000.00"
,Thomas Hennessy,HennTh00,LS,NYJ,"$645,000.00"
,Isaiah Irving,IrviIs00,OLB,CHI,"$645,000.00"
,Ryan Switzer,SwitRy00,WR,PIT,"$645,000.00"
,Chase Roullier,RoulCh00,C,WAS,"$645,000.00"
,Kenny Moore,MoorKe03,CB,IND,"$645,000.00"
,Jamaal Williams,WillJa06,RB,GNB,"$645,000.00"
,Jesse Davis,DaviJe00,T,MIA,"$645,000.00"
,Dylan Cole,ColeDy00,LB,HOU,"$645,000.00"
,Tanzel Smart,SmarTa00,DT,LAR,"$645,000.00"
,Jon Halapio,HalaJo00,OG,NYG,"$645,000.00"
,Wayne Gallman,GallWa00,RB,NYG,"$645,000.00"
,Rigoberto Sanchez,SancRi00,P,IND,"$645,000.00"
,Cody Hollister,HollCo00,WR,TEN,"$645,000.00"
,Tyler Ott,OttxTy00,LS,SEA,"$645,000.00"
,Jordan Evans,EvanJo01,ILB,CIN,"$645,000.00"
,Damontae Kazee,KazeDa00,CB,ATL,"$645,000.00"
,Rayshawn Jenkins,JenkRa00,FS,LAC,"$645,000.00"
,Jojo Natson,NatsJo00,WR,LAR,"$645,000.00"
,Matt Feiler,FeilMa00,T,PIT,"$645,000.00"
,Ricky Seals-Jones,SealRi00,WR,CLE,"$645,000.00"
,Patrick Ricard,RicaPa00,DE,BAL,"$645,000.00"
,Torry McTyer,McTyTo00,CB,CIN,"$645,000.00"
,Matt Breida,BreiMa00,RB,SFO,"$645,000.00"
,Marlon Mack,MackMa00,RB,IND,"$645,000.00"
,Mitchell Trubisky,TrubMi00,QB,CHI,"$645,000.00"
,Grover Stewart,StewGr00,DT,IND,"$645,000.00"
,Kenny Ladler,LadlKe00,FS,WAS,"$645,000.00"
,Brandon Allen,AlleBr00,QB,DEN,"$645,000.00"
,Jayon Brown,BrowJa06,ILB,TEN,"$645,000.00"
,David Moore,MoorDa03,WR,SEA,"$645,000.00"
,Adrian Colbert,ColbAd00,SS,MIA,"$645,000.00"
,Nate Hairston,HairNa00,CB,NYJ,"$645,000.00"
,Nicholas Morrow,MorrNi00,LB,OAK,"$645,000.00"
,Jermaine Eluemunor,ElueJe00,OG,NWE,"$645,000.00"
,Aviante Collins,CollAv00,OG,MIN,"$645,000.00"
,James Burgess,BurgJa01,LB,NYJ,"$645,000.00"
,C.J. Ham,HamxC.00,RB,MIN,"$645,000.00"
,Bronson Kaufusi,KaufBr01,DE,NYJ,"$645,000.00"
,Juston Burris,BurrJu00,CB,CLE,"$645,000.00"
,Devante Bond,BondDe00,OLB,2TM,"$645,000.00"
,Eric Saubert,SaubEr00,TE,CHI,"$645,000.00"
,Johnny Holton,HoltJo00,WR,PIT,"$645,000.00"
,Nathan Gerry,GerrNa00,SS,PHI,"$645,000.00"
,Bobo Wilson,WilsJe00,WR,TAM,"$645,000.00"
,Isaiah McKenzie,McKeIs00,WR,BUF,"$645,000.00"
,Carlos Watkins,WatkCa00,DT,HOU,"$645,000.00"
,Elijhaa Penny,PennEl00,RB,NYG,"$645,000.00"
,Josh Ferguson,FergJo02,RB,WAS,"$645,000.00"
,Deatrich Wise Jr.,WiseDe00,DE,NWE,"$645,000.00"
,David Sharpe,SharDa02,OT,OAK,"$645,000.00"
,Kareem Hunt,HuntKa00,RB,CLE,"$645,000.00"
,DeAndrew White,WhitDe01,WR,CAR,"$645,000.00"
,D.J. Foster,FostD.01,RB,ARI,"$645,000.00"
,Trey Edmunds,EdmuTr00,RB,PIT,"$645,000.00"
,Darrell Daniels,DaniDa02,TE,ARI,"$645,000.00"
,Julie'n Davenport,DaveJu00,OT,MIA,"$645,000.00"
,Alex Ellis,ElliAl01,TE,PHI,"$645,000.00"
,Arthur Maulet,MaulAr00,CB,NYJ,"$645,000.00"
,Tarik Cohen,CoheTa00,RB,CHI,"$645,000.00"
,Mike Hilton,HiltMi01,CB,PIT,"$645,000.00"
,Mike Purcell,PurcMi00,DT,DEN,"$645,000.00"
,Marquel Lee,LeexMa01,ILB,OAK,"$645,000.00"
,Trevon Coley,ColeTr01,DL,IND,"$645,000.00"
,Devin Smith,SmitDe04,WR,DAL,"$645,000.00"
,Colin Holba,HolbCo00,LS,2TM,"$645,000.00"
,Eli Ankou,AnkoEl00,DT,CLE,"$645,000.00"
,Joe Walker,WalkJo01,ILB,ARI,"$645,000.00"
,Blake Jarwin,JarwBl00,TE,DAL,"$645,000.00"
,Conor McDermott,McDeCo00,OT,NYJ,"$645,000.00"
,T.J. Logan,LogaT.00,RB,TAM,"$645,000.00"
,Ryan Glasgow,GlasRy00,DT,CIN,"$645,000.00"
,Desmond King,KingDe01,FS,LAC,"$645,000.00"
,Joshua Perkins,PerkJo02,TE,PHI,"$645,000.00"
,Tony McRae,McRaTo00,CB,CIN,"$645,000.00"
,Austin Carr,CarrAu00,WR,NOR,"$645,000.00"
,Joey Hunt,HuntJo00,C,SEA,"$645,000.00"
,D.J. White,WhitD.00,CB,ATL,"$645,000.00"
,Josh Tupou,TupoJo00,DT,CIN,"$645,000.00"
,D.J. Jones,JoneD.01,DT,SFO,"$645,000.00"
,Isaac Rochell,RochIs00,DE,LAC,"$645,000.00"
,Troymaine Pope,PopeTr00,RB,LAC,"$645,000.00"
,Eddie Jackson,JackEd01,SS,CHI,"$645,000.00"
,Aldrick Rosas,RosaAl00,K,NYG,"$645,000.00"
,Vince Biegel,BiegVi00,OLB,MIA,"$645,000.00"
,Sam Tevi,TeviSa00,OT,LAC,"$645,000.00"
,Alex Armah,ArmaAl00,FB,CAR,"$645,000.00"
,Kalif Raymond,RaymKa00,WR,TEN,"$645,000.00"
,Ben Gedeon,GedeBe00,ILB,MIN,"$645,000.00"
,Adam Butler,ButlAd00,DT,NWE,"$645,000.00"
,Eric Wilson,WilsEr00,ILB,MIN,"$645,000.00"
,Mason Schreck,SchrMa00,TE,CIN,"$645,000.00"
,Kyle Peko,PekoKy00,DT,2TM,"$645,000.00"
,Tedric Thompson,ThomTe00,SS,SEA,"$645,000.00"
1303,Sam Hubbard,HubbSa00,DE,CIN,"$640,000.00"
1304,Rasheem Green,GreeRa01,DT,SEA,"$639,000.00"
1305,Malik Jefferson,JeffMa00,OLB,CLE,"$635,000.00"
1306,Martinas Rankin,RankMa00,OT,KAN,"$634,000.00"
1307,Michael Gallup,GallMi00,WR,DAL,"$629,000.00"
1308,Tracy Walker,WalkTr01,S,DET,"$628,000.00"
1309,Orlando Brown Jr.,BrowOr00,OT,BAL,"$627,000.00"
1310,Joseph Noteboom,NoteJo00,OT,LAR,"$626,626.00"
1311,Mark Andrews,AndrMa00,TE,BAL,"$624,500.00"
1312,Arden Key,KeyxAr00,DE,OAK,"$624,250.00"
1313,Deadrin Senat,SenaDe00,DT,ATL,"$622,000.00"
1314,Justin Jones,JoneJu03,DT,LAC,"$621,481.00"
1315,Chukwuma Okorafor,OkorCh00,OT,PIT,"$620,000.00"
1316,Ronnie Harrison,HarrRo02,SS,JAX,"$617,500.00"
1317,Tre'Quan Smith,SmitTr03,WR,NOR,"$616,500.00"
1318,Alex Cappa,CappAl00,OT,TAM,"$615,000.00"
1319,Oren Burks,BurkOr00,ILB,GNB,"$606,500.00"
1320,Tarvarius Moore,MoorTa00,S,SFO,"$603,000.00"
1321,Kyle Nelson,NelsKy00,TE,SFO,"$601,765.00"
1322,Derrick Nnadi,NnadDe00,DT,KAN,"$601,500.00"
1323,Jordan Akins,AkinJo00,TE,HOU,"$600,000.00"
1324,Rashaan Gaulden,GaulRa00,CB,2TM,"$595,250.00"
1325,Dorian O'Daniel,ODanDo00,OLB,KAN,"$584,000.00"
1326,Sharif Finch,FincSh00,LB,TEN,"$570,000.00"
,Matthew Adams,AdamMa00,LB,IND,"$570,000.00"
,Keion Crossen,CrosKe00,CB,HOU,"$570,000.00"
,Tra Carson,CarsTr01,HB,2TM,"$570,000.00"
,Maurice Hurst Jr.,HursMa00,DT,OAK,"$570,000.00"
,Darius Phillips,PhilDa02,CB,CIN,"$570,000.00"
,Korey Cunningham,CunnKo00,OT,NWE,"$570,000.00"
,Ifeadi Odenigbo,OdenIf00,DE,MIN,"$570,000.00"
,Chase Edmonds,EdmoCh00,RB,ARI,"$570,000.00"
,Bradley Chubb,ChubBr00,DE,DEN,"$570,000.00"
,B.J. Bello,BellB.00,LB,NYJ,"$570,000.00"
,Josh Allen,AlleJo02,QB,BUF,"$570,000.00"
,Isaac Yiadom,YiadIs00,CB,DEN,"$570,000.00"
,Jordan Wilkins,WilkJo01,RB,IND,"$570,000.00"
,Jeremiah Valoaga,ValoJe00,DE,SFO,"$570,000.00"
,Josh Sweat,SweaJo00,DE,PHI,"$570,000.00"
,Jordan Roos,RoosJo00,OG,SEA,"$570,000.00"
,Brandon Zylstra,ZylsBr00,WR,CAR,"$570,000.00"
,Russell Gage,GageRu00,WR,ATL,"$570,000.00"
,Dee Virgin,VirgDe00,CB,DET,"$570,000.00"
,Mason Cole,ColeMa02,C,ARI,"$570,000.00"
,Jullian Taylor,TaylJu00,DT,SFO,"$570,000.00"
,Ricky Ortiz,OrtiRi00,FB,NOR,"$570,000.00"
,Wyatt Teller,TellWy00,OG,CLE,"$570,000.00"
,Joshua Kalu,KaluJo00,CB,TEN,"$570,000.00"
,Deontay Burnett,BurnDe00,WR,PHI,"$570,000.00"
,Corey Bojorquez,BojoCo00,P,BUF,"$570,000.00"
,Damion Ratley,RatlDa00,WR,CLE,"$570,000.00"
,Tyler Conklin,ConkTy00,TE,MIN,"$570,000.00"
,Dan Arnold,ArnoDa00,WR,2TM,"$570,000.00"
,Reggie Gilbert,GilbRe01,LB,TEN,"$570,000.00"
,Mike McGlinchey,McGlMi00,OT,SFO,"$570,000.00"
,Logan Cooke,CookLo00,P,JAX,"$570,000.00"
,Jordan Thomas,ThomJo05,TE,HOU,"$570,000.00"
,Vyncint Smith,SmitVy00,WR,NYJ,"$570,000.00"
,Siran Neal,NealSi00,CB,BUF,"$570,000.00"
,Tavierre Thomas,ThomTa01,DB,CLE,"$570,000.00"
,Ben Braden,BradBe00,OG,NYJ,"$570,000.00"
,JK Scott,ScotJK00,P,GNB,"$570,000.00"
,Tanner Hudson,HudsTa00,TE,TAM,"$570,000.00"
,Taybor Pepper,PeppTa00,LS,MIA,"$570,000.00"
,Quenton Nelson,NelsQu00,OG,IND,"$570,000.00"
,Kevin Toliver,ToliKe00,DB,CHI,"$570,000.00"
,Keith Kirkwood,KirkKe00,WR,NOR,"$570,000.00"
,Daniel Carlson,CarlDa00,K,OAK,"$570,000.00"
,Tim Settle,SettTi00,DT,WAS,"$570,000.00"
,Josh Adams,AdamJo03,RB,NYJ,"$570,000.00"
,Ben Niemann,NiemBe00,LB,KAN,"$570,000.00"
,Devante Downs,DownDe00,LB,2TM,"$570,000.00"
,Marcus Johnson,JohnMa07,WR,IND,"$570,000.00"
,Aaron Stinnie,StinAa00,G,2TM,"$570,000.00"
,Poona Ford,FordPo00,DT,SEA,"$570,000.00"
,Andrew Wylie,WyliAn00,T,KAN,"$570,000.00"
,Kyzir White,WhitKy00,S,LAC,"$570,000.00"
,Zeke Turner,TurnZe00,S,ARI,"$570,000.00"
,Zach Sieler,SielZa00,DE,2TM,"$570,000.00"
,Chad Beebe,BeebCh00,WR,MIN,"$570,000.00"
,Shaquem Griffin,GrifSh01,OLB,SEA,"$570,000.00"
,A.J. Moore,MoorA.00,DB,HOU,"$570,000.00"
,Darrel Williams,WillDa10,RB,KAN,"$570,000.00"
,Matt Pryor,PryoMa00,OT,PHI,"$570,000.00"
,Leon Jacobs,JacoLe00,OLB,JAX,"$570,000.00"
,KhaDarel Hodge,HodgKh00,WR,CLE,"$570,000.00"
,Dennis Gardeck,GardDe01,LB,ARI,"$570,000.00"
,Ito Smith,SmitIt00,RB,ATL,"$570,000.00"
,Ike Boettger,BoetIk00,G,BUF,"$570,000.00"
,Nick Mullens,MullNi00,QB,SFO,"$570,000.00"
,Charvarius Ward,WardCh01,DB,KAN,"$570,000.00"
,Breon Borders,BordBr00,CB,2TM,"$570,000.00"
,Will Redmond,RedmWi00,CB,GNB,"$570,000.00"
,Zach Pascal,PascZa00,WR,IND,"$570,000.00"
,Garrett Gilbert,GilbGa01,QB,CLE,"$570,000.00"
,Ryan Neal,NealRy00,DB,SEA,"$570,000.00"
,Steve Longa,LongSt00,OLB,DET,"$570,000.00"
,Danny Johnson,JohnDa09,CB,WAS,"$570,000.00"
,Bradley Bozeman,BozeBr00,C,BAL,"$570,000.00"
,Nick Nelson,NelsNi00,CB,OAK,"$570,000.00"
,Kalen Ballage,BallKa00,RB,MIA,"$570,000.00"
,Parry Nickerson,NickPa00,CB,JAX,"$570,000.00"
,Bruce Hector,HectBr00,DT,PHI,"$570,000.00"
,Olasunkanmi Adeniyi,AdenOl00,DE,PIT,"$570,000.00"
,Brett Maher,MaheBr01,K,DAL,"$570,000.00"
,Pete Robertson,RobePe01,LB,ARI,"$570,000.00"
,Pat O'Connor,OConPa00,DE,TAM,"$570,000.00"
,Mike Ford,FordMi01,CB,DET,"$570,000.00"
,Jordan Whitehead,WhitJo03,SS,TAM,"$570,000.00"
,Fadol Brown,BrowFa00,DE,GNB,"$570,000.00"
,Trent Sieg,SiegTr00,LS,OAK,"$570,000.00"
,Raven Greene,GreeRa02,S,GNB,"$570,000.00"
,Deon Yelder,YeldDe00,TE,KAN,"$570,000.00"
,Gus Edwards,EdwaGu00,RB,BAL,"$570,000.00"
,Trevor Daniel,DaniTr00,P,HOU,"$570,000.00"
,Marquez Valdes-Scantling,ValdMa00,WR,GNB,"$570,000.00"
,Will Clapp,ClapWi00,C,NOR,"$570,000.00"
,Justin Zimmer,ZimmJu00,DT,CLE,"$570,000.00"
,Darious Williams,WillDa09,CB,LAR,"$570,000.00"
,Justin Jackson,JackJu01,RB,LAC,"$570,000.00"
,Greg Joseph,JoseGr00,K,TEN,"$570,000.00"
,Trey Quinn,QuinTr00,WR,WAS,"$570,000.00"
,Peter Kalambayi,KalaPe00,LB,HOU,"$570,000.00"
,Richie James,JameRi00,WR,SFO,"$570,000.00"
,Jason Sanders,SandJa00,K,MIA,"$570,000.00"
,Troy Apke,ApkeTr00,S,WAS,"$570,000.00"
,Alex Light,LighAl00,T,GNB,"$570,000.00"
,Corey Thompson,ThomCo02,LB,BUF,"$570,000.00"
,Mike Boone,BoonMi00,RB,MIN,"$570,000.00"
,Justin Murray,MurrJu00,T,ARI,"$570,000.00"
,Luke Falk,FalkLu00,QB,NYJ,"$570,000.00"
,Jason Cabinda,CabiJa00,ILB,DET,"$570,000.00"
,Tremon Smith,SmitTr04,,2TM,"$570,000.00"
,Demone Harris,HarrDe06,DE,2TM,"$570,000.00"
,Gehrig Dieter,DietGe00,WR,KAN,"$570,000.00"
,Tim Boyle,BoylTi00,QB,GNB,"$570,000.00"
,Da'Mari Scott,ScotDa02,WR,NYG,"$570,000.00"
,Will Dissly,DissWi00,TE,SEA,"$570,000.00"
,Matt Gono,GonoMa00,T,ATL,"$570,000.00"
,Kylie Fitts,FittKy00,DE,ARI,"$570,000.00"
,Jamil Douglas,DougJa00,OG,TEN,"$570,000.00"
,Tre Flowers,FlowTr01,SS,SEA,"$570,000.00"
,Doug Middleton,MiddDo01,S,2TM,"$570,000.00"
,Dane Cruikshank,CruiDa00,CB,TEN,"$570,000.00"
,Efe Obada,ObadEf00,LB,CAR,"$570,000.00"
,Isaiah Ford,FordIs00,WR,MIA,"$570,000.00"
,Malik Turner,TurnMa00,WR,SEA,"$570,000.00"
,Chris Jones,JoneCh06,CB,ARI,"$570,000.00"
,Evan Brown,BrowEv00,C,2TM,"$570,000.00"
,Harvey Langi,LangHa00,ILB,NYJ,"$570,000.00"
,Skai Moore,MoorSk00,OLB,IND,"$570,000.00"
,Baker Mayfield,MayfBa00,QB,CLE,"$570,000.00"
,Andre Smith,SmitAn04,ILB,CAR,"$570,000.00"
,Grant Haley,HaleGr00,CB,NYG,"$570,000.00"
,Ray-Ray McCloud,McClRa00,WR,CAR,"$570,000.00"
,Natrell Jamerson,JameNa00,FS,CAR,"$570,000.00"
,Levi Wallace,WallLe00,CB,BUF,"$570,000.00"
,Ian Thomas,ThomIa00,TE,CAR,"$570,000.00"
,Cassanova McKinzy,McKiCa01,LB,WAS,"$570,000.00"
,Michael Dickson,DickMi00,P,SEA,"$570,000.00"
,Cameron Johnston,JohnCa02,P,PHI,"$570,000.00"
,Boston Scott,ScotBo02,RB,PHI,"$570,000.00"
,Michael Badgley,BadgMi00,K,LAC,"$570,000.00"
,Nigel Harris,HarrNi00,OLB,TEN,"$570,000.00"
,Trenton Cannon,CannTr00,RB,NYJ,"$570,000.00"
,Frankie Luvu,LuvuFr00,LB,NYJ,"$570,000.00"
,James Crawford,CrawJa01,LB,MIA,"$570,000.00"
,Taylor Stallworth,StalTa00,DT,NOR,"$570,000.00"
,Avonte Maddox,MaddAv00,CB,PHI,"$570,000.00"
,Jermaine Carter Jr.,CartJe00,LB,CAR,"$570,000.00"
,De'Lance Turner,TurnDe01,RB,MIA,"$570,000.00"
,Brian Allen,AlleBr02,C,LAR,"$570,000.00"
,Robert Foster,FostRo01,WR,BUF,"$570,000.00"
,Jack Cichy,CichJa00,ILB,TAM,"$570,000.00"
,Marcus Allen,AlleMa03,S,PIT,"$570,000.00"
,Ogbonnia Okoronkwo,OkorOg00,DE,LAR,"$570,000.00"
,Tony Brown,BrowTo01,CB,GNB,"$570,000.00"
,Nyheim Hines,HineNy00,RB,IND,"$570,000.00"
,Scott Quessenberry,QuesSc00,C,LAC,"$570,000.00"
,Tae Davis,DaviTa00,LB,2TM,"$570,000.00"
,Eric Smith,SmitEr00,OG,NYG,"$570,000.00"
,Chris Board,BoarCh00,LB,BAL,"$570,000.00"
,Da'Shawn Hand,HandDa00,DE,DET,"$570,000.00"
,Ryan Lewis,LewiRy01,DB,3TM,"$570,000.00"
,Deante Burton,BurtDe00,WR,DAL,"$570,000.00"
,Dorance Armstrong Jr.,ArmsDo00,DE,DAL,"$570,000.00"
,Jamil Demby,DembJa00,OT,LAR,"$570,000.00"
,John Kelly,KellJo00,RB,LAR,"$570,000.00"
,Jeff Wilson,WilsJe01,RB,SFO,"$570,000.00"
,Matt Dickerson,DickMa00,DE,TEN,"$570,000.00"
,Marcell Harris,HarrMa03,S,SFO,"$570,000.00"
,Shaun Dion Hamilton,DionSh00,LB,WAS,"$570,000.00"
,Bilal Nichols,NichBi00,DT,CHI,"$570,000.00"
,Anthony Firkser,FirkAn00,TE,TEN,"$570,000.00"
,Robert Tonyan,TonyRo00,TE,GNB,"$570,000.00"
,Tyrell Crosby,CrosTy00,OT,DET,"$570,000.00"
,Jake Kumerow,KumeJa00,WR,GNB,"$570,000.00"
,Jamal Carter,CartJa02,S,ATL,"$570,000.00"
,Trent Sherfield,SherTr00,WR,ARI,"$570,000.00"
,J.T. Gray,GrayJ.00,DB,NOR,"$570,000.00"
,George Odum,OdumGe00,S,IND,"$570,000.00"
,Jacob Martin,MartJa02,LB,HOU,"$570,000.00"
,Devaroe Lawrence,LawrDe02,DL,CLE,"$570,000.00"
,J.C. Jackson,JackJ.00,DB,NWE,"$570,000.00"
,DeShon Elliott,ElliDe02,SS,BAL,"$570,000.00"
,Jalen Davis,DaviJa06,CB,ARI,"$570,000.00"
,Auden Tate,TateAu00,WR,CIN,"$570,000.00"
,Jaylen Samuels,SamuJa00,RB,PIT,"$570,000.00"
,Ahmad Thomas,ThomAh00,FS,ATL,"$570,000.00"
,Cornell Armstrong,ArmsCo00,CB,HOU,"$570,000.00"
,Sean Harlow,HarlSe00,OG,ATL,"$570,000.00"
,Brandon Facyson,FacyBr00,CB,LAC,"$570,000.00"
,Dee Delaney,DelaDe00,CB,WAS,"$570,000.00"
,D.J. Reed,ReedD.00,CB,SFO,"$570,000.00"
,Davontae Harris,HarrDa05,CB,DEN,"$570,000.00"
,Garrett Dickerson,DickGa00,TE,NYG,"$570,000.00"
,Antonio Callaway,CallAn00,WR,CLE,"$570,000.00"
,Durham Smythe,SmytDu00,TE,MIA,"$570,000.00"
,Alexander Johnson,JohnAl01,LB,DEN,"$570,000.00"
,Javon Wims,WimsJa00,WR,CHI,"$570,000.00"
,Chris Covington,CoviCh01,LB,DAL,"$570,000.00"
,Hunter Bradley,BradHu00,LS,GNB,"$570,000.00"
,Trenton Scott,ScotTr01,T,LAC,"$570,000.00"
,River Cracraft,CracRi00,WR,DEN,"$570,000.00"
,Marquis Haynes,HaynMa01,OLB,CAR,"$570,000.00"
,Kevin Peterson,PeteKe01,CB,ARI,"$570,000.00"
,Antwaun Woods,WoodAn02,NT,DAL,"$570,000.00"
,DeAndre Carter,CartDe02,WR,HOU,"$570,000.00"
,Taron Johnson,JohnTa01,CB,BUF,"$570,000.00"
,Jermaine Grace,GracJe00,LB,ATL,"$570,000.00"
,Sean Chandler,ChanSe00,FS,NYG,"$570,000.00"
,Greg Stroman,StroGr00,CB,WAS,"$570,000.00"
,Tre Herndon,HernTr00,CB,JAX,"$570,000.00"
,Tyler Lancaster,LancTy00,DL,GNB,"$570,000.00"
,Joel Iyiegbuniwe,IyieJo00,LB,CHI,"$570,000.00"
,Zaire Franklin,FranZa00,LB,IND,"$570,000.00"
,Jason Vander Laan,VandJa00,TE,NOR,"$570,000.00"
,Pharaoh Brown,BrowPh01,TE,CLE,"$570,000.00"
,Josh Rosen,RoseJo01,QB,MIA,"$570,000.00"
,Kaare Vedvik,VedvKa00,P,NYJ,"$570,000.00"
,Keishawn Bierria,BierKe00,ILB,2TM,"$570,000.00"
,Robert Davis,DaviRo00,WR,2TM,"$570,000.00"
,Colby Wadman,WadmCo00,P,DEN,"$570,000.00"
,Sebastian Joseph,JoseSe00,DT,LAR,"$570,000.00"
,Avery Moss,MossAv00,DE,MIA,"$570,000.00"
,Dalyn Dawkins,DawkDa01,RB,TEN,"$570,000.00"
,Calvin Munson,MunsCa00,OLB,MIA,"$570,000.00"
,Tim Patrick,PatrTi00,WR,DEN,"$570,000.00"
,Folorunso Fatukasi,FatuFo00,DT,NYJ,"$570,000.00"
,R.J. McIntosh,McInR.00,DT,NYG,"$570,000.00"
,Austin Calitro,CaliAu00,LB,JAX,"$570,000.00"
,Josey Jewell,JeweJo00,ILB,DEN,"$570,000.00"
,Dalton Schultz,SchuDa00,TE,DAL,"$570,000.00"
,Buddy Howell,HoweGr00,RB,HOU,"$570,000.00"
,Genard Avery,AverGe00,LB,2TM,"$570,000.00"
,Armani Watts,WattAr00,FS,KAN,"$570,000.00"
,Will Richardson,RichWi01,OT,JAX,"$570,000.00"
,Cethan Carter,CartCe00,TE,CIN,"$570,000.00"
,Roderick Johnson,JohnRo06,OT,HOU,"$570,000.00"
,Harrison Phillips,PhilHa00,DT,BUF,"$570,000.00"
,Ross Dwelley,DwelRo00,TE,SFO,"$570,000.00"
,Chris Herndon,HernCh00,TE,NYJ,"$570,000.00"
,Mo Alie-Cox,AlieMo00,TE,IND,"$570,000.00"
,Chris Odom,OdomCh00,DE,WAS,"$570,000.00"
,Trey Marshall,MarsTr00,S,DEN,"$570,000.00"
,Chandon Sullivan,SullCh00,CB,GNB,"$570,000.00"
,Kenny Young,YounKe03,LB,2TM,"$570,000.00"
,Sam Darnold,DarnSa00,QB,NYJ,"$570,000.00"
,Ja'Whaun Bentley,BentJa00,ILB,NWE,"$570,000.00"
,Dontrell Hilliard,HillDo00,RB,CLE,"$570,000.00"
,Foyesade Oluokun,OluoFo00,S,ATL,"$570,000.00"
,Craig James,JameCr01,CB,PHI,"$570,000.00"
,DaeSean Hamilton,HamiDa01,WR,DEN,"$570,000.00"
,Jalyn Holmes,HolmJa01,DE,MIN,"$570,000.00"
,Johnny Mundt,MundJo00,TE,LAR,"$570,000.00"
,Phillip Lindsay,LindPh00,RB,DEN,"$570,000.00"
,Marcell Ateman,AtemMa00,WR,OAK,"$570,000.00"
,Mitchell Loewen,LoewMi00,DE,NOR,"$570,000.00"
,Anthony Averett,AverAn00,CB,BAL,"$570,000.00"
,Justin Watson,WatsJu01,WR,TAM,"$570,000.00"
,Keke Coutee,CoutKe00,WR,HOU,"$570,000.00"
1584,Jake Bailey,BailJa00,P,NWE,"$495,000.00"
,Michael Dogbe,DogbMi00,DL,ARI,"$495,000.00"
,Jaquan Johnson,JohnJa11,CB,BUF,"$495,000.00"
,Keisean Nixon,NixoKe00,CB,OAK,"$495,000.00"
,Brady Sheldon,ShelBr01,LB,CIN,"$495,000.00"
,Darrell Henderson,HendDa00,RB,LAR,"$495,000.00"
,Evan Baylis,BaylEv00,TE,GNB,"$495,000.00"
,Nate Herbig,HerbNa01,G,PHI,"$495,000.00"
,Ross Pierschbacher,PierRo00,OL,WAS,"$495,000.00"
,Rolan Milligan,MillRo03,S,IND,"$495,000.00"
,Shy Tuttle,TuttSh00,DL,NOR,"$495,000.00"
,Steven Mitchell,MitcSt02,WR,HOU,"$495,000.00"
,Miles Brown,BrowMi01,DT,ARI,"$495,000.00"
,Alex Singleton,SingAl00,LB,PHI,"$495,000.00"
,Zach Allen,AlleZa01,DL,ARI,"$495,000.00"
,Damion Willis,WillDa11,WR,CIN,"$495,000.00"
,James Vaughters,VaugJa01,LB,CHI,"$495,000.00"
,Justin Layne,LaynJu00,CB,PIT,"$495,000.00"
,Austin Bryant,BryaAu00,EDGE,DET,"$495,000.00"
,Donovan Olumba,OlumDo00,CB,DAL,"$495,000.00"
,Khari Willis,WillKh00,S,IND,"$495,000.00"
,Cole Mazza,MazzCo01,LS,LAC,"$495,000.00"
,Nate Davis,DaviNa01,OL,TEN,"$495,000.00"
,Andre James,JameAn01,T,OAK,"$495,000.00"
,Christian Blake,BlakCh00,WR,ATL,"$495,000.00"
,Drew Sample,SampDr00,TE,CIN,"$495,000.00"
,JJ Arcega-Whiteside,ArceJJ00,WR,PHI,"$495,000.00"
,Mecole Hardman,HardMe00,WR,KAN,"$495,000.00"
,Trayvon Mullen,MullTr00,CB,OAK,"$495,000.00"
,Rob McCray,McCrRo00,LB,CLE,"$495,000.00"
,Chris Lindstrom,LindCh00,OL,ATL,"$495,000.00"
,Darwin Thompson,ThomDa06,RB,KAN,"$495,000.00"
,Bo Scarbrough,ScarBo01,RB,DET,"$495,000.00"
,Noah Fant,FantNo00,TE,DEN,"$495,000.00"
,Donovan Wilson,WilsDo01,S,DAL,"$495,000.00"
,Tytus Howard,HowaTy00,,HOU,"$495,000.00"
,Rashad Fenton,FentRa00,CB,KAN,"$495,000.00"
,Terry McLaurin,McLaTe00,WR,WAS,"$495,000.00"
,Darryl Johnson,JohnDa10,DE,BUF,"$495,000.00"
,Mark Fields II,FielMa01,CB,MIN,"$495,000.00"
,Chase Winovich,WinoCh00,EDGE,NWE,"$495,000.00"
,Chandler Cox,CoxxCh01,RB,MIA,"$495,000.00"
,Nsimba Webster,WebsNs00,WR,LAR,"$495,000.00"
,Xavier Crawford,CrawXa00,CB,2TM,"$495,000.00"
,Linden Stephens,StepLi00,CB,MIA,"$495,000.00"
,Dalton Risner,RisnDa00,OL,DEN,"$495,000.00"
,Joshua Miles,MileJo00,OT,ARI,"$495,000.00"
,Blake Cashman,CashBl00,LB,NYJ,"$495,000.00"
,A.J. Brown,BrowAJ00,WR,TEN,"$495,000.00"
,Nick Bawden,BawdNi00,RB,DET,"$495,000.00"
,Hale Hentges,HentHa00,TE,WAS,"$495,000.00"
,Chris Lammons,LammCh00,DB,MIA,"$495,000.00"
,Fred Brown,BrowFr01,WR,DEN,"$495,000.00"
,Tony Pollard,PollTo00,RB,DAL,"$495,000.00"
,Dare Ogunbowale,OgunDa00,RB,TAM,"$495,000.00"
,Wes Martin,MartWe00,G,WAS,"$495,000.00"
,Marquise Brown,BrowMa04,WR,BAL,"$495,000.00"
,Steven Sims,SimsSt00,WR,WAS,"$495,000.00"
,Germaine Pratt,PratGe00,LB,CIN,"$495,000.00"
,Travis Fulgham,FulgTr00,WR,DET,"$495,000.00"
,Daniel Ekuale,EkuaDa00,DL,CLE,"$495,000.00"
,Daniel Brunskill,BrunDa00,OT,SFO,"$495,000.00"
,Trysten Hill,HillTr00,DL,DAL,"$495,000.00"
,Gunner Olszewski,OlszGu00,WR,NWE,"$495,000.00"
,Rico Gafford,GaffRi00,WR,OAK,"$495,000.00"
,Joejuan Williams,WillJo13,CB,NWE,"$495,000.00"
,Jawaan Taylor,TaylJa02,OL,JAX,"$495,000.00"
,Emmanuel Moseley,MoseEm00,CB,SFO,"$495,000.00"
,L.J. Collier,CollLJ00,DL,SEA,"$495,000.00"
,Marvell Tell III,TellMa00,S,IND,"$495,000.00"
,Brian Burns,BurnBr00,EDGE,CAR,"$495,000.00"
,Miles Sanders,SandMi01,RB,PHI,"$495,000.00"
,Taylor Rapp,RappTa00,S,LAR,"$495,000.00"
,Matt Gay,GayxMa00,K,TAM,"$495,000.00"
,Trayveon Williams,WillTr06,RB,CIN,"$495,000.00"
,Kingsley Keke,KekeKi00,DL,GNB,"$495,000.00"
,Devin Bush Jr.,BushDe01,LB,PIT,"$495,000.00"
,Elgton Jenkins,JenkEl00,OL,GNB,"$495,000.00"
,Kyler Murray,MurrKy00,QB,ARI,"$495,000.00"
,Drew Lock,LockDr00,QB,DEN,"$495,000.00"
,Deon Cain,CainDe00,WR,2TM,"$495,000.00"
,Travin Howard,HowaTr00,OLB,LAR,"$495,000.00"
,Deonte Harris,HarrDe07,WR,NOR,"$495,000.00"
,Chris Peace,PeacCh00,DE,2TM,"$495,000.00"
,Parris Campbell,CampPa00,WR,IND,"$495,000.00"
,Jaleel Scott,ScotJa02,WR,BAL,"$495,000.00"
,Sam Ficken,FickSa00,K,NYJ,"$495,000.00"
,Andrew Wingard,WingAn01,S,JAX,"$495,000.00"
,Robert Spillane,SpilRo00,LB,PIT,"$495,000.00"
,Patrick Mekari,MekaPa00,G,BAL,"$495,000.00"
,Ken Webster,WebsKe00,CB,MIA,"$495,000.00"
,Lonnie Johnson,JohnLo01,CB,HOU,"$495,000.00"
,Kendall Sheffield,ShefKe00,CB,ATL,"$495,000.00"
,Jacob Tuioti-Mariner,TuioJa00,DT,ATL,"$495,000.00"
,Cortez Broughton,BrouCo00,DL,LAC,"$495,000.00"
,Alec Ingold,IngoAl01,FB,OAK,"$495,000.00"
,Carl Granderson,GranCa01,DE,NOR,"$495,000.00"
,Jordan Miller,MillJo05,CB,ATL,"$495,000.00"
,Dennis Daley,DaleDe00,OL,CAR,"$495,000.00"
,Quentin Poling,PoliQu00,LB,OAK,"$495,000.00"
,Gardner Minshew II,MinsGa00,QB,JAX,"$495,000.00"
,Christian Wilkins,WilkCh00,DL,MIA,"$495,000.00"
,Jamarco Jones,JoneJa08,OT,SEA,"$495,000.00"
,Alexander Mattison,MattAl01,RB,MIN,"$495,000.00"
,Sione Takitaki,TakiSi00,LB,CLE,"$495,000.00"
,Josh Jacobs,JacoJo01,RB,OAK,"$495,000.00"
,Marquise Blair,BlaiMa01,S,SEA,"$495,000.00"
,T.J. Hockenson,HockTJ00,TE,DET,"$495,000.00"
,Chauncey Gardner-Johnson,GardCh00,S,NOR,"$495,000.00"
,Roderic Teamer,TeamRo00,S,LAC,"$495,000.00"
,Justin Hollins,HollJu00,EDGE,DEN,"$495,000.00"
,Devine Ozigbo,OzigDe01,RB,JAX,"$495,000.00"
,Jamel Dean,DeanJa00,CB,TAM,"$495,000.00"
,Mark Walton,WaltMa00,RB,MIA,"$495,000.00"
,Ryquell Armstead,ArmsRy00,RB,JAX,"$495,000.00"
,Timon Parris,ParrTi00,T,WAS,"$495,000.00"
,Luke Gifford,GiffLu00,LB,DAL,"$495,000.00"
,Cedrick Wilson,WilsCe01,WR,DAL,"$495,000.00"
,Kaleb McGary,McGaKa00,OL,ATL,"$495,000.00"
,Jalen Thompson,ThomJa04,,ARI,"$495,000.00"
,Gary Jennings Jr,JennGa00,WR,MIA,"$495,000.00"
,Austin Schlottmann,SchlAu00,G,DEN,"$495,000.00"
,Blessuan Austin,AustBl00,CB,NYJ,"$495,000.00"
,Troy Reeder,ReedTr01,LB,LAR,"$495,000.00"
,Simeon Thomas,ThomSi00,CB,WAS,"$495,000.00"
,Darvin Kidsy,KidsDa00,WR,WAS,"$495,000.00"
,N'Keal Harry,HarrNK00,WR,NWE,"$495,000.00"
,Juwann Winfree,WinfJu00,WR,DEN,"$495,000.00"
,Jerry Tillery,TillJe00,DL,LAC,"$495,000.00"
,Fred Johnson,JohnFr01,G,CIN,"$495,000.00"
,Corey Ballentine,BallCo00,CB,NYG,"$495,000.00"
,Dwayne Haskins,HaskDw00,QB,WAS,"$495,000.00"
,Jarrett Stidham,StidJa00,QB,NWE,"$495,000.00"
,Patrick Laird,LairPa00,RB,MIA,"$495,000.00"
,Andy Isabella,IsabAn00,WR,ARI,"$495,000.00"
,Andrew Beck,BeckAn01,TE,DEN,"$495,000.00"
,Dakota Allen,AlleDa01,LB,2TM,"$495,000.00"
,David Edwards,EdwaDa01,OL,LAR,"$495,000.00"
,Dre'Mont Jones,JoneDr00,DL,DEN,"$495,000.00"
,Cam Sims,SimsCa00,WR,WAS,"$495,000.00"
,Bennett Jackson,JackBe00,CB,2TM,"$495,000.00"
,Nick Allegretti,AlleNi00,G,KAN,"$495,000.00"
,David Montgomery,MontDa01,RB,CHI,"$495,000.00"
,Joe Jackson,JackJo02,EDGE,DAL,"$495,000.00"
,Braxton Berrios,BerrBr00,WR,NYJ,"$495,000.00"
,Ugo Amadi,AmadUg00,S,SEA,"$495,000.00"
,Qadree Ollison,OlliQa00,RB,ATL,"$495,000.00"
,Jonathan Ledbetter,LedbJo01,DE,MIA,"$495,000.00"
,Jahlani Tavai,TavaJa00,LB,DET,"$495,000.00"
,Michael Jordan,JordMi01,OL,CIN,"$495,000.00"
,Isaiah Buggs,BuggIs00,DL,PIT,"$495,000.00"
,Jonathan Owens,OwenJo01,S,HOU,"$495,000.00"
,Nick Gates,GateNi00,OT,NYG,"$495,000.00"
,Amani Hooker,HookAm00,S,TEN,"$495,000.00"
,Kasey Redfern,RedfKa00,P,ATL,"$495,000.00"
,Kelvin Harmon,HarmKe00,WR,WAS,"$495,000.00"
,Codey McElroy,McElCo00,WR,TAM,"$495,000.00"
,Greg Little,LittGr01,OL,CAR,"$495,000.00"
,Malik Reed,ReedMa01,LB,DEN,"$495,000.00"
,Isaac Nauta,NautIs00,TE,DET,"$495,000.00"
,Mack Wilson,WilsMa03,LB,CLE,"$495,000.00"
,Benny Snell Jr.,SnelBe00,,PIT,"$495,000.00"
,Clelin Ferrell,FerrCl00,EDGE,OAK,"$495,000.00"
,Byron Cowart,CowaBy00,DL,NWE,"$495,000.00"
,Diontae Spencer,SpenDi00,WR,DEN,"$495,000.00"
,Austin Seibert,SeibAu00,K,CLE,"$495,000.00"
,Drue Tranquill,TranDr00,LB,LAC,"$495,000.00"
,Dawson Knox,KnoxDa00,TE,BUF,"$495,000.00"
,KeeSean Johnson,JohnKe07,WR,ARI,"$495,000.00"
,Ryan Hunter,HuntRy00,T,KAN,"$495,000.00"
,Riley Ridley,RidlRi00,WR,CHI,"$495,000.00"
,Nasir Adderley,AddeNa00,S,LAC,"$495,000.00"
,Trevon Wesco,WescTr00,TE,NYJ,"$495,000.00"
,Jordan Kunaszyk,KunaJo00,LB,CAR,"$495,000.00"
,Ty Johnson,JohnTy02,RB,DET,"$495,000.00"
,Darrius Shepherd,ShepDa00,WR,GNB,"$495,000.00"
,Jaeden Graham,GrahJa01,TE,ATL,"$495,000.00"
,Renell Wren,WrenRe00,DL,CIN,"$495,000.00"
,Frank Herron,HerrFr00,DL,DET,"$495,000.00"
,Rock Ya-Sin,Ya-SRo00,CB,IND,"$495,000.00"
,Chuma Edoga,EdogCh00,OL,NYJ,"$495,000.00"
,Kahzin Daniels,DaniKa00,LB,TAM,"$495,000.00"
,Jake Rodgers,RodgJa03,T,DEN,"$495,000.00"
,Bryan Mone,MoneBr00,DT,SEA,"$495,000.00"
,Andrew Van Ginkel,VanGAn00,LB,MIA,"$495,000.00"
,Dexter Lawrence,LawrDe03,DL,NYG,"$495,000.00"
,Isaiah Prince,PrinIs00,OL,MIA,"$495,000.00"
,Josh Oliver,OlivJo00,TE,JAX,"$495,000.00"
,Troy Fumagalli,FumaTr00,TE,DEN,"$495,000.00"
,Robert Jackson,JackRo00,CB,CLE,"$495,000.00"
,Patrick Morris,MorrPa00,C,DEN,"$495,000.00"
,Myles Gaskin,GaskMy00,RB,MIA,"$495,000.00"
,John Cominsky,ComiJo00,DE,ATL,"$495,000.00"
,Reggie Bonnafon,BonnRe00,RB,CAR,"$495,000.00"
,Khalen Saunders,SaunKh00,DT,KAN,"$495,000.00"
,Travis Homer,HomeTr00,RB,SEA,"$495,000.00"
,Steven Parker,ParkSt00,DB,MIA,"$495,000.00"
,Ryan Connelly,ConnRy00,LB,NYG,"$495,000.00"
,Max Scharping,SchaMa01,OT,HOU,"$495,000.00"
,Damien Harris,HarrDa06,RB,NWE,"$495,000.00"
,Jamie Gillan,GillJa00,P,CLE,"$495,000.00"
,David Long,LongDa04,LB,TEN,"$495,000.00"
,Miles Boykin,BoykMi00,WR,BAL,"$495,000.00"
,Mitch Wishnowsky,WishMi00,P,SFO,"$495,000.00"
,Brandon Knight,KnigBr01,T,DAL,"$495,000.00"
,Josh Woods,WoodJo02,LB,CHI,"$495,000.00"
,Duke Shelley,ShelDu00,CB,CHI,"$495,000.00"
,Trayvon Henderson,HendTr01,S,CIN,"$495,000.00"
,Kyle Phillips,PhilKy00,DL,NYJ,"$495,000.00"
,Cody Ford,FordCo00,OL,BUF,"$495,000.00"
,Devin White,WhitDe02,LB,TAM,"$495,000.00"
,Austin Cutting,CuttAu00,LS,MIN,"$495,000.00"
,Kevin Strong,StroKe00,DT,DET,"$495,000.00"
,Trey Pipkins,PipkTr00,OT,LAC,"$495,000.00"
,Oshane Ximines,XimiOs00,EDGE,NYG,"$495,000.00"
,Daniel Jones,JoneDa05,QB,NYG,"$495,000.00"
,Ryan Izzo,IzzoRy00,TE,NWE,"$495,000.00"
,Kyle Allen,AlleKy00,QB,CAR,"$495,000.00"
,Olamide Zaccheaus,ZaccOl01,WR,ATL,"$495,000.00"
,Samuel Eguavoen,EguaSa00,LB,MIA,"$495,000.00"
,Hercules Mata'afa,MataHe00,DE,MIN,"$495,000.00"
,Tommy Sweeney,SweeTo00,TE,BUF,"$495,000.00"
,Tuzar Skipper,SkipTu00,LB,NYG,"$495,000.00"
,Azeez Al-Shaair,AlShAz00,LB,SFO,"$495,000.00"
,Byron Pringle,PrinBy00,WR,KAN,"$495,000.00"
,Greedy Williams,WillGr00,CB,CLE,"$495,000.00"
,Dallin Leavitt,LeavDa00,S,OAK,"$495,000.00"
,David Quessenberry,QuesDa00,OT,TEN,"$495,000.00"
,Charles Omenihu,OmenCh00,DL,HOU,"$495,000.00"
,C.J. Board,BoarC.00,WR,JAX,"$495,000.00"
,Cole Holcomb,HolcCo00,LB,WAS,"$495,000.00"
,Bobby Evans,EvanBo00,OL,LAR,"$495,000.00"
,Quincy Williams,WillQu01,,JAX,"$495,000.00"
,Jeremy Reaves,ReavJe00,FS,WAS,"$495,000.00"
,Byron Murphy,MurpBy00,CB,ARI,"$495,000.00"
,Deionte Thompson,ThomDe06,S,ARI,"$495,000.00"
,John Atkins,AtkiJo01,DT,DET,"$495,000.00"
,Andre Patton,PattAn00,WR,LAC,"$495,000.00"
,Cullen Gillaspia,GillCu00,RB,HOU,"$495,000.00"
,David Long,LongDa02,CB,LAR,"$495,000.00"
,Julian Love,LoveJu00,CB,NYG,"$495,000.00"
,Diontae Johnson,JohnDi01,WR,PIT,"$495,000.00"
,Deandre Baker,BakeDe00,CB,NYG,"$495,000.00"
,Will Harris,HarrWi02,S,DET,"$495,000.00"
,Trace McSorley,McSoTr00,QB,BAL,"$495,000.00"
,Brad Lundblade,LundBr00,C,CAR,"$495,000.00"
,Jakobi Meyers,MeyeJa01,WR,NWE,"$495,000.00"
,Zach Triner,TrinZa00,LS,TAM,"$495,000.00"
,Cody Barton,BartCo00,LB,SEA,"$495,000.00"
,Drew Forbes,ForbDr00,OT,CLE,"$495,000.00"
,Christian Miller,MillCh04,EDGE,CAR,"$495,000.00"
,Chris Lacy,LacyCh00,WR,DET,"$495,000.00"
,Andrew Brown,BrowAn05,DE,CIN,"$495,000.00"
,Cyril Grayson,GrayCy01,WR,TAM,"$495,000.00"
,Shareef Miller,MillSh00,EDGE,PHI,"$495,000.00"
,Kerrith Whyte Jr,WhytKe00,RB,PIT,"$495,000.00"
,John Ursua,UrsuJo00,WR,SEA,"$495,000.00"
,Jordan Chunn,ChunJo00,RB,DAL,"$495,000.00"
,Bobby Okereke,OkerBo00,LB,IND,"$495,000.00"
,Emeke Egbule,EgbuEm00,LB,LAC,"$495,000.00"
,Dan Skipper,SkipDa00,OT,2TM,"$495,000.00"
,Beau Benzschawel,BenzBe01,G,DET,"$495,000.00"
,Ed Oliver,OlivEd00,DL,BUF,"$495,000.00"
,Duke Williams,WillDu01,WR,BUF,"$495,000.00"
,Tevin Jones,JoneTe02,WR,PIT,"$495,000.00"
,Joey Slye,SlyeJo00,K,CAR,"$495,000.00"
,Michael Jackson,JackMi01,CB,DET,"$495,000.00"
,Shakial Taylor,TaylSh00,CB,IND,"$495,000.00"
,Deebo Samuel,SamuDe00,WR,SFO,"$495,000.00"
,Saquan Hampton,HampSa00,S,NOR,"$495,000.00"
,Matthew Orzech,OrzeMa00,TE,JAX,"$495,000.00"
,Quinnen Williams,WillQu00,DL,NYJ,"$495,000.00"
,Ben Burr-Kirven,BurrBe00,LB,SEA,"$495,000.00"
,J.P. Holtz,HoltJ.01,TE,2TM,"$495,000.00"
,Michael Deiter,DeitMi00,OL,MIA,"$495,000.00"
,Nick Bosa,BosaNi00,EDGE,SFO,"$495,000.00"
,Jordan Scarlett,ScarJo00,RB,CAR,"$495,000.00"
,Joe Giles-Harris,GileJo01,LB,JAX,"$495,000.00"
,Ryan Nall,NallRy00,RB,CHI,"$495,000.00"
,Kris Boyd,BoydKr00,CB,MIN,"$495,000.00"
,Anthony Nelson,NelsAn01,DL,TAM,"$495,000.00"
,Jaylon Ferguson,FergJa02,DE,BAL,"$495,000.00"
,Jomal Wiltz,WiltJo01,DB,MIA,"$495,000.00"
,Brandon Dillon,DillBr00,TE,MIN,"$495,000.00"
,Juan Thornhill,ThorJu00,S,KAN,"$495,000.00"
,Nick Scott,ScotNi01,S,LAR,"$495,000.00"
,Trent Harris,HarrTr01,DL,MIA,"$495,000.00"
,Johnathan Abram,AbraJo01,S,OAK,"$495,000.00"
,Ryan Finley,FinlRy00,QB,CIN,"$495,000.00"
,Jester Weah,WeahJe01,WR,WAS,"$495,000.00"
,Cole Luke,LukeCo00,CB,CAR,"$495,000.00"
,D.K. Metcalf,MetcDK00,WR,SEA,"$495,000.00"
,Isaiah Mack,MackIs00,DT,TEN,"$495,000.00"
,Jace Sternberger,SterJa00,TE,GNB,"$495,000.00"
,Coleman Shelton,ShelCo00,C,LAR,"$495,000.00"
,Kentavius Street,StreKe00,DT,SFO,"$495,000.00"
,Eddy Pineiro,PineEd00,K,CHI,"$495,000.00"
,Jonathan Wynn,WynnJo00,DE,DET,"$495,000.00"
,Scott Miller,MillSc01,WR,TAM,"$495,000.00"
,Jeffery Simmons,SimmJe01,DL,TEN,"$495,000.00"
,Joey Ivie,IvieJo00,DT,2TM,"$495,000.00"
,Josh Allen,AlleJo03,EDGE,JAX,"$495,000.00"
,Will Grier,GrieWi00,QB,CAR,"$495,000.00"
,John Franklin,FranJo04,DB,TAM,"$495,000.00"
,Mike Edwards,EdwaMi01,S,TAM,"$495,000.00"
,Montez Sweat,SweaMo00,EDGE,WAS,"$495,000.00"
,Devin Singletary,SingDe00,RB,BUF,"$495,000.00"
,Allen Lazard,LazaAl00,WR,GNB,"$495,000.00"
,Brandin Bryant,BryaBr00,DL,CLE,"$495,000.00"
,Darius Slayton,SlayDa01,WR,NYG,"$495,000.00"
,Dontavius Russell,RussDo00,DL,JAX,"$495,000.00"
,Abdullah Anderson,AndeAb00,DT,CHI,"$495,000.00"
,Greg Gaines,GainGr00,DL,LAR,"$495,000.00"
,Jimmy Moreland,MoreJi00,CB,WAS,"$495,000.00"
,Kaden Elliss,ElliKa00,LB,NOR,"$495,000.00"
,Rashard Davis,DaviRa01,WR,TEN,"$495,000.00"
,Sean Murphy-Bunting,BuntSe00,CB,TAM,"$495,000.00"
,David Blough,BlouDa00,QB,DET,"$495,000.00"
,Krishawn Hogan,HogaKr00,WR,NOR,"$495,000.00"
,Amani Oruwariye,OruwAm00,CB,DET,"$495,000.00"
,Preston Williams,WillPr01,WR,MIA,"$495,000.00"
,Erik McCoy,McCoEr01,OL,NOR,"$495,000.00"
,Ryan Santoso,SantRy00,P,TEN,"$495,000.00"
,Natrez Patrick,PatrNa00,LB,LAR,"$495,000.00"
,Shaq Calhoun,CalhSh01,G,MIA,"$495,000.00"
,Andre Dillard,DillAn00,OL,PHI,"$495,000.00"
,D'Ernest Johnson,JohnDE04,RB,CLE,"$495,000.00"
,Garrett Bradbury,BradGa00,OL,MIN,"$495,000.00"
1912,Alex Redmond,RedmAl01,G,CIN,"$493,236.00"
1913,Holton Hill,HillHo00,CB,MIN,"$435,882.00"
1914,Tyrone Swoopes,SwooTy00,TE,SEA,"$378,000.00"
